marca;modelo;anio;km;ciudad;provincia;precio_usd;categoria
Chevrolet;Onix;2018;73000;Hurlingham;Buenos Aires (A.M.B.A.);6451.61;
Chevrolet;Cruze 5;2023;102000;Saavedra;Ciudad Autónoma Buenos Aires;16129.03;
Citroën;Berlingo Multispace;2017;84000;Flores;Ciudad Autónoma Buenos Aires;10903.23;
Renault;Kangoo;2014;84004;Flores;Ciudad Autónoma Buenos Aires;8322.58;
Volkswagen;Gol Trend;2020;20000;Flores;Ciudad Autónoma Buenos Aires;1290.32;
Volkswagen;Polo 5P;2024;25000;Flores;Ciudad Autónoma Buenos Aires;2258.06;
Renault;Kwid;2018;100000;Florencio Varela;Buenos Aires (A.M.B.A.);5335.48;
Volkswagen;Polo 5P;2024;22000;Flores;Ciudad Autónoma Buenos Aires;3225.81;
Peugeot;208;2023;26000;Caballito;Ciudad Autónoma Buenos Aires;10000.0;
FIAT;Grand Siena;2014;95000;Saavedra;Ciudad Autónoma Buenos Aires;7741.94;
Ford;EcoSport;2016;79000;Vicente Lopez;Buenos Aires (A.M.B.A.);11935.48;
Chevrolet;Agile;2013;135000;Escobar;Buenos Aires (A.M.B.A.);7741.94;
Toyota;Yaris Cross;2026;3000;Chacarita;Ciudad Autónoma Buenos Aires;30500.0;
Ford;Territory;2025;10000;Rosario;Santa Fe;31612.9;
Toyota;Corolla Cross Hybrid;2021;92000;Río Cuarto;Córdoba;13548.39;
Toyota;RAV4;2011;92000;Monserrat;Ciudad Autónoma Buenos Aires;13870.97;
FIAT;Toro;2017;95000;La Plata;Buenos Aires;13548.39;
Ford;EcoSport;2018;101000;Banfield;Buenos Aires (A.M.B.A.);11935.48;
Citroën;C4 Cactus;2021;47000;Río Cuarto;Córdoba;7741.94;
Toyota;Corolla;2013;116000;Flores;Ciudad Autónoma Buenos Aires;9677.42;
Ford;EcoSport;2014;95000;Quilmes;Buenos Aires (A.M.B.A.);6291.94;
Toyota;Hilux;2023;118000;Río Cuarto;Córdoba;18064.52;
Renault;Clio Mío;2015;147000;Rosario;Santa Fe;3870.97;
Peugeot;2008;2025;2000;Caballito;Ciudad Autónoma Buenos Aires;5161.29;
Citroën;Xsara Picasso;2005;200000;Rosario;Santa Fe;1935.48;
FIAT;Argo;2019;49500;Lanus;Buenos Aires (A.M.B.A.);10000.0;
Chevrolet;Onix;2024;20000;Flores;Ciudad Autónoma Buenos Aires;1935.48;
Ford;Focus Sedán;2014;240000;Flores;Ciudad Autónoma Buenos Aires;9000.0;
FIAT;Siena;2015;104000;Río Cuarto;Córdoba;4838.71;
Chery;Tiggo;2015;163200;Bahía Blanca;Buenos Aires;9500.0;
Volkswagen;Voyage;2015;150000;Florencio Varela;Buenos Aires (A.M.B.A.);5483.87;
Volkswagen;T-Cross;2024;22500;Flores;Ciudad Autónoma Buenos Aires;1935.48;
Ford;Ranger;2012;270000;Rosario;Santa Fe;5483.87;
Renault;Captur;2017;44000;Morteros;Córdoba;14193.55;
Peugeot;2008;2025;15000;Caballito;Ciudad Autónoma Buenos Aires;5806.45;
Toyota;SW4;2013;310000;Del Viso;Buenos Aires (A.M.B.A.);27000.0;
Toyota;Hilux;2018;80000;Mendoza;Mendoza;35000.0;
Peugeot;Partner;2026;10000;Caballito;Ciudad Autónoma Buenos Aires;6451.61;
Ford;Fiesta Kinetic;2017;132000;Velez Sarsfield;Ciudad Autónoma Buenos Aires;8935.48;
Chevrolet;Montana;2025;1399;Flores;Ciudad Autónoma Buenos Aires;1935.48;
Peugeot;308;2012;68000;La Plata;Buenos Aires;6451.61;
Volkswagen;Tera;2026;2000;Flores;Ciudad Autónoma Buenos Aires;1935.48;
Honda;Civic;2008;89000;Resistencia;Chaco;7741.94;
Volkswagen;Gol Trend;2015;74000;Floresta;Ciudad Autónoma Buenos Aires;9500.0;
Renault;Sandero Stepway;2012;140000;Río Cuarto;Córdoba;4516.13;
Renault;Clio Mío;2015;112000;Río Cuarto;Córdoba;5096.77;
Toyota;SW4;2019;91700;La Plata;Buenos Aires;33500.0;
Chevrolet;Tracker;2020;55000;Barracas;Ciudad Autónoma Buenos Aires;18387.1;
Volkswagen;T-Cross;2024;17500;Flores;Ciudad Autónoma Buenos Aires;3016.13;
Volkswagen;Polo 5P;2024;22500;Flores;Ciudad Autónoma Buenos Aires;1935.48;
Peugeot;208;2022;31000;Caballito;Ciudad Autónoma Buenos Aires;6451.61;
Toyota;Corolla;2019;142000;Córdoba;Córdoba;17419.35;
FIAT;Toro;2024;15000;Flores;Ciudad Autónoma Buenos Aires;1935.48;
Ford;Ranger;2021;68000;Salta;Salta;28258.06;
Volkswagen;Taos;2024;25000;Flores;Ciudad Autónoma Buenos Aires;4838.71;
Chevrolet;Onix;2019;67000;Flores;Ciudad Autónoma Buenos Aires;10903.23;
Volkswagen;Polo 5P;2024;22500;Flores;Ciudad Autónoma Buenos Aires;2580.64;
Chevrolet;Corsa;2009;102000;Ezpeleta;Buenos Aires (A.M.B.A.);5000.0;
Volkswagen;Polo 5P;2024;17500;Flores;Ciudad Autónoma Buenos Aires;2580.64;
Peugeot;3008 SUV;2024;15000;Villa Urquiza;Ciudad Autónoma Buenos Aires;36900.0;
Peugeot;208;2015;75000;Belgrano;Ciudad Autónoma Buenos Aires;10800.0;
DFSK;Glory 580;2025;15000;Bahía Blanca;Buenos Aires;20000.0;
FIAT;Idea;2017;84000;Flores;Ciudad Autónoma Buenos Aires;8709.68;
Ford;Ranger;2022;40000;Quilmes;Buenos Aires (A.M.B.A.);27000.0;
Peugeot;2008;2024;59000;La Plata;Buenos Aires;20516.13;
Renault;Sandero Stepway;2012;130000;La Emilia;Buenos Aires;7612.9;
Peugeot;308;2017;119000;Córdoba;Córdoba;8967.74;
Ford;Fiesta Kinetic;2019;59000;La Puntilla;Mendoza;12645.16;
Hyundai;i10;2014;110000;Resistencia;Chaco;7419.35;
Nissan;March;2016;110000;Villa Del Parque;Ciudad Autónoma Buenos Aires;8967.74;
Volkswagen;T-Cross;2024;19500;Flores;Ciudad Autónoma Buenos Aires;2258.06;
Honda;HR-V;2018;79200;Resistencia;Chaco;15483.87;
Renault;Duster;2016;160000;Quilmes Oeste;Buenos Aires (A.M.B.A.);13000.0;
Peugeot;308;2012;156000;Banfield;Buenos Aires (A.M.B.A.);8000.0;
Hyundai;Creta;2018;101000;General Fernández Oro;Río Negro;15483.87;
Volkswagen;Polo 5P;2024;20000;Flores;Ciudad Autónoma Buenos Aires;2322.58;
Volkswagen;Gol;2013;94000;Flores;Ciudad Autónoma Buenos Aires;5741.94;
Renault;Clio Mío;2015;105000;Maipu;Mendoza;6967.74;
Volkswagen;Voyage;2016;77000;Las Heras;Mendoza;8774.19;
BMW;X1;2016;113000;Villa Devoto;Ciudad Autónoma Buenos Aires;30900.0;
Renault;Kwid;2025;6794;El Palomar;Buenos Aires (A.M.B.A.);13161.29;
Volkswagen;Nivus;2024;17500;Flores;Ciudad Autónoma Buenos Aires;3225.81;
Ford;Focus;2018;125000;San Carlos de Bariloche;Río Negro;13096.77;
Renault;Sandero Stepway;2015;166000;Barracas;Ciudad Autónoma Buenos Aires;9677.42;
FIAT;Toro;2024;7000;Flores;Ciudad Autónoma Buenos Aires;4516.13;
Volkswagen;Taos;2024;17500;Flores;Ciudad Autónoma Buenos Aires;4516.13;
Volkswagen;Gol Trend;2020;66000;Flores;Ciudad Autónoma Buenos Aires;1935.48;
Renault;11;1993;500000;Rosario;Santa Fe;1612.9;
Chevrolet;Tracker;2025;4500;Puerto Madero;Ciudad Autónoma Buenos Aires;8387.1;
Renault;Kwid;2019;120000;Salsipuedes;Córdoba;8709.68;
Toyota;Hilux;1999;240000;Casalegno;Santa Fe;7741.94;
Toyota;RAV4;2014;178000;Boedo;Ciudad Autónoma Buenos Aires;16903.23;
Volkswagen;Amarok;2024;20000;Flores;Ciudad Autónoma Buenos Aires;5806.45;
Toyota;RAV4;2013;260000;Mendoza;Mendoza;16774.19;
Volkswagen;T-Cross;2024;20000;Flores;Ciudad Autónoma Buenos Aires;3225.81;
Nissan;Kicks;2020;131000;Córdoba;Córdoba;14838.71;
Citroën;C3;2023;14700;Quilmes;Buenos Aires (A.M.B.A.);14000.0;
Volkswagen;Amarok;2024;40000;Flores;Ciudad Autónoma Buenos Aires;3225.81;
Nissan;Frontier;2022;156000;Godoy Cruz;Mendoza;19354.84;
Citroën;C4 Cactus;2017;103000;Ingeniero Juan Allan;Buenos Aires (A.M.B.A.);10967.74;
Volkswagen;Amarok;2024;18000;Flores;Ciudad Autónoma Buenos Aires;5806.45;
Volkswagen;Amarok;2024;40000;Flores;Ciudad Autónoma Buenos Aires;4516.13;
Peugeot;Partner;2024;20000;Flores;Ciudad Autónoma Buenos Aires;3225.81;
Volkswagen;Amarok;2024;20000;Flores;Ciudad Autónoma Buenos Aires;3225.81;
Volkswagen;Amarok;2024;45000;Flores;Ciudad Autónoma Buenos Aires;3225.81;
Ford;EcoSport;2011;128650;José Marmol;Buenos Aires (A.M.B.A.);6774.19;
Citroën;C4 Cactus;2019;99000;Rosario;Santa Fe;11612.9;
Toyota;Yaris;2024;75000;Lanus;Buenos Aires (A.M.B.A.);11935.48;
Volkswagen;Taos;2024;25000;Flores;Ciudad Autónoma Buenos Aires;3225.81;
Ford;Ka;2011;84000;Avellaneda;Buenos Aires (A.M.B.A.);6451.61;
Volkswagen;T-Cross;2024;17000;Flores;Ciudad Autónoma Buenos Aires;4516.13;
Chevrolet;Corsa Classic;2007;130000;La Plata;Buenos Aires;4516.13;
Peugeot;Partner;2015;81000;Caballito;Ciudad Autónoma Buenos Aires;5806.45;
Volkswagen;Amarok;2024;65000;Flores;Ciudad Autónoma Buenos Aires;9677.42;
Volkswagen;Amarok;2024;16500;Flores;Ciudad Autónoma Buenos Aires;3225.81;
Volkswagen;Amarok;2024;12000;Flores;Ciudad Autónoma Buenos Aires;2580.64;
Chevrolet;Cruze;2012;138000;Córdoba;Córdoba;8967.74;
Volkswagen;Amarok;2024;15000;Flores;Ciudad Autónoma Buenos Aires;3225.81;
Peugeot;Partner;2024;18000;Flores;Ciudad Autónoma Buenos Aires;1935.48;
Volkswagen;Gol Trend;2024;20000;Flores;Ciudad Autónoma Buenos Aires;3225.81;
Volkswagen;Polo 5P;2024;16000;Flores;Ciudad Autónoma Buenos Aires;1935.48;
Volkswagen;Polo 5P;2024;25000;Flores;Ciudad Autónoma Buenos Aires;2258.06;
Mercedes;Clase C Sedán;2014;88800;Corrientes;Corrientes;15483.87;
Volkswagen;up!;2017;89000;Posadas;Misiones;8516.13;
Volkswagen;Amarok;2024;21500;Flores;Ciudad Autónoma Buenos Aires;7741.93;
FIAT;Toro;2018;129000;Ituzaingo;Buenos Aires (A.M.B.A.);13700.0;
Volkswagen;Taos;2024;25000;Flores;Ciudad Autónoma Buenos Aires;3548.39;
Peugeot;307;2005;175500;Caseros;Buenos Aires (A.M.B.A.);6500.0;
Volkswagen;Amarok;2024;30000;Flores;Ciudad Autónoma Buenos Aires;3870.97;
Volkswagen;Nivus;2024;17500;Flores;Ciudad Autónoma Buenos Aires;4193.55;
Volkswagen;T-Cross;2024;20000;Flores;Ciudad Autónoma Buenos Aires;5161.29;
Volkswagen;Taos;2024;30000;Flores;Ciudad Autónoma Buenos Aires;3225.81;
Chevrolet;Onix;2023;38000;Parana;Entre Ríos;15806.45;
FIAT;Toro;2024;25000;Flores;Ciudad Autónoma Buenos Aires;3225.81;
Ford;Taunus Coupé;1981;320000;Lujan de Cuyo;Mendoza;4193.55;
Volkswagen;Gol Trend;2022;42000;Flores;Ciudad Autónoma Buenos Aires;1612.9;
Toyota;Yaris;2025;38000;La Plata;Buenos Aires;19032.26;
Renault;Mégane;1999;168500;Mar del Plata;Buenos Aires;4193.55;
Toyota;Etios Hatchback;2022;81000;1a. Seccion;Mendoza;15161.29;
Toyota;Etios Hatchback;2016;157000;Córdoba;Córdoba;8500.0;
Volkswagen;Amarok;2020;237000;Chacabuco;Buenos Aires;16129.03;
Volkswagen;Saveiro;2024;20000;Flores;Ciudad Autónoma Buenos Aires;2258.06;
Honda;Civic;2018;120000;Quilmes;Buenos Aires (A.M.B.A.);2300.0;
Renault;Duster Oroch;2019;60000;Salta;Salta;17419.35;
Volkswagen;Polo 5P;2024;25000;Flores;Ciudad Autónoma Buenos Aires;4516.13;
Renault;Master;2011;338000;Ramos Mejia;Buenos Aires (A.M.B.A.);14709.68;
Volkswagen;Amarok;2024;25000;Flores;Ciudad Autónoma Buenos Aires;3225.81;
FIAT;Palio;2017;153000;Olivos;Buenos Aires (A.M.B.A.);6967.74;
Volkswagen;Beetle;2017;134000;Berazategui;Buenos Aires (A.M.B.A.);17000.0;
Volkswagen;Saveiro;2024;20000;Flores;Ciudad Autónoma Buenos Aires;1935.48;
Renault;Fluence;2012;300000;La Plata;Buenos Aires;7000.0;
Volkswagen;Amarok;2024;20000;Flores;Ciudad Autónoma Buenos Aires;7741.93;
KIA;K2700;2008;145000;La Plata;Buenos Aires;16000.0;
Volkswagen;Amarok;2024;23500;Flores;Ciudad Autónoma Buenos Aires;3225.81;
Renault;Duster;2022;45000;Puerto Madero;Ciudad Autónoma Buenos Aires;3225.81;
FIAT;Cronos;2023;25700;Paternal;Ciudad Autónoma Buenos Aires;14838.71;
Volkswagen;Polo 5P;2023;35000;Flores;Ciudad Autónoma Buenos Aires;3225.81;
Volkswagen;Amarok;2024;24999;Flores;Ciudad Autónoma Buenos Aires;4516.13;
Toyota;SW4;2024;38000;Córdoba;Córdoba;50322.58;
Volkswagen;Polo 5P;2024;24000;Flores;Ciudad Autónoma Buenos Aires;2580.64;
Volkswagen;Taos;2021;76400;Belgrano;Ciudad Autónoma Buenos Aires;22516.13;
Volkswagen;Amarok;2024;25000;Flores;Ciudad Autónoma Buenos Aires;6451.61;
Nissan;March;2019;78000;La Plata;Buenos Aires;10967.74;
Volkswagen;Amarok;2024;20999;Flores;Ciudad Autónoma Buenos Aires;2903.23;
Renault;Duster;2018;112000;Córdoba;Córdoba;12838.71;
Peugeot;208;2025;50000;La Plata;Buenos Aires;16774.19;
Volkswagen;Amarok;2024;20000;Flores;Ciudad Autónoma Buenos Aires;3548.39;
Renault;Fluence;2016;104000;Río Cuarto;Córdoba;5806.45;
Suzuki;Vitara;1992;245000;Córdoba;Córdoba;10200.0;
Citroën;C4;2013;117000;La Plata;Buenos Aires;8387.1;
FIAT;Fiorino;2014;170000;Ituzaingo;Buenos Aires (A.M.B.A.);6709.68;
Nissan;Frontier;2024;60000;Merlo;Buenos Aires (A.M.B.A.);23870.97;
Volkswagen;Amarok;2024;2024;Flores;Ciudad Autónoma Buenos Aires;3225.81;
BAIC;X35;2023;33000;La Plata;Buenos Aires;19354.84;
Volkswagen;Amarok;2024;80000;Flores;Ciudad Autónoma Buenos Aires;3870.97;
Chery;Tiggo;2013;110538;Ramos Mejia;Buenos Aires (A.M.B.A.);7741.94;
Peugeot;2008;2024;20000;Flores;Ciudad Autónoma Buenos Aires;3870.97;
Volkswagen;Amarok;2024;60000;Flores;Ciudad Autónoma Buenos Aires;4516.13;
Volkswagen;Amarok;2024;61000;Pilar;Buenos Aires (A.M.B.A.);26129.03;
Chevrolet;Cruze 5;2020;43000;City Bell;Buenos Aires (A.M.B.A.);14838.71;
Toyota;Corolla;2022;79500;Ezpeleta Oeste;Buenos Aires (A.M.B.A.);20000.0;
Volkswagen;Gol;2012;87000;Corrientes;Corrientes;6129.03;
Toyota;Corolla Cross Hybrid;2022;75000;Córdoba;Córdoba;28064.52;
Citroën;C4;2014;187000;Roldán;Santa Fe;6129.03;
Honda;Fit;2006;228000;Flores;Ciudad Autónoma Buenos Aires;4967.74;
Volkswagen;Amarok;2024;20000;Flores;Ciudad Autónoma Buenos Aires;4516.13;
Volkswagen;New Beetle;1998;144000;Pilar;Buenos Aires (A.M.B.A.);7645.16;
Volkswagen;Saveiro;2024;23500;Flores;Ciudad Autónoma Buenos Aires;3225.81;
Volkswagen;Suran;2009;187000;Rosario;Santa Fe;6064.52;
DS;3 Crossback;2023;48500;Balvanera;Ciudad Autónoma Buenos Aires;29800.0;
Nissan;Frontier;2023;73000;Córdoba;Córdoba;29677.42;
Toyota;RAV4;2010;175000;Ituzaingo;Buenos Aires (A.M.B.A.);12500.0;
Chevrolet;Prisma;2015;218000;El Jaguel;Buenos Aires (A.M.B.A.);7806.45;
Chevrolet;Montana;2011;175000;Ituzaingo;Buenos Aires (A.M.B.A.);6451.61;
Volkswagen;Bora;2013;187000;Rosario;Santa Fe;8709.68;
Ford;Focus Exe;2010;178000;Quilmes;Buenos Aires (A.M.B.A.);5935.48;
Volkswagen;Golf;2017;136000;Rosario;Santa Fe;10129.03;
Toyota;Yaris Sedán;2024;87200;Olivos;Buenos Aires (A.M.B.A.);16645.16;
Honda;ZR-V;2024;79000;La Plata;Buenos Aires;25000.0;
Citroën;C4;2014;187000;Roldán;Santa Fe;5935.48;
Toyota;Hilux GR Sport;2025;22500;La Plata;Buenos Aires;48387.1;
FIAT;Toro;2017;200400;Colegiales;Ciudad Autónoma Buenos Aires;7741.94;
Peugeot;208;2019;40000;Parque Patricios;Ciudad Autónoma Buenos Aires;15200.0;
Chevrolet;Onix;2018;73000;Lomas del Mirador;Buenos Aires (A.M.B.A.);10967.74;
Nissan;Sentra;2016;86000;Flores;Ciudad Autónoma Buenos Aires;10000.0;
Volkswagen;Gol Trend;2018;93000;Miramar;Buenos Aires;10322.58;
Ford;Ranger;2022;90000;Ituzaingo;Buenos Aires (A.M.B.A.);19300.0;
Nissan;Kicks;2020;109000;Belgrano;Ciudad Autónoma Buenos Aires;15000.0;
Volkswagen;Amarok;2024;17000;Flores;Ciudad Autónoma Buenos Aires;5161.29;
Volkswagen;Taos;2022;35600;Villa Urquiza;Ciudad Autónoma Buenos Aires;28387.1;
Peugeot;2008;2026;1;Colegiales;Ciudad Autónoma Buenos Aires;23548.39;
Citroën;C4 Lounge;2015;160000;San Miguel;Buenos Aires (A.M.B.A.);10500.0;
Toyota;Etios Hatchback;2016;109000;Caballito;Ciudad Autónoma Buenos Aires;14000.0;
Ford;Ka;2017;66500;Velez Sarsfield;Ciudad Autónoma Buenos Aires;10903.23;
Ford;Ka;2006;147000;San Fernando;Buenos Aires (A.M.B.A.);4193.55;
Volkswagen;Amarok;2016;241000;Funes;Santa Fe;20500.0;
FIAT;Palio Fire;2014;200000;Villa Allende;Córdoba;6774.19;
Peugeot;208;2023;21000;Abasto;Buenos Aires;7741.94;
Chevrolet;Trailblazer;2020;89000;Ituzaingo;Buenos Aires (A.M.B.A.);26000.0;
Renault;Stepway;2021;21500;Córdoba;Córdoba;14516.13;
Toyota;Corolla;2011;200000;Rosario;Santa Fe;8387.1;
Mercedes;Sprinter;2008;615000;Villa Adelina;Buenos Aires (A.M.B.A.);26000.0;
Chevrolet;Tracker;2015;94000;Yerba Buena - Marcos Paz;Tucumán;10000.0;
Toyota;Corolla;2024;33000;Saavedra;Ciudad Autónoma Buenos Aires;22000.0;
Peugeot;408;2016;92000;Rosario;Santa Fe;10322.58;
Chery;Tiggo 4 Hybrid;2026;1;Colegiales;Ciudad Autónoma Buenos Aires;29000.0;
FIAT;Linea;2010;193000;Ituzaingo;Buenos Aires (A.M.B.A.);5096.77;
Volkswagen;Polo 5P;2024;17500;Flores;Ciudad Autónoma Buenos Aires;1935.48;
Volkswagen;Amarok;2024;50000;Flores;Ciudad Autónoma Buenos Aires;2258.06;
Peugeot;307;2010;187000;Benavidez;Buenos Aires (A.M.B.A.);6451.61;
Chevrolet;Cruze;2018;125000;San Miguel de Tucumán;Tucumán;11612.9;
BMW;Serie 3 Sedán;2010;108000;Posadas;Misiones;12580.65;
Volkswagen;Suran;2015;190000;Necochea;Buenos Aires;8387.1;
Honda;Fit;2015;96000;Recoleta;Ciudad Autónoma Buenos Aires;11000.0;
Volkswagen;Suran;2017;69900;Villa Crespo;Ciudad Autónoma Buenos Aires;12451.61;
Ford;Ka;2010;108000;Hurlingham;Buenos Aires (A.M.B.A.);5290.32;
Toyota;Yaris;2025;21100;Palermo;Ciudad Autónoma Buenos Aires;18645.16;
FIAT;Cronos;2022;38730;General Rodrguez;Buenos Aires;11612.9;
Peugeot;208;2018;59000;Abasto;Buenos Aires;5161.29;
Ford;Focus;2018;72000;Saavedra;Ciudad Autónoma Buenos Aires;12258.06;
Citroën;C3 Picasso;2014;148000;San Miguel de Tucumán;Tucumán;7096.77;
Renault;Sandero;2013;81000;Haedo;Buenos Aires (A.M.B.A.);5161.29;
Citroën;C3 XTR;2007;256012;Lomas De Zamora;Buenos Aires (A.M.B.A.);4516.13;
Nissan;Kicks;2018;38900;Palermo;Ciudad Autónoma Buenos Aires;17500.0;
Volkswagen;Saveiro;2009;202000;Ituzaingo;Buenos Aires (A.M.B.A.);5700.0;
Ford;Ranger;2020;99000;Río Cuarto;Córdoba;16129.03;
Peugeot;208;2018;150000;Presidencia Roque Saenz Pena;Chaco;10000.0;
Ford;Ka +;2017;87000;Saavedra;Ciudad Autónoma Buenos Aires;9548.39;
Peugeot;2008;2020;97000;Quilmes Oeste;Buenos Aires (A.M.B.A.);14516.13;
Volkswagen;Taos;2024;25000;Flores;Ciudad Autónoma Buenos Aires;5161.29;
Volkswagen;Nivus;2024;14500;Flores;Ciudad Autónoma Buenos Aires;3225.81;
smart;Fortwo;2013;95000;Villa Adelina;Buenos Aires (A.M.B.A.);12800.0;
Volkswagen;Taos;2023;16500;Nuñez;Ciudad Autónoma Buenos Aires;27000.0;
DS;3;2017;70000;Caballito;Ciudad Autónoma Buenos Aires;11548.39;
Volkswagen;Suran;2015;137000;Caballito;Ciudad Autónoma Buenos Aires;11500.0;
Peugeot;208;2019;54000;Caballito;Ciudad Autónoma Buenos Aires;5548.39;
Renault;Logan;2022;148000;Villa Crespo;Ciudad Autónoma Buenos Aires;8000.0;
FIAT;Cronos;2021;38500;Sunchales;Santa Fe;13225.81;
Ford;Escort;1997;270000;Las Heras;Mendoza;2774.19;
Chery;Tiggo 3;2016;151400;La Plata;Buenos Aires;8967.74;
Volkswagen;Amarok;2015;158000;Pilar;Buenos Aires (A.M.B.A.);18500.0;
Peugeot;208;2019;59000;Caballito;Ciudad Autónoma Buenos Aires;4774.19;
Chevrolet;Agile;2013;58000;Saavedra;Ciudad Autónoma Buenos Aires;7735.48;
Hyundai;Creta;2022;22600;Villa Del Parque;Ciudad Autónoma Buenos Aires;21000.0;
Peugeot;Partner;2012;267000;Villa Pueyrredón;Ciudad Autónoma Buenos Aires;6451.61;
FIAT;Cronos;2025;14300;San Miguel;Buenos Aires (A.M.B.A.);18064.52;
BMW;Serie 3 Sedán;2017;51000;Caballito;Ciudad Autónoma Buenos Aires;31000.0;
FIAT;Grand Siena;2017;197000;Rosario;Santa Fe;8258.06;
Peugeot;206;2013;157000;Ituzaingo;Buenos Aires (A.M.B.A.);4903.23;
Honda;Civic;2012;150000;Rosario;Santa Fe;10645.16;
Volkswagen;Polo 5P;2024;25000;Flores;Ciudad Autónoma Buenos Aires;3870.97;
Toyota;Etios Sedán;2023;4000;Palermo;Ciudad Autónoma Buenos Aires;17419.35;
Mercedes;Sprinter;2016;180000;Ituzaingo;Buenos Aires (A.M.B.A.);23000.0;
Jeep;Grand Cherokee;2013;95000;Puerto Madero;Ciudad Autónoma Buenos Aires;21900.0;
Mercedes;Clase SLK;2020;32000;Barracas;Ciudad Autónoma Buenos Aires;76900.0;
Peugeot;2008;2017;110000;Resistencia;Chaco;9677.42;
Renault;Duster;2015;170000;La Plata;Buenos Aires;11290.32;
Ford;Focus;2007;280000;Quilmes;Buenos Aires (A.M.B.A.);4161.29;
Peugeot;306;1997;150000;Gobernador Benegas;Mendoza;3419.35;
FIAT;Cronos;2021;58500;Maipu;Mendoza;12903.23;
Nissan;X-Trail;2013;200000;Villa General Belgrano;Córdoba;14193.55;
Peugeot;208;2016;93000;Caballito;Ciudad Autónoma Buenos Aires;10645.16;
Toyota;Corolla;2015;102000;Corrientes;Corrientes;13870.97;
Ford;EcoSport;2018;47000;Villa Urquiza;Ciudad Autónoma Buenos Aires;14193.55;
Peugeot;3008 SUV;2023;62000;Río Cuarto;Córdoba;17419.35;
Volkswagen;Taos;2024;7000;Flores;Ciudad Autónoma Buenos Aires;3225.81;
Renault;Clio;2011;85000;Caballito;Ciudad Autónoma Buenos Aires;5483.87;
Renault;Fluence;2017;176000;Pilar;Buenos Aires (A.M.B.A.);7741.94;
Ford;Ranger;2023;132500;Florencio Varela;Buenos Aires (A.M.B.A.);3225.81;
Chevrolet;Tracker;2024;39000;Mataderos;Ciudad Autónoma Buenos Aires;20000.0;
Toyota;Corolla;2023;44000;San Miguel de Tucumán;Tucumán;20000.0;
Audi;A1 Sportback;2017;122000;Villa Urquiza;Ciudad Autónoma Buenos Aires;20500.0;
Citroën;Basalt;2026;1;Colegiales;Ciudad Autónoma Buenos Aires;17419.35;
Mercedes;Sprinter Combi;2010;150000;Ituzaingo;Buenos Aires (A.M.B.A.);20500.0;
Renault;Kangoo;2015;190000;Glew;Buenos Aires (A.M.B.A.);9032.26;
Toyota;SW4;2021;161000;Puerto Madero;Ciudad Autónoma Buenos Aires;36900.0;
Citroën;Berlingo Furgón;2015;217000;Eldorado;Misiones;8387.1;
FIAT;Cronos;2021;82000;La Plata;Buenos Aires;12903.23;
Renault;Kangoo Express;2010;200000;Caballito;Ciudad Autónoma Buenos Aires;7096.77;
Honda;CR-V;2021;84000;Barracas;Ciudad Autónoma Buenos Aires;35500.0;
Dodge;Journey;2011;120000;Quilmes;Buenos Aires (A.M.B.A.);12903.23;
Ford;Focus;2016;84000;Flores;Ciudad Autónoma Buenos Aires;10258.06;
Nissan;X-Trail;2024;39000;Córdoba;Córdoba;34193.55;
Volkswagen;Golf;2017;87000;Almagro;Ciudad Autónoma Buenos Aires;21000.0;
Peugeot;Partner;2016;160000;Córdoba;Córdoba;10000.0;
Dodge;Journey;2010;138000;Victoria;Entre Ríos;7741.94;
Nissan;March;2017;20291;La Plata;Buenos Aires;13000.0;
Peugeot;207 Compact;2009;82000;Pontevedra;Buenos Aires (A.M.B.A.);5800.0;
Suzuki;Fun;2006;215000;La Plata;Buenos Aires;3419.35;
Toyota;Hilux;2018;105000;Villa Allende;Córdoba;25677.42;
Renault;Duster;2013;146000;Córdoba;Córdoba;8903.23;
Chevrolet;S 10;2018;105000;Villa Lynch Pueyrredon;Buenos Aires;25741.94;
Volkswagen;Taos;2024;12000;Flores;Ciudad Autónoma Buenos Aires;3870.97;
Nissan;Frontier;2022;100000;Cañada de Gomez;Santa Fe;25741.94;
Renault;Logan;2018;309000;Puerto Madero;Ciudad Autónoma Buenos Aires;7741.94;
Zanella;Force Truck;2024;40000;Ituzaingo;Buenos Aires (A.M.B.A.);14500.0;
Honda;Civic;1992;183000;Flores;Ciudad Autónoma Buenos Aires;5990.0;
Toyota;Hilux;2025;13000;Ituzaingo;Buenos Aires (A.M.B.A.);25500.0;
Volkswagen;Amarok;2017;180000;Perico;Jujuy;16129.03;
FIAT;Siena;2015;106000;Vicente Lopez;Buenos Aires (A.M.B.A.);6774.19;
Chevrolet;Cruze;2021;88000;Posadas;Misiones;15161.29;
Mercedes;Clase A Sedán;2020;74000;Rosario;Santa Fe;29500.0;
Toyota;Corolla;2013;190000;Salta;Salta;10000.0;
Chevrolet;Prisma Joy;2020;66000;San Benito;Entre Ríos;10000.0;
Toyota;Hilux;2019;137000;Wilde;Buenos Aires (A.M.B.A.);25096.77;
Chevrolet;S 10;2021;91000;Ayacucho;Buenos Aires;19677.42;
Toyota;Corolla;2014;137294;Córdoba;Córdoba;12258.06;
FIAT;Cronos;2022;54000;Flores;Ciudad Autónoma Buenos Aires;12838.71;
Ford;Ka;2011;130000;Córdoba;Córdoba;4451.61;
Volvo;V70;1997;171000;Mataderos;Ciudad Autónoma Buenos Aires;2580.65;
Mercedes;Clase SLK;2013;57108;Salta;Salta;21290.32;
Nissan;NP 300 Frontier;2016;114000;San Carlos de Bariloche;Río Negro;20000.0;
Chevrolet;Classic;2012;130000;Luján;Buenos Aires;6258.06;
Citroën;C4 Cactus;2021;105000;San Eduardo;Santa Fe;13548.39;
Renault;Clio Mío;2013;120000;Rosario;Santa Fe;6774.19;
Peugeot;408;2019;155000;Funes;Santa Fe;8387.1;
Peugeot;208;2018;95000;Caballito;Ciudad Autónoma Buenos Aires;11612.9;
Renault;Logan;2019;102000;Córdoba;Córdoba;10322.58;
Chevrolet;S 10;2019;118000;Villa Lynch Pueyrredon;Buenos Aires;27032.26;
Honda;Fit;2008;180000;Belgrano;Ciudad Autónoma Buenos Aires;6800.0;
Peugeot;208;2025;28900;Pilar;Buenos Aires (A.M.B.A.);19500.0;
Volkswagen;Polo;2016;93000;Saavedra;Ciudad Autónoma Buenos Aires;11290.32;
FIAT;Toro;2018;122000;Pilar;Buenos Aires (A.M.B.A.);17900.0;
Peugeot;308;2018;150000;Pasco;Córdoba;11548.39;
Volkswagen;Fox;2012;115000;Lomas De Zamora;Buenos Aires (A.M.B.A.);7548.39;
Foton;Aumark TM1 Cabina Simple;2021;108000;Ituzaingo;Buenos Aires (A.M.B.A.);16000.0;
Chevrolet;Tracker;2024;31000;Caballito;Ciudad Autónoma Buenos Aires;20645.16;
Renault;Duster;2017;48500;Villa Gobernador Galvez;Santa Fe;13548.39;
Toyota;Corolla Cross;2021;29400;Caballito;Ciudad Autónoma Buenos Aires;23870.97;
Chevrolet;Agile;2011;72000;Recoleta;Ciudad Autónoma Buenos Aires;7806.45;
Nissan;Kicks;2019;150000;Quilmes;Buenos Aires (A.M.B.A.);15161.29;
Renault;Stepway;2020;146000;Rosario;Santa Fe;11935.48;
Volkswagen;Amarok;2022;61000;Formosa;Formosa;20322.58;
Renault;Kangoo;2016;133000;Guaymallén;Mendoza;10322.58;
Citroën;C4 Cactus;2019;86000;Río Cuarto;Córdoba;8064.52;
Nissan;Frontier;2020;152500;Mendiolaza;Córdoba;19677.42;
Volkswagen;Gol Trend;2011;150000;Balvanera;Ciudad Autónoma Buenos Aires;7500.0;
Ford;Territory;2022;85000;La Plata;Buenos Aires;23000.0;
Volkswagen;Taos;2024;15000;Flores;Ciudad Autónoma Buenos Aires;5161.29;
Volkswagen;up!;2019;93000;Pilar;Buenos Aires (A.M.B.A.);13800.0;
Peugeot;308;2021;37000;Flores;Ciudad Autónoma Buenos Aires;14838.71;
Toyota;Corolla Cross Hybrid;2024;59000;Córdoba;Córdoba;30967.74;
Chevrolet;Sonic;2016;124000;Villa Devoto;Ciudad Autónoma Buenos Aires;8064.52;
Peugeot;Partner Patagónica;2003;294000;Castelar;Buenos Aires (A.M.B.A.);3612.9;
Ford;EcoSport;2018;170000;Benavidez;Buenos Aires (A.M.B.A.);10580.65;
Ford;Fiesta Kinetic;2014;137600;Malvinas Argentinas;Buenos Aires (A.M.B.A.);9900.0;
Ford;Ka;2018;75000;Córdoba;Córdoba;10500.0;
Mercedes;Sprinter;2015;254000;Ituzaingo;Buenos Aires (A.M.B.A.);20000.0;
Peugeot;308;2013;143000;Córdoba;Córdoba;6774.19;
Citroën;C3 Aircross;2011;168450;Avellaneda;Buenos Aires (A.M.B.A.);8000.0;
Toyota;Corolla;2026;1000;Flores;Ciudad Autónoma Buenos Aires;32251.61;
FIAT;Punto;2012;103000;Córdoba;Córdoba;7677.42;
Volkswagen;Taos;2024;17000;Flores;Ciudad Autónoma Buenos Aires;4516.13;
Toyota;Corolla;2017;66200;Almagro;Ciudad Autónoma Buenos Aires;16000.0;
Ford;Kuga;2012;164000;Córdoba;Córdoba;8064.52;
Ford;Ka;2017;86000;Avellaneda;Buenos Aires (A.M.B.A.);10000.0;
Volkswagen;Amarok;2024;45000;Villaguay;Entre Ríos;31290.32;
FIAT;Siena;2013;373382;Córdoba;Córdoba;5677.42;
BAIC;BJ30;2026;1;Colegiales;Ciudad Autónoma Buenos Aires;34000.0;
Volkswagen;Gol Trend;2014;67700;Parana;Entre Ríos;8709.68;
Chery;Tiggo 7 Pro Hybrid;2026;1;Colegiales;Ciudad Autónoma Buenos Aires;29500.0;
Renault;Stepway;2023;121300;Córdoba;Córdoba;14193.55;
Chevrolet;Tracker;2023;74952;Córdoba;Córdoba;17419.35;
Volkswagen;up!;2015;139000;Parana;Entre Ríos;9354.84;
Volkswagen;Nivus;2024;25000;Flores;Ciudad Autónoma Buenos Aires;2258.06;
Volkswagen;Suran;2012;138000;Parque Chacabuco;Ciudad Autónoma Buenos Aires;6387.1;
Volkswagen;Golf;2015;144200;Parana;Entre Ríos;14193.55;
Peugeot;208;2014;93000;Las Heras;Mendoza;7419.35;
Peugeot;408;2018;67000;Villa Devoto;Ciudad Autónoma Buenos Aires;10064.52;
Honda;HR-V;2017;120000;Parana;Entre Ríos;16129.03;
Citroën;C3;2019;63303;Córdoba;Córdoba;12193.55;
Ford;Ka;2019;50000;San Francisco;Córdoba;11548.39;
Toyota;Corolla;2015;106000;La Plata;Buenos Aires;15500.0;
Toyota;Etios Hatchback;2016;157000;Córdoba;Córdoba;10000.0;
Renault;Fluence;2016;116000;Monserrat;Ciudad Autónoma Buenos Aires;8064.52;
Volkswagen;Gol;2009;177000;Tigre;Buenos Aires (A.M.B.A.);4838.71;
Volkswagen;Polo 5P;2024;7500;Tandil;Buenos Aires;21935.48;
Audi;A4;2013;131000;Posadas;Misiones;16129.03;
Peugeot;208;2020;29300;General Rodriguez;Buenos Aires (A.M.B.A.);14500.0;
Volkswagen;Taos;2024;21500;Flores;Ciudad Autónoma Buenos Aires;3225.81;
Chevrolet;Cruze;2022;54000;Guaymallén;Mendoza;18709.68;
Foton;Aumark TM1 Cabina Doble;2022;40000;Ituzaingo;Buenos Aires (A.M.B.A.);17000.0;
Volkswagen;up!;2018;87000;Parque Avellaneda;Ciudad Autónoma Buenos Aires;10300.0;
Toyota;Etios Sedán;2018;112000;Quilmes;Buenos Aires (A.M.B.A.);10967.74;
Toyota;Corolla;2025;7000;Palermo;Ciudad Autónoma Buenos Aires;29000.0;
Zanella;Force Truck;2024;40000;Ituzaingo;Buenos Aires (A.M.B.A.);13200.0;
FIAT;Strada;2024;20000;Flores;Ciudad Autónoma Buenos Aires;3225.81;
Peugeot;2008;2025;4000;Caballito;Ciudad Autónoma Buenos Aires;7741.94;
Mercedes;Sprinter Chasis;2014;160000;Ituzaingo;Buenos Aires (A.M.B.A.);22500.0;
Chevrolet;Tracker;2024;60000;Córdoba;Córdoba;18580.65;
Citroën;C4 Lounge;2020;74000;San Francisco;Córdoba;14193.55;
Toyota;Hilux;2013;273000;San Rafael;Mendoza;15483.87;
Suzuki;Swift;2009;158000;Garin;Buenos Aires (A.M.B.A.);7000.0;
Volkswagen;Taos;2024;13500;Flores;Ciudad Autónoma Buenos Aires;3225.81;
Toyota;Corolla;2025;15300;Córdoba;Córdoba;30000.0;
Peugeot;308;2017;71300;Dorrego;Mendoza;11806.45;
Renault;Logan;2018;110000;Mendoza;Mendoza;10322.58;
Toyota;Etios Hatchback;2018;18500;Córdoba;Córdoba;17500.0;
Toyota;Corolla;2022;43353;La Plata;Buenos Aires;26500.0;
Chevrolet;Sonic;2016;123000;La Pala;Buenos Aires;9354.84;
FIAT;Cronos;2024;32018;Córdoba;Córdoba;16129.03;
Dodge;Journey;2013;132000;Saavedra;Ciudad Autónoma Buenos Aires;11900.0;
Ford;Focus;2010;158577;Córdoba;Córdoba;5483.87;
FIAT;Fastback Abarth;2024;25000;Flores;Ciudad Autónoma Buenos Aires;5161.29;
Volkswagen;Vento;2016;35500;Flores;Ciudad Autónoma Buenos Aires;17500.0;
Jeep;Compass;2019;91500;La Plata;Buenos Aires;20000.0;
Peugeot;208;2019;73000;Caballito;Ciudad Autónoma Buenos Aires;4516.13;
Volkswagen;Gol Trend;2022;50000;Flores;Ciudad Autónoma Buenos Aires;1935.48;
Volkswagen;Suran;2014;125000;La Plata;Buenos Aires;8516.13;
Renault;Sandero;2020;96411;Córdoba;Córdoba;12580.65;
Suzuki;Fun;2008;155000;Lanus;Buenos Aires (A.M.B.A.);4193.55;
Volkswagen;Golf;2016;80000;Villa Lugano;Ciudad Autónoma Buenos Aires;17500.0;
FIAT;Palio Weekend;2014;245000;Casilda;Santa Fe;8387.1;
Citroën;C4;2009;177544;San Isidro;Buenos Aires (A.M.B.A.);5300.0;
Volkswagen;Polo 5P;2024;20000;Flores;Ciudad Autónoma Buenos Aires;2580.64;
Renault;Logan;2018;79700;San Vicente;Buenos Aires;9677.42;
BAIC;BJ30;2026;1;Colegiales;Ciudad Autónoma Buenos Aires;31000.0;
Toyota;Hilux;2022;62300;Temperley;Buenos Aires (A.M.B.A.);33500.0;
Ford;Transit Chasis;2014;120000;Ituzaingo;Buenos Aires (A.M.B.A.);19806.45;
Peugeot;207 Compact Sedán;2012;156300;Temperley;Buenos Aires (A.M.B.A.);6680.0;
Ford;Escort;1994;159800;San Martin;Buenos Aires (A.M.B.A.);2903.23;
Ford;EcoSport;2010;296000;Escobar;Buenos Aires (A.M.B.A.);5900.0;
RAM;1500;2024;45800;Guillermo Hudson;Buenos Aires (A.M.B.A.);59900.0;
Ford;Bronco Sport;2025;26300;Villa Santa Rita;Ciudad Autónoma Buenos Aires;34129.03;
Renault;Logan;2017;107000;Río Cuarto;Córdoba;5483.87;
Ford;Fiesta Kinetic;2016;42000;Recoleta;Ciudad Autónoma Buenos Aires;11500.0;
Volkswagen;Gol Trend;2020;90000;La Tablada;Buenos Aires (A.M.B.A.);11290.32;
Citroën;Berlingo Multispace;2000;278000;Ciudad De San Martin;Mendoza;4193.55;
Toyota;Etios Sedán;2015;138355;Vicente Lopez;Buenos Aires (A.M.B.A.);7419.35;
Chevrolet;Apache;1960;6000;San Martin;Buenos Aires (A.M.B.A.);14000.0;
Chevrolet;Agile;2015;152000;Villa Devoto;Ciudad Autónoma Buenos Aires;7677.42;
Volkswagen;Saveiro;2015;79000;San Justo;Buenos Aires (A.M.B.A.);10322.58;
Toyota;Corolla;2017;105000;Belgrano;Ciudad Autónoma Buenos Aires;16129.03;
Nissan;Versa;2018;135500;La Plata;Buenos Aires;11200.0;
FIAT;Pulse Abarth;2024;17000;Flores;Ciudad Autónoma Buenos Aires;3225.81;
Volkswagen;Polo 5P;2024;14500;Flores;Ciudad Autónoma Buenos Aires;3225.81;
Volkswagen;Polo 5P;2024;12000;Flores;Ciudad Autónoma Buenos Aires;3225.81;
Citroën;C3 Aircross;2017;95000;Wilde;Buenos Aires (A.M.B.A.);10903.23;
Ford;Fiesta;2013;114000;Isidro Casanova;Buenos Aires (A.M.B.A.);10500.0;
Ford;Fiesta;1997;235000;Esperanza;Santa Fe;3032.26;
Chevrolet;Corsa Classic;2008;191000;Flores;Ciudad Autónoma Buenos Aires;4516.13;
Renault;Alaskan;2022;78253;Córdoba;Córdoba;20645.16;
Chevrolet;Agile;2013;123559;Vicente Lopez;Buenos Aires (A.M.B.A.);7290.32;
Citroën;C3 Aircross;2015;121000;Las Heras;Mendoza;9032.26;
FIAT;Strada;2024;20000;Flores;Ciudad Autónoma Buenos Aires;3870.97;
Renault;Fluence;2011;92500;Santa Fe;Santa Fe;7677.42;
Citroën;Berlingo Furgón;2021;200000;Campana;Buenos Aires;11612.9;
Peugeot;206;2006;246000;Ramos Mejia;Buenos Aires (A.M.B.A.);4516.13;
FIAT;Siena;2011;185000;Isidro Casanova;Buenos Aires (A.M.B.A.);5806.45;
Volkswagen;Nivus;2024;19999;Flores;Ciudad Autónoma Buenos Aires;2580.64;
Ford;Ranger Raptor;2025;2550;Balvanera;Ciudad Autónoma Buenos Aires;69000.0;
Volkswagen;Gol Country;2008;195700;La Plata;Buenos Aires;4838.71;
Mercedes;Vito;2023;90000;Chacras de Coria;Mendoza;33500.0;
Volkswagen;Passat;2014;153000;Neuquén;Neuquén;9677.42;
Jeep;Compass;2017;98000;Moron;Buenos Aires (A.M.B.A.);18064.52;
Volkswagen;Nivus;2024;20000;Flores;Ciudad Autónoma Buenos Aires;1935.48;
Ford;Mondeo;2016;150000;Florencio Varela;Buenos Aires (A.M.B.A.);16774.19;
Chevrolet;Tracker;2017;122000;Necochea;Buenos Aires;14064.52;
Chevrolet;Tracker;2018;119500;Córdoba;Córdoba;14000.0;
Mitsubishi;L200;2015;260000;Lules;Tucumán;16129.03;
FIAT;Strada;2024;140000;Flores;Ciudad Autónoma Buenos Aires;3225.81;
Toyota;SW4;2025;16000;Necochea;Buenos Aires;59000.0;
Renault;Kangoo;2017;135000;Quilmes Oeste;Buenos Aires (A.M.B.A.);7741.94;
Peugeot;208;2024;15000;Flores;Ciudad Autónoma Buenos Aires;1935.48;
Mercedes;Clase GLB;2025;21000;Flores;Ciudad Autónoma Buenos Aires;56000.0;
FIAT;Palio Weekend;2006;101000;Wilde;Buenos Aires (A.M.B.A.);5806.45;
Volkswagen;Polo 5P;2019;66000;Salta;Salta;12258.06;
Chevrolet;Cruze;2022;170000;Villa Carlos Paz;Córdoba;13161.29;
Peugeot;208;2021;41000;Cabildo;Buenos Aires;4193.55;
Volkswagen;Polo 5P;2024;47200;San Isidro;Buenos Aires (A.M.B.A.);15500.0;
FIAT;Strada;2021;91000;Alta Gracia;Córdoba;16774.19;
FIAT;Fastback Abarth;2024;17500;Flores;Ciudad Autónoma Buenos Aires;2309.68;
FIAT;Fastback;2024;22500;Flores;Ciudad Autónoma Buenos Aires;4516.13;
Renault;Alaskan;2022;92500;El Challao;Mendoza;20193.55;
Toyota;Corolla;2015;368000;Lujan de Cuyo;Mendoza;10645.16;
Nissan;Note;2018;124000;La Pala;Buenos Aires;10645.16;
Jeep;Renegade;2019;59000;Yerba Buena - Marcos Paz;Tucumán;12903.23;
Peugeot;207 Compact;2010;110000;Wilde;Buenos Aires (A.M.B.A.);6064.52;
Volkswagen;Polo;2019;75500;Mendoza;Mendoza;12258.06;
Ford;EcoSport;2009;256000;Sierra Grande;Río Negro;5290.32;
Toyota;Hilux;2021;36700;Salta;Salta;34193.55;
Volkswagen;Vento;2018;30000;Puerto Madero;Ciudad Autónoma Buenos Aires;18000.0;
Citroën;C4 Cactus;2019;149000;Flores;Ciudad Autónoma Buenos Aires;12251.61;
Ford;Ka;2020;52300;San Miguel de Tucumán;Tucumán;11612.9;
Chevrolet;Agile;2012;90000;Flores;Ciudad Autónoma Buenos Aires;7419.35;
Chevrolet;Cruze;2016;138000;La Plata;Buenos Aires;11290.32;
Ford;Fiesta;2004;225000;Las Heras;Mendoza;3741.94;
Citroën;C3 Aircross;2017;80000;La Tablada;Buenos Aires (A.M.B.A.);11541.94;
Honda;HR-V;2018;96000;Puerto Madero;Ciudad Autónoma Buenos Aires;18645.16;
Peugeot;308;2016;135000;Colonia Avellaneda;Entre Ríos;8064.52;
FIAT;Pulse;2024;44857;San Luis;San Luis;21612.9;
Volkswagen;Amarok;2013;210000;Wilde;Buenos Aires (A.M.B.A.);17096.77;
Chevrolet;Cruze RS;2023;33000;Salta;Salta;20645.16;
Renault;Duster;2018;189000;Malagueño;Córdoba;12838.71;
Volkswagen;Amarok;2024;23000;Flores;Ciudad Autónoma Buenos Aires;2258.06;
Ford;Focus;2011;155000;Corrientes;Corrientes;6451.61;
FIAT;Argo;2018;89000;San Francisco;Córdoba;11548.39;
Toyota;Corolla;1998;250000;Belgrano;Ciudad Autónoma Buenos Aires;4838.71;
Nissan;Frontier;2021;40000;Villa Urquiza;Ciudad Autónoma Buenos Aires;24193.55;
Renault;Sandero;2017;75000;San Luis;San Luis;11290.32;
Volkswagen;up!;2016;86200;Lujan de Cuyo;Mendoza;9354.84;
Volkswagen;Amarok;2024;22500;Flores;Ciudad Autónoma Buenos Aires;4200.0;
KIA;Sportage;2013;163000;Belgrano;Ciudad Autónoma Buenos Aires;13500.0;
Volkswagen;Voyage;2016;150000;Mayor Drummond;Mendoza;9548.39;
Peugeot;207 Compact;2011;166000;El Talar;Buenos Aires (A.M.B.A.);4838.71;
MINI;Cooper;2004;95000;Barra Concepcion;Misiones;1290.32;
FIAT;Cronos;2022;70000;Córdoba;Córdoba;1258.06;
Chevrolet;Onix;2020;132000;Escobar;Buenos Aires (A.M.B.A.);11290.32;
Chevrolet;S 10;2018;266000;Salta;Salta;16129.03;
Peugeot;2008;2024;17000;Flores;Ciudad Autónoma Buenos Aires;3225.81;
Toyota;Etios Hatchback;2022;87000;Rosario;Santa Fe;13870.97;
FIAT;Strada;2024;14500;Flores;Ciudad Autónoma Buenos Aires;3225.81;
FIAT;500;2011;116000;Villa Urquiza;Ciudad Autónoma Buenos Aires;10800.0;
Citroën;C4 Cactus;2021;80500;Rosario;Santa Fe;12709.68;
Citroën;C4;2018;140121;Escobar;Buenos Aires (A.M.B.A.);10645.16;
Chevrolet;Spin;2019;100000;Corrientes;Corrientes;12387.1;
Volkswagen;Amarok;2015;175000;Benavidez;Buenos Aires (A.M.B.A.);17200.0;
Renault;Kangoo Express;2021;73000;Escobar;Buenos Aires (A.M.B.A.);13548.39;
Peugeot;208;2021;38000;Caballito;Ciudad Autónoma Buenos Aires;4645.16;
Peugeot;Expert;2026;1;Colegiales;Ciudad Autónoma Buenos Aires;31683.1;
Volkswagen;Amarok;2024;23500;Flores;Ciudad Autónoma Buenos Aires;3870.97;
Volkswagen;Nivus;2024;25000;Flores;Ciudad Autónoma Buenos Aires;2580.64;
Toyota;SW4;2009;360000;San Luis;San Luis;20500.0;
Ford;Focus;2014;160000;Junin;Mendoza;9032.26;
FIAT;Argo;2025;23000;La Tablada;Buenos Aires (A.M.B.A.);16058.06;
FIAT;Cronos;2019;138000;Córdoba;Córdoba;1064.52;
Chevrolet;Corsa Wagon;2007;230000;Villa Tulumaya;Mendoza;4000.0;
Peugeot;408;2013;89000;Ciudadela;Buenos Aires (A.M.B.A.);7225.81;
Ford;Focus;2017;83500;San Miguel de Tucumán;Tucumán;10645.16;
Citroën;C3;2013;108000;La Tablada;Buenos Aires (A.M.B.A.);9354.84;
Renault;Duster;2021;56000;Claypole;Buenos Aires (A.M.B.A.);17741.94;
Volkswagen;Fox;2010;163000;Puerto Tirol;Chaco;7096.77;
Volkswagen;Gol Trend;2022;75000;Flores;Ciudad Autónoma Buenos Aires;3225.81;
Volkswagen;Amarok;2024;15000;Flores;Ciudad Autónoma Buenos Aires;4516.13;
Toyota;RAV4;2019;138000;Caballito;Ciudad Autónoma Buenos Aires;27500.0;
Citroën;C4 Lounge;2017;195000;Tandil;Buenos Aires;9032.26;
Ford;Fiesta;2016;170000;20 de Junio;Buenos Aires (A.M.B.A.);8500.0;
Peugeot;3008 SUV;2026;1;Colegiales;Ciudad Autónoma Buenos Aires;40455.48;
FIAT;Fastback;2025;10800;Villa Luro;Ciudad Autónoma Buenos Aires;15806.45;
Honda;HR-V;2019;80000;Bahía Blanca;Buenos Aires;23000.0;
FIAT;Fastback;2024;20000;Flores;Ciudad Autónoma Buenos Aires;4516.13;
Peugeot;208;2023;15000;Villa Lugano;Ciudad Autónoma Buenos Aires;15483.87;
Peugeot;2008;2024;15000;Flores;Ciudad Autónoma Buenos Aires;3870.97;
Citroën;C3 Picasso;2012;58000;Parque Patricios;Ciudad Autónoma Buenos Aires;8387.1;
Chevrolet;Agile;2015;145000;Alderetes;Tucumán;6774.19;
Chevrolet;Prisma;2018;58400;Capilla del Monte;Córdoba;8387.1;
Chevrolet;Agile;2013;155000;Río Cuarto;Córdoba;4516.13;
Peugeot;207 Compact Sedán;2011;88000;La Paternal;Ciudad Autónoma Buenos Aires;7096.77;
Nissan;Versa;2017;44000;Colonia Avellaneda;Entre Ríos;10645.16;
Peugeot;Partner;2024;20000;Flores;Ciudad Autónoma Buenos Aires;3870.97;
Toyota;Etios Sedán;2023;32000;Luzuriaga;Mendoza;15806.45;
Ford;Focus;2016;34500;El Challao;Mendoza;15800.0;
Volkswagen;Taos;2024;20000;Flores;Ciudad Autónoma Buenos Aires;4838.71;
Chevrolet;Tracker;2016;97500;Villa Devoto;Ciudad Autónoma Buenos Aires;11548.39;
Dodge;Journey;2010;150000;Córdoba;Córdoba;9677.42;
Citroën;C3;2025;14400;Liniers;Ciudad Autónoma Buenos Aires;6500.0;
Volkswagen;up!;2015;140000;Berazategui;Buenos Aires (A.M.B.A.);9806.45;
FIAT;Siena;2016;91100;Córdoba;Córdoba;8322.58;
Volkswagen;Polo 5P;2024;25600;Flores;Ciudad Autónoma Buenos Aires;1935.48;
Ford;Ka Freestyle;2020;35000;Haedo;Buenos Aires (A.M.B.A.);14000.0;
Renault;Sandero Stepway;2015;93500;San Francisco;Córdoba;10419.36;
Volkswagen;Gol;2009;54000;San Martin;Buenos Aires (A.M.B.A.);3800.0;
Volkswagen;Gol;2010;140000;Constitución;Ciudad Autónoma Buenos Aires;5354.84;
Volkswagen;Nivus;2024;20000;Flores;Ciudad Autónoma Buenos Aires;3225.81;
Chevrolet;Classic;2010;104000;Caballito;Ciudad Autónoma Buenos Aires;6129.03;
Toyota;Etios Sedán;2019;84691;Escobar;Buenos Aires (A.M.B.A.);12580.65;
Ford;Maverick;2025;10600;Villa Lugano;Ciudad Autónoma Buenos Aires;29677.42;
Chevrolet;Equinox;2024;42500;Villa Constitución;Santa Fe;25806.45;
Honda;Civic;1999;300000;Rodeo De La Cruz;Mendoza;4193.55;
Citroën;C4 Lounge;2018;129000;Rosario;Santa Fe;9935.48;
Peugeot;208;2024;22500;Flores;Ciudad Autónoma Buenos Aires;2580.64;
Foton;Aumark TM1 Cabina Simple;2025;4400;Córdoba;Córdoba;20645.16;
MINI;Cooper Countryman;2013;49000;Mataderos;Ciudad Autónoma Buenos Aires;19500.0;
Peugeot;2008;2024;18000;Flores;Ciudad Autónoma Buenos Aires;5161.29;
Volkswagen;up!;2015;78000;Tigre;Buenos Aires (A.M.B.A.);9500.0;
Peugeot;208;2024;17000;Flores;Ciudad Autónoma Buenos Aires;1935.48;
Renault;Duster;2018;150000;Florencio Varela;Buenos Aires (A.M.B.A.);13935.48;
Toyota;Etios Sedán;2023;67100;Parana;Entre Ríos;16774.19;
FIAT;Cronos;2023;33500;Nuñez;Ciudad Autónoma Buenos Aires;15483.87;
Citroën;C3;2014;153000;Lanus;Buenos Aires (A.M.B.A.);8709.68;
Chevrolet;Captiva;2013;166600;Santa Fe;Santa Fe;10967.74;
Peugeot;208;2022;97000;La Plata;Buenos Aires;14838.71;
Mercedes;Viano;2015;240000;Belgrano;Ciudad Autónoma Buenos Aires;28000.0;
FIAT;147;1993;300000;General Rodriguez;Buenos Aires;2258.06;
Volkswagen;Polo 5P;2023;17500;Flores;Ciudad Autónoma Buenos Aires;3225.81;
Chevrolet;Classic Wagon;2005;250000;Godoy Cruz;Mendoza;5483.87;
Ford;EcoSport;2022;27000;La Plata;Buenos Aires;16774.19;
Peugeot;308;2019;60000;Boca;Ciudad Autónoma Buenos Aires;11935.48;
Ford;EcoSport;2014;98000;Florencio Varela;Buenos Aires (A.M.B.A.);10645.16;
BMW;X4;2019;82000;Villa Mercedes;San Luis;39500.0;
Volkswagen;Polo 5P;2023;45000;Flores;Ciudad Autónoma Buenos Aires;4516.13;
Peugeot;208;2024;17500;Flores;Ciudad Autónoma Buenos Aires;2903.23;
Volkswagen;Amarok;2024;25000;Flores;Ciudad Autónoma Buenos Aires;4838.71;
Peugeot;308;2022;64300;Concordia;Entre Ríos;16129.03;
FIAT;Fiorino;2024;20000;Flores;Ciudad Autónoma Buenos Aires;3225.81;
Peugeot;208;2021;64000;Caballito;Ciudad Autónoma Buenos Aires;6903.23;
Ford;Ranger;2015;129000;Bahía Blanca;Buenos Aires;18709.68;
Peugeot;208;2024;32000;Río Cuarto;Córdoba;7096.77;
Volkswagen;Amarok;2024;17500;Flores;Ciudad Autónoma Buenos Aires;9677.42;
Audi;A3 Sportback;2020;157000;San Fernando;Buenos Aires (A.M.B.A.);22000.0;
FIAT;Toro;2023;94000;Cañuelas;Buenos Aires;23000.0;
Volkswagen;Nivus;2021;121200;Parana;Entre Ríos;19354.84;
Peugeot;3008 SUV;2020;38750;General Rodriguez;Buenos Aires (A.M.B.A.);33500.0;
FIAT;Fastback Abarth;2024;20000;Flores;Ciudad Autónoma Buenos Aires;1935.48;
Toyota;Prius;2018;111000;Palermo;Ciudad Autónoma Buenos Aires;16800.0;
Volkswagen;Golf;2016;80000;Lujan de Cuyo;Mendoza;14500.0;
Renault;Sandero;2018;82000;Las Heras;Mendoza;10500.0;
Citroën;Xsara Picasso;2005;200000;Rosario;Santa Fe;4129.03;
Chery;QQ;2011;113500;Santa Fe;Santa Fe;5096.77;
Renault;Logan;2017;184000;Córdoba;Córdoba;8709.68;
Volkswagen;Taos;2024;15000;Flores;Ciudad Autónoma Buenos Aires;3870.97;
Peugeot;208;2024;21000;Flores;Ciudad Autónoma Buenos Aires;2193.55;
Audi;Q7;2017;140000;Villa Urquiza;Ciudad Autónoma Buenos Aires;44500.0;
Nissan;Versa;2021;120000;Anguinán;La Rioja;14838.71;
Renault;Stepway;2024;24000;Lanus;Buenos Aires (A.M.B.A.);15806.45;
Volkswagen;Polo 5P;2024;11500;Flores;Ciudad Autónoma Buenos Aires;1290.32;
Ford;Ka;2012;185000;Villa Allende;Córdoba;4193.55;
Nissan;Versa;2019;145300;Córdoba;Córdoba;10451.61;
Toyota;Corolla Cross Hybrid;2022;43000;Almagro;Ciudad Autónoma Buenos Aires;26900.0;
Peugeot;208;2016;114000;Palermo;Ciudad Autónoma Buenos Aires;11900.0;
Peugeot;208;2024;15000;Flores;Ciudad Autónoma Buenos Aires;3870.97;
Peugeot;208;2019;62000;Caballito;Ciudad Autónoma Buenos Aires;4838.71;
Renault;Kangoo;2024;30000;Rosario;Santa Fe;20500.0;
Peugeot;308;2019;55000;Barracas;Ciudad Autónoma Buenos Aires;16129.03;
Nissan;Kicks;2021;71500;Parana;Entre Ríos;21290.32;
Ford;Ranger;2012;270000;Rosario;Santa Fe;11290.32;
Renault;Duster;2013;190000;Almagro;Ciudad Autónoma Buenos Aires;7741.94;
Renault;Clio Mío;2015;88000;Lanus;Buenos Aires (A.M.B.A.);8709.68;
Volkswagen;Polo 5P;2024;13500;Flores;Ciudad Autónoma Buenos Aires;1935.48;
Jeep;Renegade;2022;33400;Parana;Entre Ríos;17741.94;
Peugeot;307;2006;109000;Caballito;Ciudad Autónoma Buenos Aires;6300.0;
FIAT;Grand Siena;2014;146500;Córdoba;Córdoba;7677.42;
Renault;Sandero Stepway;2009;144000;San Martin;Buenos Aires (A.M.B.A.);6900.0;
Ford;Ka;2016;71000;Córdoba;Córdoba;8064.52;
Peugeot;308;2021;76000;Villa Maria;Córdoba;14193.55;
Ford;Ranger;2024;40000;Posadas;Misiones;33541.94;
Volkswagen;Polo 5P;2024;17500;Flores;Ciudad Autónoma Buenos Aires;1741.94;
Volkswagen;Amarok;2024;33000;Flores;Ciudad Autónoma Buenos Aires;4516.13;
Peugeot;207;2010;54000;Vicente Lopez;Buenos Aires (A.M.B.A.);6000.0;
Volkswagen;Gol Trend;2013;138000;Córdoba;Córdoba;7677.42;
Volkswagen;Polo 5P;2024;14000;Flores;Ciudad Autónoma Buenos Aires;2258.06;
Volkswagen;Amarok;2016;258000;La Plata;Buenos Aires;13870.97;
Renault;Clio Mío;2015;147000;Rosario;Santa Fe;7612.9;
Peugeot;208;2023;22000;Caballito;Ciudad Autónoma Buenos Aires;4838.71;
Nissan;Note;2017;94890;Escobar;Buenos Aires (A.M.B.A.);13500.0;
FIAT;Fastback;2024;22000;Flores;Ciudad Autónoma Buenos Aires;3225.81;
Volkswagen;Gol Trend;2016;108000;Salta;Salta;9677.42;
FIAT;Toro;2016;167000;Córdoba;Córdoba;11548.39;
KIA;Rio;2021;92614;Escobar;Buenos Aires (A.M.B.A.);18000.0;
Toyota;Corolla;2021;125000;Villa Urquiza;Ciudad Autónoma Buenos Aires;23500.0;
Toyota;SW4;2018;165000;Corrientes;Corrientes;30258.06;
Chevrolet;Aveo;2011;180000;Ayacucho;Buenos Aires;6129.03;
Volkswagen;Amarok;2024;20000;Flores;Ciudad Autónoma Buenos Aires;6451.61;
FIAT;Palio Fire;2016;58000;Neuquén;Neuquén;7419.35;
Audi;A5 Sportback;2013;203700;Concordia;Entre Ríos;18700.0;
Ford;Focus;2016;170000;Córdoba;Córdoba;9870.97;
Ford;F-100;1984;100000;Comandante Otamendi;Buenos Aires;5483.87;
Peugeot;308 CC;2017;154357;Córdoba;Córdoba;9677.42;
Ford;Ka;2019;120529;Escobar;Buenos Aires (A.M.B.A.);12258.06;
Volkswagen;Gol Trend;2017;145000;San Luis;San Luis;9354.84;
Chevrolet;Onix;2018;64000;Villa Carlos Paz;Córdoba;11290.32;
Citroën;C4 Lounge;2016;110000;San Martin;Buenos Aires (A.M.B.A.);9548.39;
Ford;Kuga;2013;138000;La Plata;Buenos Aires;12800.0;
FIAT;Fastback Abarth;2024;15000;Flores;Ciudad Autónoma Buenos Aires;3225.81;
Peugeot;2008;2021;38000;Caballito;Ciudad Autónoma Buenos Aires;8064.52;
Citroën;C4;2013;177000;Vicente Lopez;Buenos Aires (A.M.B.A.);6000.0;
Nissan;Sentra;2019;59000;Córdoba;Córdoba;16500.0;
Ford;Territory;2023;57900;La Plata;Buenos Aires;25161.29;
Peugeot;208;2021;38000;Caballito;Ciudad Autónoma Buenos Aires;7096.77;
Ford;Focus Exe;2012;181000;San Antonio De Padua;Buenos Aires (A.M.B.A.);7741.94;
Jeep;Compass;2023;40000;Escobar;Buenos Aires (A.M.B.A.);26451.61;
Peugeot;206;2003;180000;Parque Chacabuco;Ciudad Autónoma Buenos Aires;5000.0;
Renault;Logan;2023;80000;Mendoza;Mendoza;12483.87;
Ford;Ka;2012;240000;Escobar;Buenos Aires (A.M.B.A.);6774.19;
Peugeot;208;2019;58700;Caballito;Ciudad Autónoma Buenos Aires;3870.97;
FIAT;Cronos;2021;35000;Caballito;Ciudad Autónoma Buenos Aires;5290.32;
Audi;TT Coupé;2010;131000;Flores;Ciudad Autónoma Buenos Aires;22900.0;
Volkswagen;Amarok;2024;40000;Flores;Ciudad Autónoma Buenos Aires;8064.52;
Ford;Focus Sedán;2016;78000;Gálvez;Santa Fe;12258.06;
Peugeot;208;2024;20000;Flores;Ciudad Autónoma Buenos Aires;1935.48;
FIAT;Strada;2024;50000;Flores;Ciudad Autónoma Buenos Aires;3225.81;
FIAT;Fiorino;2024;40000;Flores;Ciudad Autónoma Buenos Aires;1935.48;
Ford;Ka;2017;74850;San Martin;Buenos Aires (A.M.B.A.);9612.9;
Volkswagen;Virtus;2018;107000;Escobar;Buenos Aires (A.M.B.A.);13548.39;
Volkswagen;Amarok;2024;18000;Flores;Ciudad Autónoma Buenos Aires;4516.13;
Ford;Ka;2018;112000;Córdoba;Córdoba;8709.68;
Renault;Kangoo;2005;290000;San Justo;Buenos Aires (A.M.B.A.);3548.39;
Ford;EcoSport;2020;110000;Córdoba;Córdoba;12258.06;
Jeep;Renegade;2018;116000;Necochea;Buenos Aires;14709.68;
Citroën;C3;2016;144203;Escobar;Buenos Aires (A.M.B.A.);11290.32;
Volkswagen;Polo 5P;2023;30000;Flores;Ciudad Autónoma Buenos Aires;4516.13;
Volkswagen;Polo 5P;2024;17500;Flores;Ciudad Autónoma Buenos Aires;3225.81;
FIAT;Toro;2016;214000;Vicente Lopez;Buenos Aires (A.M.B.A.);12580.65;
Volkswagen;Voyage;2013;118200;Tandil;Buenos Aires;8258.06;
Ford;Ranger;2014;199000;Río Cuarto;Córdoba;9677.42;
Chevrolet;Agile;2017;52000;Flores;Ciudad Autónoma Buenos Aires;8322.58;
Peugeot;208;2022;38000;Caballito;Ciudad Autónoma Buenos Aires;5483.87;
Citroën;Jumper;2018;289000;Escobar;Buenos Aires (A.M.B.A.);27419.35;
Audi;A5 Coupé;2012;63000;Yerba Buena - Marcos Paz;Tucumán;19290.32;
Chevrolet;Spin;2017;159500;La Plata;Buenos Aires;9677.42;
FIAT;Idea;2013;138000;Córdoba;Córdoba;5741.94;
Ford;Kuga;2017;90000;Córdoba;Córdoba;17354.84;
Peugeot;308 CC;2016;125000;La Plata;Buenos Aires;12000.0;
FIAT;Uno;2013;199000;Córdoba;Córdoba;6129.03;
Ford;Fiesta Kinetic;2017;129200;Monserrat;Ciudad Autónoma Buenos Aires;9032.26;
Renault;Laguna;1997;360000;San Martin;Buenos Aires (A.M.B.A.);2580.65;
Ford;Ka;2017;30000;Neuquén;Neuquén;10000.0;
Renault;Logan;2023;91000;Mendoza;Mendoza;11354.84;
Hyundai;Tucson;2007;202000;Córdoba;Córdoba;7032.26;
Citroën;C3;2014;137000;Tandil;Buenos Aires;7741.94;
Ford;EcoSport;2014;126600;Cosquín;Córdoba;9806.45;
Volkswagen;Polo 5P;2024;20000;Flores;Ciudad Autónoma Buenos Aires;3225.81;
Chevrolet;Corsa;2003;230000;Arroyo Seco;Santa Fe;2580.65;
Peugeot;Partner Patagónica;2012;143000;Las Heras;Mendoza;9225.81;
Peugeot;408;2012;117000;Caballito;Ciudad Autónoma Buenos Aires;7096.77;
Volkswagen;Polo 5P;2024;19200;Flores;Ciudad Autónoma Buenos Aires;1483.87;
Ford;Ka;2010;175000;Córdoba;Córdoba;4516.13;
Chevrolet;S 10;2020;86000;Córdoba;Córdoba;29677.42;
Peugeot;208;2026;1;Colegiales;Ciudad Autónoma Buenos Aires;22322.58;
Peugeot;208;2023;28000;Caballito;Ciudad Autónoma Buenos Aires;18064.52;
Chevrolet;Captiva;2015;166000;Recoleta;Ciudad Autónoma Buenos Aires;8500.0;
Volkswagen;Polo 5P;2026;1;Posadas;Misiones;19258.06;
Ford;Focus Sedán;2016;176500;Rosario;Santa Fe;11741.94;
Toyota;Corolla Cross;2022;79000;Córdoba;Córdoba;27096.77;
Ford;EcoSport;2008;158700;Avellaneda;Buenos Aires (A.M.B.A.);7096.77;
Toyota;Prius;2018;166000;Yerba Buena - Marcos Paz;Tucumán;14838.71;
Volkswagen;Polo 5P;2024;15500;Flores;Ciudad Autónoma Buenos Aires;3225.81;
Lifan;X70;2019;82000;Campana;Buenos Aires;19500.0;
FIAT;Uno;2013;102000;Bahía Blanca;Buenos Aires;7677.42;
JAC;S3;2019;87000;Almagro;Ciudad Autónoma Buenos Aires;11000.0;
Chevrolet;Onix Plus;2025;21000;Loma Hermosa;Buenos Aires (A.M.B.A.);17741.94;
Nissan;Frontier;2023;47300;Parana;Entre Ríos;29354.84;
Toyota;Yaris Sedán;2020;32000;Santa Fe;Santa Fe;16451.61;
FIAT;Palio;2010;182000;Córdoba;Córdoba;5741.94;
Citroën;C3;2017;119000;Córdoba;Córdoba;8322.58;
Nissan;Kicks;2019;77000;Castelar;Buenos Aires (A.M.B.A.);14516.13;
Toyota;Etios Hatchback;2022;50500;San Lorenzo;Santa Fe;16774.19;
FIAT;500;2014;109000;Rosario;Santa Fe;9354.84;
FIAT;Bravo;2013;135000;Córdoba;Córdoba;7032.26;
Peugeot;208;2024;17000;Flores;Ciudad Autónoma Buenos Aires;25806.45;
Chevrolet;Cruze;2018;108000;Tunuyan;Mendoza;13225.81;
Peugeot;208;2024;13500;Flores;Ciudad Autónoma Buenos Aires;3225.81;
Dodge;Journey;2012;159000;Córdoba;Córdoba;10903.23;
Volkswagen;Nivus;2021;79677;San Luis;San Luis;20000.0;
Ford;EcoSport;2014;180000;San Fernando;Buenos Aires (A.M.B.A.);9032.26;
Volkswagen;Amarok;2024;18500;Flores;Ciudad Autónoma Buenos Aires;3225.81;
Citroën;C3;2010;143000;Vicente Lopez;Buenos Aires (A.M.B.A.);4967.74;
Chevrolet;Tracker;2018;140000;San Telmo;Ciudad Autónoma Buenos Aires;14193.55;
Chevrolet;Astra;2008;212242;Casilda;Santa Fe;5806.45;
Nissan;Versa;2024;10000;Parana;Entre Ríos;18064.52;
Ford;EcoSport;2016;90000;La Tablada;Buenos Aires (A.M.B.A.);11541.94;
Renault;Fluence;2017;121000;Bahía Blanca;Buenos Aires;11290.32;
Peugeot;208;2015;155000;Plottier;Neuquén;8709.68;
Peugeot;208;2024;200000;Flores;Ciudad Autónoma Buenos Aires;4516.13;
FIAT;Fiorino;2017;120000;La Plata;Buenos Aires;9677.42;
Nissan;Note;2017;75400;Castelar;Buenos Aires (A.M.B.A.);11290.32;
FIAT;Palio;2013;173000;Córdoba;Córdoba;7419.35;
FIAT;Cronos;2022;72360;San Francisco;Córdoba;13870.97;
Renault;Duster Oroch;2021;99800;Tandil;Buenos Aires;15806.45;
FIAT;Fiorino;2024;17500;Flores;Ciudad Autónoma Buenos Aires;2258.06;
Peugeot;208;2017;49000;Córdoba;Córdoba;8967.74;
Volkswagen;Taos;2023;65000;Pilar;Buenos Aires (A.M.B.A.);27900.0;
Citroën;C4;2017;95000;Córdoba;Córdoba;9548.39;
FIAT;Palio Weekend;2015;200000;Lomas De Zamora;Buenos Aires (A.M.B.A.);8387.1;
Ford;Focus;2015;142662;General Acha;La Pampa;12903.23;
Volkswagen;Polo 5P;2024;19000;Flores;Ciudad Autónoma Buenos Aires;1935.48;
Peugeot;308;2013;108000;Córdoba;Córdoba;10322.58;
FIAT;Fastback;2024;17000;Flores;Ciudad Autónoma Buenos Aires;2258.06;
Peugeot;2008;2016;158000;General Rodrguez;Buenos Aires;8387.1;
Volkswagen;Fox;2007;234000;Córdoba;Córdoba;5483.87;
Renault;Duster;2019;62400;Tandil;Buenos Aires;13870.97;
BMW;X1;2017;144000;Vicente Lopez;Buenos Aires (A.M.B.A.);23500.0;
Ford;Focus Exe;2011;162000;Dolores;Buenos Aires;7096.77;
FIAT;Punto;2014;135000;Córdoba;Córdoba;8322.58;
Ford;Falcon;1980;50000;Ferré;Buenos Aires;13000.0;
Volkswagen;Taos;2024;20000;Flores;Ciudad Autónoma Buenos Aires;3225.81;
Toyota;Corolla;2024;44000;La Plata;Buenos Aires;28500.0;
Renault;Logan;2017;88000;Flores;Ciudad Autónoma Buenos Aires;8967.74;
Ford;Ranger;2021;88000;Yerba Buena - Marcos Paz;Tucumán;20580.65;
Volkswagen;Amarok;2020;229000;Palermo;Ciudad Autónoma Buenos Aires;16064.52;
Volkswagen;Nivus;2024;21899;Flores;Ciudad Autónoma Buenos Aires;3870.97;
FIAT;Siena Fire;2006;103000;Villa Crespo;Ciudad Autónoma Buenos Aires;4900.0;
Peugeot;206;2012;85000;San Francisco Del Monte;Mendoza;7419.35;
Renault;Duster;2018;165000;Ezpeleta Oeste;Buenos Aires (A.M.B.A.);11290.32;
Volkswagen;Amarok;2024;19500;Flores;Ciudad Autónoma Buenos Aires;5096.77;
Audi;A6 Allroad;2017;113000;Parque Patricios;Ciudad Autónoma Buenos Aires;33000.0;
Renault;Sandero Stepway;2010;217140;Córdoba;Córdoba;5161.29;
Renault;Kwid;2020;56000;Flores;Ciudad Autónoma Buenos Aires;8387.1;
Honda;HR-V;2018;95800;Ituzaingo;Buenos Aires (A.M.B.A.);18500.0;
Peugeot;208;2025;11000;Córdoba;Córdoba;18064.52;
Volkswagen;Polo 5P;2024;15000;Flores;Ciudad Autónoma Buenos Aires;2258.06;
Citroën;Basalt;2026;1;Colegiales;Ciudad Autónoma Buenos Aires;18709.68;
FIAT;Fastback;2024;18000;Flores;Ciudad Autónoma Buenos Aires;3225.81;
Peugeot;208;2014;85000;Llavallol;Buenos Aires (A.M.B.A.);9000.0;
Volkswagen;Gol Trend;2017;69983;Godoy Cruz;Mendoza;10000.0;
Honda;HR-V;2019;83000;San Isidro;Buenos Aires (A.M.B.A.);21935.48;
Peugeot;208;2023;21000;San Isidro;Buenos Aires (A.M.B.A.);16500.0;
Chevrolet;Cruze 5;2022;77000;General Pacheco;Buenos Aires (A.M.B.A.);21000.0;
Chevrolet;Spark;2017;54000;Flores;Ciudad Autónoma Buenos Aires;9700.0;
Toyota;Etios Hatchback;2018;123000;Villa Urquiza;Ciudad Autónoma Buenos Aires;12200.0;
Toyota;Corolla;2022;78000;Caballito;Ciudad Autónoma Buenos Aires;20645.16;
Peugeot;208;2024;17000;Flores;Ciudad Autónoma Buenos Aires;3870.97;
Jeep;Renegade;2016;132000;Neuquén;Neuquén;10645.16;
Peugeot;208;2024;16000;Flores;Ciudad Autónoma Buenos Aires;1935.48;
Nissan;Sentra;2016;100000;Rosario;Santa Fe;12258.06;
Volkswagen;Vento Variant;2012;178500;Olivos;Buenos Aires (A.M.B.A.);9612.9;
Toyota;Corolla Cross Hybrid;2024;7800;Parque Patricios;Ciudad Autónoma Buenos Aires;33612.9;
Peugeot;2008;2025;7000;Palermo;Ciudad Autónoma Buenos Aires;21612.9;
Peugeot;208;2024;20000;Flores;Ciudad Autónoma Buenos Aires;1612.9;
Volkswagen;Nivus;2024;12000;Flores;Ciudad Autónoma Buenos Aires;2258.06;
BMW;X1;2012;154000;Santa Fe;Santa Fe;14000.0;
Jeep;Wrangler;1963;99998;Ferré;Buenos Aires;10000.0;
Citroën;C4 Picasso;2014;109000;Moron;Buenos Aires (A.M.B.A.);10903.23;
Chevrolet;Captiva;2014;219000;Yerba Buena - Marcos Paz;Tucumán;10322.58;
Volkswagen;Nivus;2024;8500;Flores;Ciudad Autónoma Buenos Aires;3225.81;
Peugeot;Partner;2020;90000;Caballito;Ciudad Autónoma Buenos Aires;11612.9;
Ford;Kuga;2016;115000;Tolosa;Buenos Aires;17000.0;
Renault;Fluence;2013;200000;San Miguel de Tucumán;Tucumán;7741.94;
Ford;Ka;2017;104000;Saavedra;Ciudad Autónoma Buenos Aires;9025.81;
FIAT;Fastback Abarth;2024;17000;Flores;Ciudad Autónoma Buenos Aires;3225.81;
Nissan;Kicks;2023;68000;Parana;Entre Ríos;23548.39;
Volkswagen;Suran;2012;111000;Córdoba;Córdoba;7419.35;
Volkswagen;Polo 5P;2024;21500;Flores;Ciudad Autónoma Buenos Aires;2580.65;
Nissan;Tiida;2011;215000;Mar del Plata;Buenos Aires;7000.0;
FIAT;Toro;2019;145961;Escobar;Buenos Aires (A.M.B.A.);16129.03;
Peugeot;Partner;2017;216000;Córdoba;Córdoba;9032.26;
Renault;Sandero Stepway;2010;210200;Palermo;Ciudad Autónoma Buenos Aires;5483.87;
Peugeot;208;2024;15700;Caballito;Ciudad Autónoma Buenos Aires;5161.29;
Nissan;Tiida;2010;143000;Río Cuarto;Córdoba;5806.45;
FIAT;Punto;2009;169000;Villa Ballester;Buenos Aires (A.M.B.A.);5096.77;
Peugeot;207 Compact;2011;108000;Córdoba;Córdoba;5788.39;
Chevrolet;Agile;2015;123000;Pergamino;Buenos Aires;7741.94;
KIA;Sportage;2017;89000;San Martin;Buenos Aires (A.M.B.A.);20000.0;
Volkswagen;Polo 5P;2024;15000;Flores;Ciudad Autónoma Buenos Aires;1935.48;
Renault;Sandero;2022;70000;La Plata;Buenos Aires;11612.9;
Chevrolet;Onix Joy Plus;2018;80000;Lomas De Zamora;Buenos Aires (A.M.B.A.);10322.58;
Volkswagen;Amarok;2024;17500;Flores;Ciudad Autónoma Buenos Aires;2903.23;
Renault;Master;2009;410772;Pergamino;Buenos Aires;12258.06;
FIAT;Fastback;2024;30000;Flores;Ciudad Autónoma Buenos Aires;1935.48;
Renault;Twingo;2000;170000;San Martin;Buenos Aires (A.M.B.A.);3096.77;
FIAT;Cronos;2022;35000;Caballito;Ciudad Autónoma Buenos Aires;4838.71;
Toyota;Corolla Cross;2021;55000;Santa Fe;Santa Fe;27741.94;
Volkswagen;Vento Variant;2011;146000;Floresta;Ciudad Autónoma Buenos Aires;9031.61;
Honda;HR-V;2016;110000;Córdoba;Córdoba;16000.0;
Suzuki;Fun;2010;200000;Flores;Ciudad Autónoma Buenos Aires;3870.97;
Ford;Focus;2016;171383;Escobar;Buenos Aires (A.M.B.A.);10322.58;
Chery;Tiggo 3;2019;95000;Comodoro Rivadavia;Chubut;11935.48;
Citroën;C4;2013;109757;Escobar;Buenos Aires (A.M.B.A.);8064.52;
Volkswagen;Gol Trend;2011;142600;Boedo;Ciudad Autónoma Buenos Aires;5800.0;
Toyota;Corolla Cross;2022;77000;General Pacheco;Buenos Aires (A.M.B.A.);27000.0;
Audi;Q5;2013;130000;Yerba Buena - Marcos Paz;Tucumán;15483.87;
FIAT;Mobi;2017;120000;La Plata;Buenos Aires;9161.29;
Peugeot;208;2022;36000;Caballito;Ciudad Autónoma Buenos Aires;4838.71;
Volkswagen;Amarok;2023;80560;Río Tercero;Córdoba;26500.0;
Renault;Sandero;2019;110600;Tandil;Buenos Aires;13419.35;
Volkswagen;Vento GLI;2025;40699;San Luis;San Luis;34516.13;
Volkswagen;Polo 5P;2024;17500;Flores;Ciudad Autónoma Buenos Aires;2258.06;
Ford;Focus;2016;167000;Santo Tome;Santa Fe;11290.32;
Citroën;C3;2011;164000;Tigre;Buenos Aires (A.M.B.A.);5483.87;
Toyota;Corolla Hybrid;2021;35000;Caballito;Ciudad Autónoma Buenos Aires;25000.0;
Chevrolet;Blazer;2006;357000;Villa Devoto;Ciudad Autónoma Buenos Aires;8709.68;
Jeep;Renegade;2024;13000;Córdoba;Córdoba;22997.0;
Volkswagen;Golf;2020;187681;Escobar;Buenos Aires (A.M.B.A.);10645.16;
Honda;HR-V;2020;72000;San Francisco;Córdoba;20645.16;
Peugeot;208;2021;45500;Santo Tome;Santa Fe;13548.39;
Citroën;Berlingo Furgón;2017;172000;La Plata;Buenos Aires;14000.0;
Volkswagen;Amarok;2021;120000;Escobar;Buenos Aires (A.M.B.A.);30000.0;
Renault;Sandero Stepway;2012;121000;Santo Tome;Santa Fe;8709.68;
Volkswagen;Amarok;2024;17000;Flores;Ciudad Autónoma Buenos Aires;3225.81;
Renault;Logan;2022;51000;Salto;Buenos Aires;14193.55;
Toyota;RAV4;2010;218000;Córdoba;Córdoba;10516.13;
Chevrolet;Prisma;2016;203000;James Craik;Córdoba;8516.13;
FIAT;Argo;2020;120000;Almagro;Ciudad Autónoma Buenos Aires;12387.1;
Peugeot;208;2021;43000;Caballito;Ciudad Autónoma Buenos Aires;5483.87;
Hyundai;Tucson;2019;75000;Guaymallén;Mendoza;27000.0;
Chevrolet;Prisma;2012;105000;Salta;Salta;6451.61;
Volkswagen;Amarok;2025;2670;Escobar;Buenos Aires (A.M.B.A.);41290.32;
Hyundai;H1;2015;100800;Montes de Oca;Santa Fe;30000.0;
Chevrolet;Classic;2013;120000;Ayacucho;Buenos Aires;7419.35;
Honda;HR-V;2017;95000;Palermo;Ciudad Autónoma Buenos Aires;17900.0;
Volkswagen;Suran;2015;98000;Escobar;Buenos Aires (A.M.B.A.);12000.0;
Volkswagen;Amarok;2022;115000;Parana;Entre Ríos;25806.45;
Peugeot;2008;2026;1;Colegiales;Ciudad Autónoma Buenos Aires;22129.03;
Toyota;Yaris;2021;39000;Ciudadela;Buenos Aires (A.M.B.A.);17096.77;
Chevrolet;Blazer;2006;357000;Agronomía;Ciudad Autónoma Buenos Aires;8709.68;
Renault;Fluence;2013;58000;Liniers;Ciudad Autónoma Buenos Aires;9032.26;
Chevrolet;S 10;2017;140000;Río Cuarto;Córdoba;12580.65;
FIAT;Cronos;2021;91500;Lanus;Buenos Aires (A.M.B.A.);6451.61;
Volkswagen;Vento;2021;150000;Curuzu Cuatia;Corrientes;10645.16;
FIAT;Toro;2024;15000;Flores;Ciudad Autónoma Buenos Aires;2903.23;
Volkswagen;Amarok;2024;20000;Flores;Ciudad Autónoma Buenos Aires;5161.29;
Volkswagen;Polo 5P;2024;20000;Flores;Ciudad Autónoma Buenos Aires;2967.74;
Nissan;Tiida Hatchback;2011;196000;Villa Del Parque;Ciudad Autónoma Buenos Aires;6700.0;
Peugeot;408;2016;100000;Recoleta;Ciudad Autónoma Buenos Aires;7419.35;
Volkswagen;Gol;2012;85100;La Calera;Córdoba;7032.26;
FIAT;Punto;2012;116000;Flores;Ciudad Autónoma Buenos Aires;7735.48;
Renault;Duster;2014;135480;Córdoba;Córdoba;8709.68;
FIAT;Strada Adventure;2017;106000;San Salvador de Jujuy;Jujuy;10322.58;
Chevrolet;Corsa Classic;2010;245000;Posadas;Misiones;4838.71;
Chevrolet;Agile;2012;194000;Vicente Lopez;Buenos Aires (A.M.B.A.);5483.87;
Toyota;Corolla Cross Hybrid;2022;103000;Santo Tome;Santa Fe;27741.94;
Ford;EcoSport;2006;320000;Gral. San Martín;Mendoza;5161.29;
Ford;Focus Sedán;2016;113000;Rosario;Santa Fe;10451.61;
Volkswagen;Amarok;2020;130000;Villa Urquiza;Ciudad Autónoma Buenos Aires;29032.26;
Peugeot;208;2020;42000;Neuquén;Neuquén;13548.39;
Volkswagen;Gol Country;1998;440000;Cortines;Buenos Aires;3225.81;
Renault;Sandero Stepway;2021;74000;Tigre;Buenos Aires (A.M.B.A.);17500.0;
Peugeot;208;2017;52000;Cañada de Gomez;Santa Fe;11612.9;
Ford;Focus;2017;55000;Parana;Entre Ríos;13483.87;
FIAT;Cronos;2022;66000;Zapala;Neuquén;14193.55;
Toyota;Hilux;2019;78000;Río Cuarto;Córdoba;20645.16;
Citroën;C4 Lounge;2020;85000;Rosario;Santa Fe;10322.58;
Chevrolet;Corsa;2006;330000;Ayacucho;Buenos Aires;4193.55;
FIAT;Cronos;2023;8700;Viedma;Río Negro;17935.48;
FIAT;600 HYBRID;2025;10000;El Talar;Buenos Aires (A.M.B.A.);24193.55;
Renault;Logan;2012;300000;Isidro Casanova;Buenos Aires (A.M.B.A.);4645.16;
Chevrolet;Tracker;2016;119500;Avellaneda;Buenos Aires (A.M.B.A.);11483.87;
Renault;Captur;2017;141000;Río Cuarto;Córdoba;8387.1;
Citroën;C3 Aircross;2018;110000;Godoy Cruz;Mendoza;10322.58;
Nissan;Tiida;2014;110000;Godoy Cruz;Mendoza;8387.1;
Honda;Accord;2014;149000;Retiro;Ciudad Autónoma Buenos Aires;16000.0;
Citroën;C3;2025;14000;Liniers;Ciudad Autónoma Buenos Aires;6500.0;
FIAT;Linea;2015;100000;Concepción Del Uruguay;Entre Ríos;8064.52;
Peugeot;2008;2024;21000;Caballito;Ciudad Autónoma Buenos Aires;5161.29;
Renault;Fluence;2014;72000;Caballito;Ciudad Autónoma Buenos Aires;9354.84;
Renault;Duster Oroch;2020;200000;Vicente Lopez;Buenos Aires (A.M.B.A.);13354.84;
Volkswagen;Taos;2024;17000;Flores;Ciudad Autónoma Buenos Aires;3870.97;
Nissan;Kicks;2017;170000;Salta;Salta;15161.29;
FIAT;Fiorino;2007;200000;Ayacucho;Buenos Aires;5032.26;
Renault;Duster;2014;178000;Rosario;Santa Fe;9677.42;
Toyota;Corolla Hybrid;2022;65600;Villa Crespo;Ciudad Autónoma Buenos Aires;23741.94;
Toyota;SW4;2016;278000;Tigre;Buenos Aires (A.M.B.A.);32000.0;
Renault;Clio;2013;135000;Santo Tome;Santa Fe;6129.04;
Volkswagen;Amarok;2015;95000;Liniers;Ciudad Autónoma Buenos Aires;16200.0;
FIAT;Fiorino;2015;180000;Monte Grande;Buenos Aires (A.M.B.A.);10000.0;
Chevrolet;Cruze;2015;135000;Vicente Lopez;Buenos Aires (A.M.B.A.);9354.84;
Volkswagen;Gol Trend;2010;170000;San Luis;San Luis;6129.03;
Toyota;Hilux;2015;342000;Ayacucho;Buenos Aires;21290.32;
Renault;Duster;2021;126000;General Campos;Entre Ríos;14516.13;
Subaru;Outback;2010;260000;Hurlingham;Buenos Aires (A.M.B.A.);17000.0;
Citroën;C4 Cactus;2022;49000;El Cazador;Buenos Aires (A.M.B.A.);16498.71;
DS;3;2018;48000;Nuñez;Ciudad Autónoma Buenos Aires;14000.0;
Citroën;C-Elysée;2018;200000;Belgrano;Ciudad Autónoma Buenos Aires;7419.35;
Peugeot;308;2015;110000;Villa Del Parque;Ciudad Autónoma Buenos Aires;8709.68;
Chevrolet;Captiva;2017;180000;Rosario;Santa Fe;17500.0;
Nissan;X-Trail;2013;215000;Capitán Bermúdez;Santa Fe;11500.0;
FIAT;Punto;2013;141000;Flores;Ciudad Autónoma Buenos Aires;6774.19;
Ford;Ka;2012;96400;Córdoba;Córdoba;5806.45;
Volkswagen;Amarok;2024;23000;Flores;Ciudad Autónoma Buenos Aires;4516.13;
Chevrolet;Tracker;2019;120000;Cañada de Gomez;Santa Fe;12580.65;
Volkswagen;Polo 5P;2024;18000;Flores;Ciudad Autónoma Buenos Aires;2258.06;
Citroën;C3;2016;115000;Córdoba;Córdoba;7677.42;
Nissan;Frontier;2021;46000;Neuquén;Neuquén;25806.45;
Citroën;C4 MHEV;2026;2050;El Cazador;Buenos Aires (A.M.B.A.);34516.13;
Citroën;Berlingo Furgón;2016;217000;Urdinarrain;Entre Ríos;9612.9;
FIAT;Siena;2014;114906;Junín;Buenos Aires;9032.26;
Volkswagen;Suran;2015;95000;Flores;Ciudad Autónoma Buenos Aires;10645.16;
FIAT;Punto;2014;132000;Yerba Buena - Marcos Paz;Tucumán;8967.74;
FIAT;Ducato;2019;230000;Córdoba;Córdoba;21290.32;
Renault;Duster;2016;159000;Lujan de Cuyo;Mendoza;11612.9;
Peugeot;208;2024;22000;Caballito;Ciudad Autónoma Buenos Aires;16000.0;
Toyota;SW4;2006;380000;Necochea;Buenos Aires;14838.71;
Peugeot;308;2014;124000;Barracas;Ciudad Autónoma Buenos Aires;10600.0;
Volkswagen;Gol Trend;2019;25000;Mar del Plata;Buenos Aires;10967.74;
Renault;Kwid;2018;61000;La Tablada;Buenos Aires (A.M.B.A.);8709.68;
Ford;Focus Exe;2013;174000;Las Heras;Mendoza;7096.77;
Ford;Focus;2007;266000;Godoy Cruz;Mendoza;4838.71;
Renault;Fluence;2017;118000;Yerba Buena - Marcos Paz;Tucumán;10258.06;
Volkswagen;Gol Trend;2012;170000;Villa Lugano;Ciudad Autónoma Buenos Aires;7096.77;
Toyota;Hilux;2016;260000;Tigre;Buenos Aires (A.M.B.A.);27000.0;
Jeep;Renegade;2017;180000;Córdoba;Córdoba;13870.97;
Volkswagen;Gol Trend;2021;110000;San Cristóbal;Ciudad Autónoma Buenos Aires;12000.0;
Renault;Arkana E-Tech Hybrid;2025;2370;Córdoba;Córdoba;28387.1;
Peugeot;208;2024;3000;Caballito;Ciudad Autónoma Buenos Aires;8387.1;
Volkswagen;Gol;2007;103000;Rosario;Santa Fe;5483.87;
Ford;Ka;2019;99000;Santa Fe;Santa Fe;10516.13;
Renault;Captur;2018;64500;Mar del Plata;Buenos Aires;13548.39;
Ford;Ka;2012;137000;Vicente Lopez;Buenos Aires (A.M.B.A.);4451.61;
FIAT;Fiorino;2025;10;General Pacheco;Buenos Aires (A.M.B.A.);17161.29;
Ford;Focus;2018;55000;Hurlingham;Buenos Aires (A.M.B.A.);8000.0;
FIAT;500;2015;120000;Córdoba;Córdoba;10322.58;
Mitsubishi;Outlander;2017;95125;Yerba Buena - Marcos Paz;Tucumán;7612.9;
Ford;EcoSport;2007;191000;Parana;Entre Ríos;5483.87;
Peugeot;208;2023;6850;El Cazador;Buenos Aires (A.M.B.A.);17189.03;
Peugeot;2008;2021;110300;Parana;Entre Ríos;14193.55;
Audi;A1;2013;131000;Puerto Madero;Ciudad Autónoma Buenos Aires;12900.0;
Toyota;Etios Sedán;2018;157000;Escobar;Buenos Aires (A.M.B.A.);10645.16;
Citroën;C4 Lounge;2018;179000;Boedo;Ciudad Autónoma Buenos Aires;10580.65;
Renault;Clio Mío;2016;100000;Godoy Cruz;Mendoza;8064.52;
Volkswagen;Suran;2014;86000;Flores;Ciudad Autónoma Buenos Aires;8064.52;
Renault;Kangoo;2024;31000;San Telmo;Ciudad Autónoma Buenos Aires;18387.1;
Renault;Duster Oroch;2020;141000;San Francisco;Córdoba;13870.97;
Peugeot;208;2022;83800;Campana;Buenos Aires;14193.55;
FIAT;Toro;2024;15000;Flores;Ciudad Autónoma Buenos Aires;3225.81;
Audi;A3 Sportback;2007;170100;Gualeguaychú;Entre Ríos;11000.0;
Volkswagen;Taos;2024;22500;Flores;Ciudad Autónoma Buenos Aires;4516.13;
Ford;EcoSport;2019;95000;Toay;La Pampa;13548.39;
Peugeot;208;2025;20000;Caballito;Ciudad Autónoma Buenos Aires;5161.29;
Toyota;SW4;2008;290000;Salta;Salta;16129.03;
Honda;City;2011;170000;Lanus;Buenos Aires (A.M.B.A.);8064.52;
Renault;Captur;2018;143000;Ensenada;Buenos Aires;13870.97;
FIAT;Strada;2025;10000;La Plata;Buenos Aires;19032.26;
Jeep;Compass;2024;17000;Córdoba;Córdoba;31000.0;
Ford;Fiesta Kinetic;2018;46000;Wilde;Buenos Aires (A.M.B.A.);12193.55;
Ford;Focus;2011;199000;Córdoba;Córdoba;7741.94;
Toyota;RAV4;2020;84000;La Pala;Buenos Aires;40000.0;
Chevrolet;S 10;2011;209000;Villa la Angostura;Neuquén;13300.0;
Volkswagen;Polo 5P;2024;17000;Flores;Ciudad Autónoma Buenos Aires;3225.81;
Citroën;C4 Grand Picasso;2018;82000;Puerto Madero;Ciudad Autónoma Buenos Aires;14322.58;
Toyota;Etios Hatchback;2018;115000;El Pedregal;Mendoza;14000.0;
Peugeot;Expert;2019;109000;Villa Pueyrredón;Ciudad Autónoma Buenos Aires;28000.0;
Volkswagen;Tiguan;2021;55000;Pilar;Buenos Aires (A.M.B.A.);23870.97;
Peugeot;208;2017;87000;Jesús María;Córdoba;10645.16;
Renault;Kangoo;2014;84001;Flores;Ciudad Autónoma Buenos Aires;8322.58;
Ford;Ka;2018;74000;Corrientes;Corrientes;13500.0;
FIAT;Siena;2014;184000;Lujan de Cuyo;Mendoza;8387.1;
Toyota;SW4;2018;138000;Villa Adelina;Buenos Aires (A.M.B.A.);35800.0;
Chevrolet;Tracker;2023;31500;Posadas;Misiones;19032.26;
Renault;Stepway;2024;28300;Bahía Blanca;Buenos Aires;16774.19;
Peugeot;208;2019;100000;Puerto Madero;Ciudad Autónoma Buenos Aires;12838.71;
Toyota;Etios Sedán;2021;91000;Maipu;Mendoza;15483.87;
Toyota;Hilux;2025;162200;City Bell;Buenos Aires;22000.0;
Chevrolet;Astra;2005;275000;Vicente Lopez;Buenos Aires (A.M.B.A.);5741.94;
Chevrolet;Onix;2026;6500;Santa Fe;Santa Fe;23548.39;
Peugeot;208;2024;17000;Caballito;Ciudad Autónoma Buenos Aires;5161.29;
Volkswagen;Vento;2016;152000;Pehuajó;Buenos Aires;14516.13;
Citroën;C3 Picasso;2013;250000;San Miguel de Tucumán;Tucumán;7741.94;
Toyota;Hilux;2014;48000;Santa Rosa;La Pampa;28000.0;
Renault;Duster;2018;115100;Parana;Entre Ríos;13548.39;
FIAT;Pulse;2022;107000;Escobar;Buenos Aires (A.M.B.A.);14838.71;
Volkswagen;Vento;2018;181000;Viedma;Río Negro;14516.13;
Ford;Ranger;2023;33000;Boca;Ciudad Autónoma Buenos Aires;25806.45;
Volkswagen;Voyage;2012;205000;Ayacucho;Buenos Aires;7677.42;
Citroën;C4 Lounge;2016;86000;Ituzaingo;Buenos Aires (A.M.B.A.);10000.0;
Chevrolet;Cruze;2021;100000;Córdoba;Córdoba;14774.19;
Peugeot;208;2021;33000;Belgrano;Ciudad Autónoma Buenos Aires;4516.13;
Citroën;C4;2013;139500;Florida;Buenos Aires (A.M.B.A.);8258.06;
Jeep;Compass;2018;120500;Córdoba;Córdoba;15161.29;
Jeep;Compass;2023;52800;Rosario;Santa Fe;30000.0;
Ford;Focus;2017;126299;Escobar;Buenos Aires (A.M.B.A.);14500.0;
Volkswagen;Taos;2024;14500;Flores;Ciudad Autónoma Buenos Aires;5161.29;
Citroën;C3;2017;45000;San Miguel de Tucumán;Tucumán;9677.42;
Renault;Logan;2017;126000;Neuquén;Neuquén;7225.81;
Volkswagen;Fox;2017;40000;Villa Lugano;Ciudad Autónoma Buenos Aires;16000.0;
Volkswagen;Passat Variant;2007;180000;Haedo;Buenos Aires (A.M.B.A.);9000.0;
Ford;Ranger;2017;138100;Córdoba;Córdoba;16645.16;
Chrysler;300;2014;110000;Recoleta;Ciudad Autónoma Buenos Aires;22000.0;
Nissan;Kicks;2018;72000;Alta Gracia;Córdoba;15290.32;
Volkswagen;Golf;2021;62567;Escobar;Buenos Aires (A.M.B.A.);13225.81;
Agrale;Marruá;2023;60000;El Calafate;Santa Cruz;54750.0;
Peugeot;207 Compact;2011;148000;Cipolletti;Río Negro;5483.87;
Toyota;Corolla;2017;79000;San Andres;Buenos Aires (A.M.B.A.);16900.0;
Chevrolet;Classic;2013;186000;Dorrego;Mendoza;6451.61;
Peugeot;207 Compact;2010;160000;Villa Lugano;Ciudad Autónoma Buenos Aires;5161.29;
Renault;Sandero;2019;49000;Firmat;Santa Fe;12258.06;
Volkswagen;Polo 5P;2020;65000;La Plata;Buenos Aires;14193.55;
Chevrolet;Agile;2016;104000;Resistencia;Chaco;7741.94;
Ford;Ranger;2005;465000;Monserrat;Ciudad Autónoma Buenos Aires;8387.1;
Peugeot;308 CC;2017;114000;Salta;Salta;10000.0;
Chevrolet;Spin Activ;2019;68000;Rosario;Santa Fe;15161.29;
Renault;Clio Mío;2015;82700;Tanti;Córdoba;7741.94;
Ford;Ka Freestyle;2021;57000;Bahía Blanca;Buenos Aires;12903.23;
Chevrolet;Aveo;2012;30000;Lomas De Zamora;Buenos Aires (A.M.B.A.);8300.0;
FIAT;Punto;2014;231000;Villa Tulumaya;Mendoza;6129.03;
Volkswagen;Polo 5P;2024;15000;Flores;Ciudad Autónoma Buenos Aires;2258.06;
Chevrolet;Cruze;2017;165000;Ayacucho;Buenos Aires;13225.81;
Ford;Fiesta Kinetic;2015;174000;San Luis;San Luis;9161.29;
Ford;Mondeo;2019;134000;Córdoba;Córdoba;17741.94;
Peugeot;2008;2016;117000;Villa Carlos Paz;Córdoba;10161.29;
Volkswagen;up!;2015;93500;Flores;Ciudad Autónoma Buenos Aires;9200.0;
Volkswagen;Polo 5P;2024;22000;Flores;Ciudad Autónoma Buenos Aires;1612.9;
Volkswagen;Gol Trend;2020;82200;El Cazador;Buenos Aires (A.M.B.A.);12080.65;
Volkswagen;Polo;2018;92000;Ingeniero Maschwitz;Buenos Aires (A.M.B.A.);12258.06;
Volkswagen;up!;2019;92000;La Tablada;Buenos Aires (A.M.B.A.);11290.32;
Renault;Kangoo;2020;110000;Mataderos;Ciudad Autónoma Buenos Aires;16064.52;
Nissan;Versa;2021;50000;Vaqueros;Salta;18000.0;
Citroën;Berlingo Furgón;2026;1000;Mataderos;Ciudad Autónoma Buenos Aires;24516.13;
Citroën;C3;2009;173000;Wilde;Buenos Aires (A.M.B.A.);5806.45;
Citroën;C4 Picasso;2018;264000;Rosario;Santa Fe;9290.32;
BMW;Serie 2 Coupé;2018;48000;Tigre;Buenos Aires (A.M.B.A.);48000.0;
Toyota;Hilux;2022;131000;Lujan de Cuyo;Mendoza;35800.0;
Peugeot;206;2012;197705;Las Heras;Mendoza;4903.23;
Mercedes;Clase A Hatchback;2019;19000;Progreso;Santa Fe;33000.0;
Peugeot;208;2021;3800;Resistencia;Chaco;14193.55;
Peugeot;208;2023;50000;Villa Allende;Córdoba;17000.0;
Jeep;Renegade;2024;16000;Lujan de Cuyo;Mendoza;21419.35;
Renault;Logan;2019;48000;La Rioja;La Rioja;10322.58;
Renault;Clio Mío;2014;150000;General Pico;La Pampa;7290.32;
Citroën;C3;2017;70000;San Justo;Buenos Aires (A.M.B.A.);9677.42;
Nissan;Kicks;2020;45000;Moron;Buenos Aires (A.M.B.A.);20500.0;
Volkswagen;Amarok;2017;134000;Corrientes;Corrientes;20322.58;
Peugeot;308;2014;169000;Cosquín;Córdoba;8387.1;
Ford;Ka;2011;172000;Resistencia;Chaco;5483.87;
Chevrolet;Cruze;2013;143000;Villa Real;Ciudad Autónoma Buenos Aires;7677.42;
Chevrolet;Cruze;2018;128000;Ciudad Evita;Buenos Aires (A.M.B.A.);11935.48;
Peugeot;208;2017;98000;Rosario;Santa Fe;10322.58;
Chevrolet;Tracker;2013;110000;Chacabuco;Buenos Aires;10000.0;
Peugeot;208;2022;29000;Caballito;Ciudad Autónoma Buenos Aires;4516.13;
Toyota;Hilux;2009;300000;Boedo;Ciudad Autónoma Buenos Aires;18900.0;
Citroën;C4 Lounge;2020;54000;Barracas;Ciudad Autónoma Buenos Aires;14900.0;
Peugeot;308;2014;109000;Palermo;Ciudad Autónoma Buenos Aires;8709.68;
Toyota;Hilux;2022;67000;El Chorrillo;San Luis;24000.0;
Ford;Focus;2017;52000;Belgrano;Ciudad Autónoma Buenos Aires;16322.58;
Ford;Mondeo;2020;103000;Rosario;Santa Fe;19354.84;
Ford;Territory;2022;40000;Barracas;Ciudad Autónoma Buenos Aires;23500.0;
Renault;Logan;2020;105000;Rio Grande;Tierra del Fuego;10322.58;
Toyota;Hilux;2015;193000;Villa Manzano;Río Negro;21935.48;
FIAT;Titano;2026;1;El Talar;Buenos Aires (A.M.B.A.);19354.84;
Renault;Kwid;2019;30000;Adrogue;Buenos Aires (A.M.B.A.);8774.19;
Chevrolet;Cruze 5;2020;66000;Guaymallén;Mendoza;15483.87;
Nissan;Kicks;2026;1;Posadas;Misiones;34264.9;
Volkswagen;Amarok;2015;123000;Villa Devoto;Ciudad Autónoma Buenos Aires;22500.0;
Chevrolet;Tracker;2024;112808;Córdoba;Córdoba;19354.84;
Ford;EcoSport;2021;71000;Neuquén;Neuquén;18709.68;
Volkswagen;Fox;2012;110000;San José;Mendoza;8064.52;
Chevrolet;Classic;2013;164000;Florida;Buenos Aires (A.M.B.A.);4800.0;
Volkswagen;Taos;2022;88000;Yerba Buena - Marcos Paz;Tucumán;19935.48;
Nissan;Tiida;2011;78000;San Miguel de Tucumán;Tucumán;7096.77;
Jeep;Wrangler;2010;120000;Yerba Buena - Marcos Paz;Tucumán;29032.26;
FIAT;Punto;2015;148500;Garin;Buenos Aires (A.M.B.A.);6451.61;
Peugeot;306 Sedán;1997;172000;Caseros;Buenos Aires (A.M.B.A.);3032.26;
Peugeot;208;2021;25000;Caballito;Ciudad Autónoma Buenos Aires;5161.29;
Volkswagen;Suran;2011;165000;Floresta;Ciudad Autónoma Buenos Aires;7419.35;
Ford;EcoSport;2005;250000;Martín Coronado;Buenos Aires;4967.74;
Ford;EcoSport;2016;130000;Glew;Buenos Aires (A.M.B.A.);13000.0;
Jeep;Compass;2026;2100;Mendiolaza;Córdoba;28322.58;
Jeep;Renegade;2021;60000;Castelar;Buenos Aires (A.M.B.A.);18064.52;
Audi;TT Coupé;2013;81000;Rosario;Santa Fe;23870.97;
Peugeot;208;2021;75000;City Bell;Buenos Aires;14100.0;
Honda;CR-V;2015;140000;Villa Lugano;Ciudad Autónoma Buenos Aires;15483.87;
Renault;Kangoo Express;2018;107000;Retiro;Ciudad Autónoma Buenos Aires;11612.9;
Renault;Clio;2004;165000;Caballito;Ciudad Autónoma Buenos Aires;2580.65;
Peugeot;308;2018;145000;El Cazador;Buenos Aires (A.M.B.A.);10769.03;
Ford;F-100;2008;400000;Ayacucho;Buenos Aires;22000.0;
Ford;Focus One;2009;250000;Totoras;Santa Fe;3870.97;
Ford;Ka;2005;168000;San José;Mendoza;4187.1;
Toyota;Etios Sedán;2022;66900;Pilar;Buenos Aires (A.M.B.A.);12903.23;
Peugeot;208;2021;38000;Caballito;Ciudad Autónoma Buenos Aires;5806.45;
Hyundai;Tucson;2009;208000;La Pala;Buenos Aires;9000.0;
Chevrolet;Spin;2016;163000;Florencio Varela;Buenos Aires (A.M.B.A.);9032.26;
Renault;Sandero Stepway;2011;209400;Córdoba;Córdoba;7096.77;
Ford;Ka;2009;167669;La Plata;Buenos Aires;4838.71;
Chevrolet;Tracker;2018;140000;Martinez;Buenos Aires (A.M.B.A.);5870.97;
Toyota;Corolla;2012;195000;San Francisco;Córdoba;8387.1;
Honda;Fit;2013;213000;Resistencia;Chaco;8000.0;
Ford;Ka;2018;87534;La Plata;Buenos Aires;10645.16;
Toyota;Corolla Hybrid;2024;13000;San Guillermo;Santa Fe;27741.94;
Peugeot;208;2023;25800;Lanus;Buenos Aires (A.M.B.A.);13741.94;
Peugeot;207 Compact;2010;140000;Martinez;Buenos Aires (A.M.B.A.);6451.61;
FIAT;500;2012;85300;Villa Carlos Paz;Córdoba;14500.0;
Chevrolet;Meriva;2007;208163;San Cristóbal;Ciudad Autónoma Buenos Aires;5483.87;
Honda;Civic;2018;135000;Palermo;Ciudad Autónoma Buenos Aires;19032.26;
Ford;Fiesta Kinetic;2016;111000;San Luis;San Luis;10967.74;
Ford;Ranger;2023;13000;Mar del Plata;Buenos Aires;34516.13;
Hyundai;H1;2009;285000;Lujan de Cuyo;Mendoza;16774.19;
Renault;Kangoo;2012;118000;Almagro;Ciudad Autónoma Buenos Aires;9354.84;
Volkswagen;Virtus;2024;12000;Almagro;Ciudad Autónoma Buenos Aires;20645.16;
Peugeot;208;2019;52996;San Isidro;Buenos Aires (A.M.B.A.);6451.61;
Volkswagen;Bora;2011;117000;Almagro;Ciudad Autónoma Buenos Aires;7500.0;
Ford;EcoSport;2014;126000;El Pensamiento;Buenos Aires;9677.42;
Volkswagen;Fox;2012;108000;La Plata;Buenos Aires;9500.0;
Ford;Territory;2025;26500;La Rioja;La Rioja;28387.1;
Peugeot;208;2022;29000;Caballito;Ciudad Autónoma Buenos Aires;6451.61;
Volkswagen;Gol Trend;2011;134000;Mendoza;Mendoza;6967.74;
FIAT;Mobi;2022;35000;Lanus;Buenos Aires (A.M.B.A.);7741.94;
Chevrolet;Cruze;2022;43000;Zárate;Buenos Aires;21500.0;
Chevrolet;Prisma;2019;108000;Córdoba;Córdoba;12258.06;
Volkswagen;Taos;2022;37000;Boulogne Sur Mer;Buenos Aires (A.M.B.A.);29000.0;
Ford;Fiesta Kinetic;2018;122000;Flores;Ciudad Autónoma Buenos Aires;8903.23;
FIAT;Siena;2016;142700;Córdoba;Córdoba;8387.1;
MINI;Cooper;2016;84000;Rosario;Santa Fe;20500.0;
Audi;A3 Sportback;2012;103000;La Plata;Buenos Aires;16500.0;
Ford;Focus;2017;95000;Corrientes;Corrientes;12903.23;
BAIC;X55 II;2024;54000;Lujan de Cuyo;Mendoza;30000.0;
Volkswagen;Voyage;2015;157000;Cipolletti;Río Negro;9032.26;
Honda;Fit;2008;304000;La Plata;Buenos Aires;6800.0;
Honda;Civic;2009;124000;Munro;Buenos Aires (A.M.B.A.);11900.0;
Ford;EcoSport;2016;140000;Castelar;Buenos Aires (A.M.B.A.);10322.58;
Chevrolet;S 10;2020;119682;Córdoba;Córdoba;21840.65;
Peugeot;2008;2022;29000;Caballito;Ciudad Autónoma Buenos Aires;7741.94;
Peugeot;208;2019;53000;Caballito;Ciudad Autónoma Buenos Aires;5483.87;
Volkswagen;Suran;2013;124500;Banfield;Buenos Aires (A.M.B.A.);8129.03;
Peugeot;2008;2021;38000;Caballito;Ciudad Autónoma Buenos Aires;9677.42;
Peugeot;Partner Patagónica;2019;120000;Funes;Santa Fe;13225.81;
Volkswagen;Vento;2019;60000;Villa Lugano;Ciudad Autónoma Buenos Aires;15000.0;
Chevrolet;Agile;2017;57000;Chacarita;Ciudad Autónoma Buenos Aires;9354.84;
Toyota;Etios Sedán;2017;88763;San Luis;San Luis;10967.74;
FIAT;Cronos;2021;97000;Córdoba;Córdoba;11612.9;
Hyundai;Santa Fe;2011;199000;Ayacucho;Buenos Aires;11612.9;
Chery;Tiggo 5;2017;95000;Flores;Ciudad Autónoma Buenos Aires;11935.48;
Renault;Kwid;2018;49700;Ciudadela;Buenos Aires (A.M.B.A.);9500.0;
Renault;Clio Mío;2016;96700;Mendoza;Mendoza;7612.9;
Ford;Fiesta Kinetic;2018;127000;San Miguel de Tucumán;Tucumán;11612.9;
Honda;City;2014;126000;Córdoba;Córdoba;10322.58;
Chevrolet;Spin;2020;134904;Córdoba;Córdoba;13454.84;
Chevrolet;Corsa Classic;2010;150000;Martinez;Buenos Aires (A.M.B.A.);4838.71;
Peugeot;Expert;2022;45000;Caballito;Ciudad Autónoma Buenos Aires;11612.9;
Peugeot;Partner Patagónica;2018;78001;Flores;Ciudad Autónoma Buenos Aires;12900.0;
Volkswagen;Suran;2017;78000;Flores;Ciudad Autónoma Buenos Aires;10258.06;
Nissan;Versa;2022;65000;Caballito;Ciudad Autónoma Buenos Aires;15483.87;
Peugeot;208;2022;54000;Paternal;Ciudad Autónoma Buenos Aires;15161.29;
Renault;Kangoo Express;2012;120300;Córdoba;Córdoba;5806.45;
Honda;HR-V;2016;134000;San Martin;Buenos Aires (A.M.B.A.);18000.0;
Chevrolet;Spin;2019;115430;Córdoba;Córdoba;11827.74;
Volkswagen;Vento GLI;2024;27266;Lanus;Buenos Aires (A.M.B.A.);32258.06;
FIAT;Punto;2014;127000;Godoy Cruz;Mendoza;8064.52;
Renault;Clio Mío;2012;46800;Casilda;Santa Fe;12900.0;
Chevrolet;Trailblazer;2020;79500;Rosario;Santa Fe;26500.0;
Renault;Fluence;2012;180000;Ayacucho;Buenos Aires;7419.35;
FIAT;Mobi;2020;29800;La Plata;Buenos Aires;11935.48;
Ford;Ranger;2023;24500;San Martin;Buenos Aires (A.M.B.A.);36774.19;
Ford;EcoSport;2017;86207;Escobar;Buenos Aires (A.M.B.A.);15000.0;
Lifan;MyWay;2017;81050;Lomas De Zamora;Buenos Aires (A.M.B.A.);13000.0;
Toyota;RAV4;2008;253000;Necochea;Buenos Aires;14800.0;
Citroën;C3;2024;17000;Mar del Plata;Buenos Aires;16774.19;
Volkswagen;New Beetle;2010;118000;Necochea;Buenos Aires;11500.0;
Toyota;Corolla Cross;2022;21000;Palermo;Ciudad Autónoma Buenos Aires;30900.0;
Toyota;Etios Hatchback;2023;53000;Luis Guillón;Buenos Aires (A.M.B.A.);16000.0;
Chevrolet;Aveo;2012;92500;José C. Paz;Buenos Aires (A.M.B.A.);7741.94;
Jeep;Cherokee;2007;300000;Córdoba;Córdoba;9032.26;
Chevrolet;Agile;2016;109000;Los Polvorines;Buenos Aires (A.M.B.A.);8000.0;
Ford;Mondeo;2020;71000;Rosario;Santa Fe;20322.58;
Volkswagen;Gol Trend;2020;29000;General Guemes;Salta;12258.06;
Peugeot;308;2013;84000;Mataderos;Ciudad Autónoma Buenos Aires;10000.0;
Chevrolet;Celta;2013;112600;Don Torcuato;Buenos Aires (A.M.B.A.);5806.45;
Peugeot;3008 SUV;2020;42000;Rosario;Santa Fe;17354.84;
Toyota;Hilux;2016;121790;Escobar;Buenos Aires (A.M.B.A.);22580.65;
Renault;Clio Mío;2016;88400;Córdoba;Córdoba;7741.94;
Renault;Fluence;2017;85000;Avellaneda;Buenos Aires (A.M.B.A.);14000.0;
Chevrolet;Onix;2022;70821;Córdoba;Córdoba;13454.84;
Chevrolet;Cruze;2018;140000;Salta;Salta;14193.55;
Chevrolet;Cruze;2022;36500;Palermo;Ciudad Autónoma Buenos Aires;19516.13;
Nissan;Note;2019;60000;San Francisco;Córdoba;12258.06;
Honda;HR-V;2021;82500;Russell;Mendoza;21032.26;
Ford;Ranger;2017;175000;Don Torcuato;Buenos Aires (A.M.B.A.);22000.0;
Jeep;Compass;2021;89000;Puerto Madero;Ciudad Autónoma Buenos Aires;26387.1;
Volkswagen;Amarok;2019;140000;Bahía Blanca;Buenos Aires;18387.1;
BMW;Serie 3 Coupé;2007;157000;Almagro;Ciudad Autónoma Buenos Aires;30500.0;
Subaru;XV;2017;140000;Escobar;Buenos Aires (A.M.B.A.);22000.0;
Volkswagen;Gol Trend;2018;81000;Maipu;Mendoza;11741.94;
FIAT;Cronos;2022;39500;Córdoba;Córdoba;14516.13;
Chevrolet;Cruze;2017;105768;Córdoba;Córdoba;12516.13;
Volkswagen;Voyage;2014;312000;Lisandro Olmos;Buenos Aires;6774.19;
Citroën;Xsara Picasso;2011;135000;Bernal;Buenos Aires (A.M.B.A.);6774.19;
DFSK;C31;2018;170000;Escobar;Buenos Aires (A.M.B.A.);11612.9;
Chevrolet;Prisma Joy;2018;158000;Centenario;Neuquén;9032.26;
FIAT;Toro;2017;140000;Bahía Blanca;Buenos Aires;15483.87;
Renault;Logan;2020;124000;Floresta;Ciudad Autónoma Buenos Aires;11935.48;
Honda;Fit;2017;99000;La Pala;Buenos Aires;17000.0;
FIAT;Fiorino;2014;148000;Mendoza;Mendoza;7741.94;
FIAT;Cronos;2023;36500;Caballito;Ciudad Autónoma Buenos Aires;14516.13;
Ford;Ka;2006;140000;Lujan de Cuyo;Mendoza;4129.03;
Toyota;Hilux;2019;305000;Belgrano;Ciudad Autónoma Buenos Aires;24193.55;
Peugeot;208;2018;34000;Posadas;Misiones;12896.77;
Renault;Duster;2019;78000;Lomas De Zamora;Buenos Aires (A.M.B.A.);13225.81;
Honda;HR-V;2016;162000;Escobar;Buenos Aires (A.M.B.A.);16500.0;
Ford;Fiesta;2017;148000;San Isidro;Buenos Aires (A.M.B.A.);9677.42;
Renault;Sandero;2011;191000;Ayacucho;Buenos Aires;7612.9;
Chery;Tiggo 2;2022;114822;Córdoba;Córdoba;13454.84;
Volkswagen;Scirocco;2013;130000;Córdoba;Córdoba;19354.84;
Peugeot;207 Compact Sedán;2012;98000;Córdoba;Córdoba;6129.03;
Ford;EcoSport;2015;129500;San Luis;San Luis;9900.0;
Jeep;Renegade;2025;14000;Necochea;Buenos Aires;23096.77;
MINI;Cooper;2017;83000;Mataderos;Ciudad Autónoma Buenos Aires;21000.0;
FIAT;Grand Siena;2015;88800;San Francisco;Córdoba;9032.26;
Citroën;C4 Lounge;2015;137000;Merlo;Buenos Aires (A.M.B.A.);8064.52;
Renault;Clio Mío;2014;102450;San Isidro;Buenos Aires (A.M.B.A.);7096.77;
Renault;Sandero Stepway;2018;92000;Flores;Ciudad Autónoma Buenos Aires;10451.61;
Chevrolet;Cruze;2021;102611;Córdoba;Córdoba;15645.16;
Mercedes;Clase A Hatchback;2018;90000;Puerto Madero;Ciudad Autónoma Buenos Aires;33500.0;
Volkswagen;Suran;2013;181000;Lanus;Buenos Aires (A.M.B.A.);7419.35;
Volkswagen;Suran;2015;192000;Francisco Alvarez;Buenos Aires (A.M.B.A.);10967.74;
Volkswagen;Gol Trend;2011;62000;Villa Urquiza;Ciudad Autónoma Buenos Aires;8064.52;
Ford;Ka;2019;78000;Saavedra;Ciudad Autónoma Buenos Aires;10500.0;
Lifan;Foison;2017;116000;San Miguel;Buenos Aires (A.M.B.A.);8967.74;
BMW;Serie 1;2016;17000;San Juan;San Juan;28000.0;
FIAT;Mobi;2018;108000;Godoy Cruz;Mendoza;8387.1;
Volkswagen;up!;2015;45000;Neuquén;Neuquén;10645.16;
Chevrolet;Corsa;2008;195000;Florencio Varela;Buenos Aires (A.M.B.A.);4516.13;
Citroën;C4 Cactus;2020;68000;Avellaneda;Buenos Aires (A.M.B.A.);13870.97;
Renault;Master;2012;200000;San Martin;Buenos Aires (A.M.B.A.);18451.61;
Audi;Q5;2019;69000;Mendoza;Mendoza;34000.0;
Peugeot;208;2022;30000;Córdoba;Córdoba;11935.48;
Citroën;C-Elysée;2017;46000;Florencio Varela;Buenos Aires (A.M.B.A.);10967.74;
Peugeot;408;2014;59000;Lanus;Buenos Aires (A.M.B.A.);10322.58;
Toyota;Etios Hatchback;2020;92000;Salta;Salta;14000.0;
Peugeot;208;2019;64000;Flores;Ciudad Autónoma Buenos Aires;9612.9;
MG;ZS HEV;2026;1000;San Cristóbal;Ciudad Autónoma Buenos Aires;29900.0;
MINI;Cooper;2019;105000;Godoy Cruz;Mendoza;20500.0;
DS;3;2019;64000;Puerto Madero;Ciudad Autónoma Buenos Aires;14900.0;
Ford;Focus;2011;104400;Guaymallén;Mendoza;9032.26;
Chevrolet;Classic;2013;175000;Córdoba;Córdoba;5806.45;
Nissan;Tiida Hatchback;2015;143000;Ushuaia;Tierra del Fuego;7741.94;
BMW;Serie 1;2016;140788;Vicente Lopez;Buenos Aires (A.M.B.A.);19900.0;
Jeep;Renegade;2010;30000;Cañada de Gomez;Santa Fe;16129.03;
Ford;Fiesta Kinetic Sedán;2011;113000;Berisso;Buenos Aires;7419.35;
Volkswagen;Suran;2019;78600;Flores;Ciudad Autónoma Buenos Aires;12258.06;
Volkswagen;Bora;2011;166100;Luján;Buenos Aires;13000.0;
Honda;Fit;2006;198000;Diamante;Entre Ríos;5161.29;
Ford;Orion;1995;153700;Lomas De Zamora;Buenos Aires (A.M.B.A.);2774.19;
Chevrolet;Celta;2012;148000;Caballito;Ciudad Autónoma Buenos Aires;6258.06;
Nissan;Sentra;2017;148000;Córdoba;Córdoba;11870.97;
Audi;A1 Sportback;2018;108936;Córdoba;Córdoba;17209.68;
Volkswagen;Nivus;2021;86600;Flores;Ciudad Autónoma Buenos Aires;16774.19;
Honda;City;2013;171000;Rio Grande;Tierra del Fuego;7741.94;
Peugeot;207;2013;86000;Villa Urquiza;Ciudad Autónoma Buenos Aires;6451.61;
Honda;Fit;2014;124000;Caseros;Buenos Aires (A.M.B.A.);13000.0;
Toyota;Corolla Cross;2022;56000;Villa Ballester;Buenos Aires (A.M.B.A.);24967.74;
Ford;Focus;2016;124000;Moron;Buenos Aires (A.M.B.A.);6451.61;
Ford;EcoSport;2006;74636;Lanus;Buenos Aires (A.M.B.A.);9677.42;
BMW;Serie 1;2017;113000;La Pala;Buenos Aires;21500.0;
Renault;Duster;2016;130000;Villa Carmela;Tucumán;10967.74;
Volkswagen;Vento;2013;186000;Guaymallén;Mendoza;11870.97;
Audi;Q5;2010;141000;Córdoba;Córdoba;12580.65;
Ford;Focus Sedán;2016;131500;Resistencia;Chaco;11290.32;
Jeep;Cherokee;2006;140000;Guernica;Buenos Aires (A.M.B.A.);15000.0;
Peugeot;2008;2019;59000;San Isidro;Buenos Aires (A.M.B.A.);9677.42;
FIAT;Cronos;2024;37600;Villa Pueyrredón;Ciudad Autónoma Buenos Aires;15806.45;
Citroën;C-Elysée;2017;126000;Santa Fe;Santa Fe;9500.0;
Peugeot;408;2011;194000;Vicente Lopez;Buenos Aires (A.M.B.A.);6774.19;
Toyota;Corolla Cross Hybrid;2023;75000;Córdoba;Córdoba;32000.0;
Peugeot;208;2019;56000;Caballito;Ciudad Autónoma Buenos Aires;15000.0;
Peugeot;208;2020;51000;Caballito;Ciudad Autónoma Buenos Aires;3870.97;
Chevrolet;Onix;2021;35200;Mar del Plata;Buenos Aires;16000.0;
Honda;HR-V;2020;19300;Belgrano;Ciudad Autónoma Buenos Aires;23000.0;
Jeep;Renegade;2016;156000;Yerba Buena - Marcos Paz;Tucumán;11612.9;
Citroën;C4 Lounge;2020;74000;Puerto Madero;Ciudad Autónoma Buenos Aires;15419.35;
Volkswagen;Suran;2013;169000;Villa Adelina;Buenos Aires (A.M.B.A.);6387.1;
Chevrolet;Cruze;2017;129000;Villa Constitución;Santa Fe;11935.48;
Peugeot;207;2013;172000;Escobar;Buenos Aires (A.M.B.A.);6774.19;
Jeep;Renegade;2018;94000;Puerto Madero;Ciudad Autónoma Buenos Aires;17000.0;
Toyota;Corolla;2025;24500;Mattaldi;Córdoba;29032.26;
Toyota;Etios Sedán;2023;61500;Parana;Entre Ríos;16451.61;
Peugeot;208;2023;48000;Floresta;Ciudad Autónoma Buenos Aires;14516.13;
Volkswagen;Golf;2018;99000;Villa Sarmiento;Buenos Aires (A.M.B.A.);22900.0;
Volkswagen;Vento;2017;109000;Pergamino;Buenos Aires;16129.03;
Mercedes;Sprinter;2000;196000;San Fernando Del Valle De Catamarca;Catamarca;17000.0;
Toyota;Etios Sedán;2014;134000;Parque Patricios;Ciudad Autónoma Buenos Aires;9032.26;
Toyota;Corolla Cross;2021;30600;Olivos;Buenos Aires (A.M.B.A.);25741.94;
Renault;Sandero Stepway;2013;120000;Esquel;Chubut;10000.0;
Ford;Focus;2019;56400;Flores;Ciudad Autónoma Buenos Aires;14000.0;
Volkswagen;Golf;2011;102425;San Luis;San Luis;6193.55;
FIAT;Cronos;2024;43000;Zárate;Buenos Aires;15483.87;
Volkswagen;Nivus;2023;54000;Escobar;Buenos Aires (A.M.B.A.);21000.0;
Peugeot;206;2000;340000;San Francisco Del Monte;Mendoza;2903.23;
Renault;Captur;2019;100000;Yerba Buena - Marcos Paz;Tucumán;12258.06;
Mercedes;Clase E Sedán;2013;93000;La Pala;Buenos Aires;24000.0;
Honda;City;2014;138000;San Isidro;Buenos Aires (A.M.B.A.);8387.1;
Volkswagen;CrossFox;2016;91000;San Nicolás de los Arroyos;Buenos Aires;11935.48;
Ford;Ranger;2018;218000;La Pala;Buenos Aires;19000.0;
Citroën;C4 Grand Picasso;2012;114000;Flores;Ciudad Autónoma Buenos Aires;8064.52;
Ford;Ka;2017;120000;Agronomía;Ciudad Autónoma Buenos Aires;7500.0;
Volkswagen;New Beetle;2015;70000;Nuñez;Ciudad Autónoma Buenos Aires;18000.0;
Volkswagen;Gol Trend;2020;130000;La Pala;Buenos Aires;10967.74;
Peugeot;208;2024;15000;Caballito;Ciudad Autónoma Buenos Aires;8387.1;
Volkswagen;Gol Trend;2019;104000;Flores;Ciudad Autónoma Buenos Aires;10645.16;
FIAT;Toro;2017;177000;Córdoba;Córdoba;12580.65;
Toyota;Etios Hatchback;2018;105000;Don Torcuato;Buenos Aires (A.M.B.A.);15800.0;
Toyota;Corolla;2015;114400;San Luis;San Luis;14838.71;
Volkswagen;New Beetle;2016;71000;Puerto Madero;Ciudad Autónoma Buenos Aires;17900.0;
Chevrolet;Spark;2012;170000;Caballito;Ciudad Autónoma Buenos Aires;6451.61;
Renault;Logan;2018;80300;San Martin;Buenos Aires (A.M.B.A.);10064.52;
Citroën;C4 Grand Picasso;2009;176000;Mar del Plata;Buenos Aires;7000.0;
Volkswagen;Suran;2009;150000;Córdoba;Córdoba;5483.87;
Peugeot;408;2017;130000;La Plata;Buenos Aires;7419.35;
Toyota;Yaris;2019;80513;Escobar;Buenos Aires (A.M.B.A.);15483.87;
Peugeot;Partner;2016;187000;La Plata;Buenos Aires;10500.0;
Toyota;Etios Sedán;2015;258000;Ayacucho;Buenos Aires;9354.84;
Renault;Clio Mío;2014;92000;Balvanera;Ciudad Autónoma Buenos Aires;7096.77;
FIAT;Toro;2025;11500;Villa Lugano;Ciudad Autónoma Buenos Aires;23500.0;
Volkswagen;Gol Trend;2009;187000;Monserrat;Ciudad Autónoma Buenos Aires;5935.48;
Toyota;Corolla;2012;157000;Dorrego;Mendoza;10903.23;
Volkswagen;Nivus;2021;127000;Arequito;Santa Fe;14838.71;
Dodge;Journey;2012;212000;Chacarita;Ciudad Autónoma Buenos Aires;9000.0;
Toyota;Etios Hatchback;2016;171000;Tigre;Buenos Aires (A.M.B.A.);9225.81;
Daihatsu;Cuore;1994;1000;Vistalba;Mendoza;50322.58;coleccion
FIAT;Grand Siena;2012;155000;Boedo;Ciudad Autónoma Buenos Aires;7677.42;
Ford;Ranger;2023;36000;Saavedra;Ciudad Autónoma Buenos Aires;32500.0;
Ford;Fiesta;2016;137000;Ayacucho;Buenos Aires;10645.16;
FIAT;Cronos;2022;54001;Flores;Ciudad Autónoma Buenos Aires;13500.0;
FIAT;Toro;2023;58000;Hernando;Córdoba;22258.06;
Ford;Focus;2018;96000;San Nicolás;Ciudad Autónoma Buenos Aires;15806.45;
Volkswagen;Gol Trend;2019;82000;Córdoba;Córdoba;10193.55;
Volkswagen;Polo 5P;2018;89000;Rosario;Santa Fe;12258.06;
Mitsubishi;Montero;2006;211000;San Fernando Del Valle De Catamarca;Catamarca;17000.0;
Ford;EcoSport;2007;160000;Córdoba;Córdoba;6129.03;
Peugeot;308 CC;2014;82000;Posadas;Misiones;8967.74;
Toyota;Etios Hatchback;2018;84700;Chacarita;Ciudad Autónoma Buenos Aires;14300.0;
Ford;Ranger;2020;162200;Parana;Entre Ríos;21290.32;
Audi;A1;2017;18000;Villa Devoto;Ciudad Autónoma Buenos Aires;19500.0;
Daihatsu;Feroza;1980;123454;La Pala;Buenos Aires;14500.0;
Chevrolet;Cruze;2022;81330;San Francisco;Córdoba;18064.52;
Citroën;C3;2011;196000;Flores;Ciudad Autónoma Buenos Aires;4387.1;
FIAT;Argo;2018;82000;Versalles;Ciudad Autónoma Buenos Aires;13500.0;
DS;3;2018;83000;La Pala;Buenos Aires;12903.23;
Chevrolet;Prisma;2016;155000;Gálvez;Santa Fe;8387.1;
Peugeot;3008 SUV;2024;24466;Moron;Buenos Aires (A.M.B.A.);29032.26;
Volkswagen;Gol Trend;2016;92000;Belgrano;Ciudad Autónoma Buenos Aires;8709.68;
Peugeot;408;2011;100000;Villa Del Parque;Ciudad Autónoma Buenos Aires;3870.97;
Peugeot;208;2023;21000;Caballito;Ciudad Autónoma Buenos Aires;2580.65;
Toyota;Hilux;2025;700;Mar del Plata;Buenos Aires;51612.9;
Ford;EcoSport;2018;33200;Ituzaingo;Buenos Aires (A.M.B.A.);13225.81;
Nissan;Kicks;2021;89000;San Andres;Buenos Aires (A.M.B.A.);19900.0;
Citroën;C4;2014;187635;Escobar;Buenos Aires (A.M.B.A.);7096.77;
Jeep;Renegade;2017;90600;Necochea;Buenos Aires;15000.0;
Peugeot;208;2019;53000;Caballito;Ciudad Autónoma Buenos Aires;4516.13;
Peugeot;308;2016;115000;San Nicolás de los Arroyos;Buenos Aires;10000.0;
Peugeot;408;2012;293000;Rosario;Santa Fe;5096.77;
Renault;Logan;2024;59000;La Paternal;Ciudad Autónoma Buenos Aires;15161.29;
Chevrolet;Cruze;2017;173000;Salta;Salta;10322.58;
Volkswagen;Suran;2018;93400;Parana;Entre Ríos;11612.9;
BMW;Serie 3 Sedán;2013;130000;Córdoba;Córdoba;26000.0;
Toyota;Corolla;2013;130000;Martinez;Buenos Aires (A.M.B.A.);4967.74;
Chevrolet;S 10;2020;58000;Maipu;Mendoza;24838.71;
Volkswagen;Taos;2024;22000;Pilar;Buenos Aires (A.M.B.A.);28500.0;
Nissan;Versa;2021;60000;Olivos;Buenos Aires (A.M.B.A.);17000.0;
FIAT;Fastback;2025;11000;Córdoba;Córdoba;22903.23;
Ford;Fiesta Kinetic;2012;230000;Guaymallén;Mendoza;8400.0;
Peugeot;208;2018;78000;Banfield;Buenos Aires (A.M.B.A.);11900.0;
Peugeot;207 Compact;2013;134000;La Pala;Buenos Aires;7741.94;
Chevrolet;Cruze;2017;135000;Puerto Madero;Ciudad Autónoma Buenos Aires;12838.71;
Volkswagen;Virtus;2023;54000;Merlo;Buenos Aires (A.M.B.A.);15483.87;
Chevrolet;Cruze 5;2022;52000;Justiniano Posse;Córdoba;18548.39;
Renault;Master;2011;335000;Ramos Mejia;Buenos Aires (A.M.B.A.);15806.45;
Peugeot;Expert;2020;66000;Caballito;Ciudad Autónoma Buenos Aires;10258.06;
FIAT;Punto;2012;275000;Lujan de Cuyo;Mendoza;6967.74;
Renault;Logan;2017;150000;Paso Del Rey;Buenos Aires (A.M.B.A.);7096.77;
Peugeot;208;2023;21500;Rosario;Santa Fe;16774.19;
FIAT;Toro;2018;159000;Córdoba;Córdoba;16000.0;
Toyota;Hilux;2013;137000;Avellaneda;Buenos Aires (A.M.B.A.);28000.0;
Renault;Fluence;2017;125000;Ituzaingo;Buenos Aires (A.M.B.A.);10322.58;
FIAT;Uno;1994;283000;Parana;Entre Ríos;1161.29;
MG;3;2026;1000;San Cristóbal;Ciudad Autónoma Buenos Aires;25900.0;
Chevrolet;Corsa;2011;160000;Resistencia;Chaco;4516.13;
Peugeot;208;2024;55000;Caballito;Ciudad Autónoma Buenos Aires;7741.94;
Chery;QQ;2012;198600;Ramos Mejia;Buenos Aires (A.M.B.A.);3096.77;
Citroën;Xsara Picasso;2008;166000;Parque Chacabuco;Ciudad Autónoma Buenos Aires;4838.71;
Volkswagen;Taos;2024;25000;Flores;Ciudad Autónoma Buenos Aires;3870.97;
Ford;Fiesta Kinetic;2015;144000;Flores;Ciudad Autónoma Buenos Aires;9990.0;
Honda;Accord;2011;93000;Villa Nueva;Mendoza;14000.0;
Audi;A5 Coupé;2010;186000;Salsipuedes;Córdoba;25000.0;
Peugeot;208;2024;20800;Mendoza;Mendoza;16774.19;
Renault;Duster;2013;260000;Córdoba;Córdoba;7741.94;
Chevrolet;Cruze;2021;95000;Rosario;Santa Fe;12903.23;
Volkswagen;Gol Trend;2015;250000;Florencio Varela;Buenos Aires (A.M.B.A.);6774.19;
Mercedes;Clase GLA AMG;2024;12000;Villa Maria;Córdoba;64000.0;
Ford;Ka;2016;53200;Santa Fe;Santa Fe;11000.0;
Ford;Ka;2017;133000;La Pala;Buenos Aires;9032.26;
Citroën;C3;2014;75000;Rosario;Santa Fe;7677.42;
Peugeot;207 Compact;2012;136000;Flores;Ciudad Autónoma Buenos Aires;7090.32;
Audi;Q2;2024;9527;Pilar;Buenos Aires (A.M.B.A.);42500.0;
Chevrolet;Tracker;2016;150000;Pilar;Buenos Aires;11290.32;
Peugeot;208;2017;64000;La Plata;Buenos Aires;10967.74;
Volkswagen;Nivus;2022;90000;Villa Urquiza;Ciudad Autónoma Buenos Aires;24500.0;
Peugeot;208;2019;55000;Caballito;Ciudad Autónoma Buenos Aires;7741.94;
FIAT;Punto;2013;140000;Ensenada;Buenos Aires;7741.94;
Peugeot;2008;2016;187000;Banfield;Buenos Aires (A.M.B.A.);9800.0;
Chery;Tiggo 3;2019;137000;Mendoza;Mendoza;10967.74;
Ford;Ranger Raptor;2024;20200;Vicente Lopez;Buenos Aires (A.M.B.A.);75000.0;
Ford;Ka;2019;57000;Necochea;Buenos Aires;10838.71;
Renault;Fluence;2013;174000;Avellaneda;Buenos Aires (A.M.B.A.);7419.35;
Renault;Logan;2018;138000;Hurlingham;Buenos Aires (A.M.B.A.);9032.26;
Renault;Captur;2017;72000;Río Cuarto;Córdoba;14193.55;
Chevrolet;Agile;2014;94000;Flores;Ciudad Autónoma Buenos Aires;7096.77;
Volkswagen;Suran;2015;92000;San Martin de los Andes;Neuquén;10322.58;
FIAT;Toro;2018;190000;Martinez;Buenos Aires (A.M.B.A.);13000.0;
RAM;1500;2022;74000;Tigre;Buenos Aires (A.M.B.A.);53500.0;
Volkswagen;Voyage;2009;176000;Dorrego;Mendoza;6129.03;
FIAT;Cronos;2021;7600;Olivos;Buenos Aires (A.M.B.A.);14193.55;
Ford;Fiesta Kinetic;2013;160000;Rosario;Santa Fe;8129.03;
Renault;Clio;2006;163000;Avellaneda;Buenos Aires (A.M.B.A.);3096.77;
Ford;Ranger;2015;270000;Lujan de Cuyo;Mendoza;12580.65;
Isuzu;Trooper;1998;303000;Córdoba;Córdoba;10500.0;
Chevrolet;Equinox;2024;42000;Villa Constitución;Santa Fe;30000.0;
Nissan;Sentra;2021;53000;Villa Ballester;Buenos Aires (A.M.B.A.);18387.1;
FIAT;Uno;2011;244000;Nuñez;Ciudad Autónoma Buenos Aires;8000.0;
Renault;Clio Mío;2013;156000;Neuquén;Neuquén;7096.77;
Ford;Ranger;2014;257000;Palermo;Ciudad Autónoma Buenos Aires;16129.03;
Volkswagen;Polo;2016;83000;Villa Devoto;Ciudad Autónoma Buenos Aires;9032.26;
Volkswagen;Amarok;2019;144000;Lujan de Cuyo;Mendoza;38500.0;
Citroën;Xsara Picasso;2012;123000;Escobar;Buenos Aires (A.M.B.A.);7741.94;
Volkswagen;Gol Trend;2019;93000;Avellaneda;Buenos Aires (A.M.B.A.);10000.0;
Ford;Ka;2013;96000;Villa Ballester;Buenos Aires (A.M.B.A.);5741.94;
Chevrolet;Onix Joy;2021;65000;Río Tercero;Córdoba;10967.74;
Renault;Sandero;2018;75000;Parque Avellaneda;Ciudad Autónoma Buenos Aires;11290.32;
Chevrolet;Onix Plus;2020;73000;Boedo;Ciudad Autónoma Buenos Aires;12580.65;
Ford;Territory;2024;44000;Córdoba;Córdoba;32000.0;
Peugeot;208;2013;132000;Lanus;Buenos Aires (A.M.B.A.);9225.81;
Volkswagen;up!;2015;206273;Escobar;Buenos Aires (A.M.B.A.);8000.0;
Ford;Focus;2011;48157;Flores;Ciudad Autónoma Buenos Aires;9354.84;
BMW;Serie 3 Sedán;2012;160500;Lomas De Zamora;Buenos Aires (A.M.B.A.);17000.0;
Volkswagen;Fox;2015;130000;Córdoba;Córdoba;9677.42;
Nissan;Versa;2017;85000;Versalles;Ciudad Autónoma Buenos Aires;10000.0;
Peugeot;208;2024;24000;Córdoba;Córdoba;20000.0;
Chevrolet;Meriva;2010;220000;Santa Fe;Santa Fe;5354.84;
Toyota;Corolla Cross Hybrid;2024;9000;Villa Ballester;Buenos Aires (A.M.B.A.);33500.0;
Chevrolet;Classic;2015;98000;Córdoba;Córdoba;6580.65;
Chevrolet;Cruze;2018;103000;Escobar;Buenos Aires (A.M.B.A.);13548.39;
FIAT;Argo;2018;106000;San Nicolás;Ciudad Autónoma Buenos Aires;11612.9;
Mercedes;Clase A Hatchback;2019;83000;Banfield;Buenos Aires (A.M.B.A.);35500.0;
Chery;Tiggo 3;2017;180000;Mar del Plata;Buenos Aires;12000.0;
Volkswagen;Gol Country;2013;13000;Gonzalez Catán;Buenos Aires (A.M.B.A.);7032.26;
Volkswagen;Amarok;2023;102000;Yerba Buena - Marcos Paz;Tucumán;26129.03;
Peugeot;2008;2021;41000;Córdoba;Córdoba;14838.71;
FIAT;Punto;2015;165369;Valentin Alsina;Buenos Aires (A.M.B.A.);6193.55;
Chevrolet;Corsa Classic;2016;86000;Olivos;Buenos Aires (A.M.B.A.);7419.35;
Renault;Duster;2017;159000;Barracas;Ciudad Autónoma Buenos Aires;11900.0;
Peugeot;307;2011;168000;Escobar;Buenos Aires (A.M.B.A.);9000.0;
Ford;Focus Sedán;2014;80000;Lujan de Cuyo;Mendoza;11290.32;
Volkswagen;Voyage;2013;202000;Escobar;Buenos Aires (A.M.B.A.);7419.35;
Volkswagen;Amarok;2014;210000;La Plata;Buenos Aires;16774.19;
Toyota;SW4;2017;96000;Mar del Plata;Buenos Aires;38000.0;
Ford;Fiesta Kinetic;2016;102000;Córdoba;Córdoba;10322.58;
Alfa Romeo;MiTo;2011;119000;Monte Castro;Ciudad Autónoma Buenos Aires;11800.0;
Toyota;Corolla;2021;94000;Saavedra;Ciudad Autónoma Buenos Aires;19225.81;
Renault;Kwid;2018;76000;Mendoza;Mendoza;8129.03;
Ford;Ka;2020;75000;Versalles;Ciudad Autónoma Buenos Aires;11290.32;
Peugeot;206;2012;199000;Olivos;Buenos Aires (A.M.B.A.);6451.61;
Peugeot;308;2014;123000;Lomas De Zamora;Buenos Aires (A.M.B.A.);10322.58;
FIAT;Qubo;2012;183500;Moreno;Buenos Aires (A.M.B.A.);8709.68;
Ford;EcoSport;2013;236000;Lomas De Zamora;Buenos Aires (A.M.B.A.);9000.0;
Ford;Ranger;2017;148000;Escobar;Buenos Aires (A.M.B.A.);17500.0;
FIAT;Cronos;2020;96000;Córdoba;Córdoba;11161.29;
Toyota;Corolla Cross;2021;77500;Córdoba;Córdoba;24838.71;
Chevrolet;Tracker;2023;72272;Córdoba;Córdoba;20232.26;
Mercedes;Viano;2004;147000;Flores;Ciudad Autónoma Buenos Aires;18000.0;
Chevrolet;S 10;2012;315000;Ayacucho;Buenos Aires;10645.16;
Ford;Ranger;2021;160000;Bahía Blanca;Buenos Aires;27419.35;
Volkswagen;Voyage;2016;95600;Villa Fiad - Ingenio Leales;Tucumán;8064.52;
Peugeot;2008;2017;86500;Villa Urquiza;Ciudad Autónoma Buenos Aires;10967.74;
FIAT;Cronos;2025;2100;Monserrat;Ciudad Autónoma Buenos Aires;20451.61;
Peugeot;308;2014;114000;Ezeiza;Buenos Aires (A.M.B.A.);9935.48;
Citroën;C3;2013;106000;Escobar;Buenos Aires (A.M.B.A.);8064.52;
Ford;Focus;2009;193000;Escobar;Buenos Aires (A.M.B.A.);8000.0;
Citroën;Berlingo Furgón;2018;120000;Bernal;Buenos Aires (A.M.B.A.);10516.13;
Ford;Fiesta Kinetic;2014;101000;Rosario;Santa Fe;8709.68;
Toyota;Hilux;2022;65000;Neuquén;Neuquén;43870.97;
Renault;Clio Mío;2016;210000;Boedo;Ciudad Autónoma Buenos Aires;7419.35;
Jeep;Compass;2020;53356;San Luis;San Luis;18387.1;
Toyota;Etios Sedán;2020;55000;Palermo;Ciudad Autónoma Buenos Aires;13548.39;
BMW;X1;2013;142000;Escobar;Buenos Aires (A.M.B.A.);16000.0;
Peugeot;207 Compact;2015;65000;Las Varillas;Córdoba;7419.35;
Volkswagen;Fox;2012;117000;Rosario;Santa Fe;8064.52;
Hyundai;Genesis Coupé;2010;40000;Villa Luro;Ciudad Autónoma Buenos Aires;22000.0;
Volkswagen;Gol Trend;2021;90000;Villa Urquiza;Ciudad Autónoma Buenos Aires;11806.45;
Audi;Q3;2019;91800;Monte Castro;Ciudad Autónoma Buenos Aires;27990.0;
Renault;Clio;2013;99000;Río Cuarto;Córdoba;7096.77;
Ford;Ka;2018;109000;Villa Devoto;Ciudad Autónoma Buenos Aires;9225.81;
Renault;Sandero;2016;190000;Concordia;Entre Ríos;9032.26;
Citroën;C3;2019;133000;Salta;Salta;10967.74;
Ford;Ranger;2019;35000;Rodeo De La Cruz;Mendoza;20645.16;
FIAT;Toro;2018;117000;Córdoba;Córdoba;16645.16;
Toyota;Hilux;2015;234000;Rufino;Santa Fe;15161.29;
Volkswagen;Vento;2015;123500;Avellaneda;Buenos Aires (A.M.B.A.);10838.71;
Ford;Fiesta;2014;154000;Córdoba;Córdoba;8967.1;
Lifan;Foison;2020;108000;Paternal;Ciudad Autónoma Buenos Aires;11290.32;
Volkswagen;Taos;2025;9200;Puerto Madero;Ciudad Autónoma Buenos Aires;27419.35;
Chevrolet;Cruze;2022;80000;Florencio Varela;Buenos Aires (A.M.B.A.);16451.61;
Peugeot;Partner;2020;70533;Rosario;Santa Fe;14000.0;
Renault;Duster;2017;133000;Cosquín;Córdoba;10322.58;
Subaru;Forester;2016;99000;Bahía Blanca;Buenos Aires;25500.0;
Citroën;C4 Aircross;2014;133500;Villa Urquiza;Ciudad Autónoma Buenos Aires;10500.0;
FIAT;Palio;2016;109285;San Luis;San Luis;9032.26;
Ford;EcoSport;2018;87000;Salta;Salta;14193.55;
Audi;A4;2021;77500;Villa Urquiza;Ciudad Autónoma Buenos Aires;34900.0;
FIAT;Palio Weekend;2011;200000;Bahía Blanca;Buenos Aires;6774.19;
Peugeot;208;2021;50000;Caballito;Ciudad Autónoma Buenos Aires;4838.71;
Ford;Maverick;2025;4900;Puerto Madero;Ciudad Autónoma Buenos Aires;35500.0;
Volkswagen;Polo;2007;30000;Villa Constitución;Santa Fe;6322.58;
Honda;HR-V;2017;136000;Ciudadela;Buenos Aires (A.M.B.A.);15500.0;
Toyota;Hilux;2021;95000;Eldorado;Misiones;16129.03;
Peugeot;208;2024;15000;Flores;Ciudad Autónoma Buenos Aires;1935.48;
Volkswagen;Amarok;2021;148000;Concordia;Entre Ríos;27741.94;
Toyota;Hilux;2008;211000;Salta;Salta;17741.94;
Nissan;Kicks;2024;78000;Salta;Salta;23225.81;
Renault;Kangoo Express;2013;186000;Paternal;Ciudad Autónoma Buenos Aires;7741.94;
Peugeot;207;2012;114243;San Luis;San Luis;7096.77;
Renault;Kangoo Express;2022;90000;La Tablada;Buenos Aires (A.M.B.A.);17741.94;
Peugeot;2008;2018;50000;Belgrano;Ciudad Autónoma Buenos Aires;12903.23;
FIAT;Uno;2014;180000;Mayor Drummond;Mendoza;5322.58;
FIAT;Punto;2015;136000;La Tablada;Buenos Aires (A.M.B.A.);8225.81;
Renault;Sandero;2018;116000;Barrio Las Margaritas;Buenos Aires;10967.74;
Volkswagen;Amarok;2019;78500;Dorrego;Mendoza;20645.16;
Renault;Sandero;2019;128000;Tristan Suarez;Buenos Aires (A.M.B.A.);11741.94;
Renault;Kwid;2018;62660;Boedo;Ciudad Autónoma Buenos Aires;7935.48;
Ford;EcoSport;2017;143000;Las Flores;Buenos Aires;11500.0;
Peugeot;3008 SUV;2018;85000;Córdoba;Córdoba;23500.0;
Volkswagen;Bora;2013;149000;Castelar;Buenos Aires (A.M.B.A.);12500.0;
Peugeot;5008 SUV;2018;23000;Haedo;Buenos Aires (A.M.B.A.);21000.0;
FIAT;Argo;2018;90000;Posadas;Misiones;10645.16;
Renault;Kwid;2019;85000;Olivos;Buenos Aires (A.M.B.A.);11900.0;
Peugeot;208;2022;30000;Caballito;Ciudad Autónoma Buenos Aires;4193.55;
Audi;Q5;2011;171000;Monte Caseros;Corrientes;14516.13;
Suzuki;Fun;2007;187000;Martinez;Buenos Aires (A.M.B.A.);4645.16;
FIAT;Pulse Abarth;2025;31;Córdoba;Córdoba;26428.39;
Ford;F-100;1993;214000;La Plata;Buenos Aires;25000.0;
Peugeot;208;2021;32000;Caballito;Ciudad Autónoma Buenos Aires;5806.45;
Citroën;Basalt;2025;21000;Moreno;Buenos Aires (A.M.B.A.);17419.35;
Peugeot;208;2021;37000;Caballito;Ciudad Autónoma Buenos Aires;4193.55;
Chevrolet;Astra;2008;148000;El Challao;Mendoza;4838.71;
Toyota;Yaris;2021;93500;Resistencia;Chaco;16129.03;
Citroën;C4 Grand Picasso;2013;204000;Martinez;Buenos Aires (A.M.B.A.);7200.0;
Volkswagen;Voyage;2013;159400;Mar del Plata;Buenos Aires;9500.0;
Volkswagen;Suran;2010;141768;Floresta;Ciudad Autónoma Buenos Aires;6774.19;
Citroën;C4 Lounge;2016;131500;Córdoba;Córdoba;8903.23;
KIA;Sportage;2010;220000;Rosario;Santa Fe;7741.94;
Renault;Sandero Stepway;2010;210000;Mayor Drummond;Mendoza;6903.23;
Citroën;C4 Grand Picasso;2017;170000;Cañada de Gomez;Santa Fe;13225.81;
Peugeot;208;2025;15000;Las Corzuelas;Córdoba;17354.84;
Ford;F-100;1980;400000;Villa Mercedes;San Luis;6580.65;
Nissan;Tiida;2014;188000;Córdoba;Córdoba;9032.26;
Peugeot;Hoggar;2013;160000;Salta;Salta;7096.77;
Nissan;Pathfinder;1992;430000;Villa Gesell;Buenos Aires;4838.71;
Peugeot;Partner;2019;34000;Caballito;Ciudad Autónoma Buenos Aires;3870.97;
Nissan;Kicks;2020;98000;1a. Seccion;Mendoza;18500.0;
FIAT;Toro;2017;110000;Obera;Misiones;12903.23;
Peugeot;2008;2022;50000;Caballito;Ciudad Autónoma Buenos Aires;5806.45;
Renault;Kardian;2026;1;Córdoba;Córdoba;25161.29;
Ford;Bronco Sport;2021;49000;Río Cuarto;Córdoba;12903.23;
Peugeot;208;2022;32000;Caballito;Ciudad Autónoma Buenos Aires;4516.13;
Citroën;C3;2019;48000;Rosario;Santa Fe;10903.23;
Volkswagen;Vento;2018;177500;La Plata;Buenos Aires;13870.97;
Toyota;Corolla;2016;167000;Lomas De Zamora;Buenos Aires (A.M.B.A.);15000.0;
Jeep;Compass;2021;56000;Rosario;Santa Fe;19677.42;
Mercedes;Clase A Hatchback;2014;19000;Villa Urquiza;Ciudad Autónoma Buenos Aires;27000.0;
Ford;EcoSport;2015;95500;Lujan de Cuyo;Mendoza;10000.0;
Peugeot;208;2021;45000;Caballito;Ciudad Autónoma Buenos Aires;4516.13;
Peugeot;206;2007;233765;Guaymallén;Mendoza;4838.71;
FIAT;Cronos;2019;76000;Córdoba;Córdoba;11612.9;
Audi;RS 3 Sportback;2018;86000;Villa Urquiza;Ciudad Autónoma Buenos Aires;68900.0;
Peugeot;Partner;2012;162692;Escobar;Buenos Aires (A.M.B.A.);7741.94;
FIAT;Punto;2010;173000;Córdoba;Córdoba;4838.71;
Ford;Ranger;2025;44000;Ayacucho;Buenos Aires;45096.77;
FIAT;Strada;2022;130000;Rodeo De La Cruz;Mendoza;16064.52;
Renault;Clio;2006;168000;Parana;Entre Ríos;4516.13;
Renault;Master;2009;171000;San Francisco;Córdoba;15161.29;
Renault;Sandero Stepway;2022;52000;Lanus;Buenos Aires (A.M.B.A.);12903.23;
Volkswagen;Nivus;2024;22500;Flores;Ciudad Autónoma Buenos Aires;2258.06;
Honda;Fit;2014;130300;Neuquén;Neuquén;13500.0;
KIA;Sportage;2018;107000;General Pico;La Pampa;25000.0;
Ford;Focus;2015;188000;Luján;Buenos Aires;12000.0;
Volkswagen;Nivus;2024;20000;Flores;Ciudad Autónoma Buenos Aires;2258.06;
Toyota;Etios Sedán;2018;50000;Villa Urquiza;Ciudad Autónoma Buenos Aires;12516.13;
Honda;Civic;2014;186000;Vicente Lopez;Buenos Aires (A.M.B.A.);13000.0;
Volkswagen;Vento;2014;168500;Santa Lucía;Buenos Aires;10000.0;
Chevrolet;Cruze 5;2017;148000;General Pacheco;Buenos Aires (A.M.B.A.);15000.0;
Peugeot;3008 SUV;2022;38000;Chacarita;Ciudad Autónoma Buenos Aires;28000.0;
Ford;Ranger;2016;181215;Córdoba;Córdoba;20000.0;
Ford;Ranger;2015;176800;Córdoba;Córdoba;16129.03;
Citroën;Xsara Picasso;2009;142000;San Justo;Buenos Aires (A.M.B.A.);7200.0;
Ford;Ka;2004;260000;Mendoza;Mendoza;3548.39;
Hyundai;i10;2011;195000;Boedo;Ciudad Autónoma Buenos Aires;6900.0;
Ford;Ranger;2018;90000;Tafi Viejo;Tucumán;23225.81;
Ford;Ranger;2014;198000;Versalles;Ciudad Autónoma Buenos Aires;18900.0;
Nissan;Versa;2023;9700;Avellaneda;Buenos Aires (A.M.B.A.);18064.52;
Peugeot;208;2022;36000;Caballito;Ciudad Autónoma Buenos Aires;4516.13;
Chevrolet;Tracker;2014;139000;Córdoba;Córdoba;9999.35;
Audi;Q8;2021;27000;Villa Urquiza;Ciudad Autónoma Buenos Aires;99000.0;
Chevrolet;Cruze;2018;175000;Villa Urquiza;Ciudad Autónoma Buenos Aires;12500.0;
Ford;Ranger;2024;29000;Concordia;Entre Ríos;22903.23;
FIAT;Palio Weekend;2007;202000;San Martin;Buenos Aires (A.M.B.A.);5612.9;
Ford;EcoSport;2015;153000;Hurlingham;Buenos Aires (A.M.B.A.);11741.94;
Alfa Romeo;MiTo;2013;132000;Córdoba;Córdoba;11290.32;
Hyundai;HB20;2025;10000;Recoleta;Ciudad Autónoma Buenos Aires;20000.0;
Volkswagen;Golf;2016;134000;Rosario;Santa Fe;9354.84;
Nissan;Note;2017;82000;Vicente Lopez;Buenos Aires (A.M.B.A.);10193.55;
Chevrolet;Prisma;2015;88514;Junín;Buenos Aires;10000.0;
Chevrolet;Tracker;2025;2500;San Vicente;Misiones;23870.97;
MINI;Cooper Countryman;2017;123000;Villa Urquiza;Ciudad Autónoma Buenos Aires;21900.0;
Volkswagen;Amarok;2022;42000;La Plata;Buenos Aires;24516.13;
Volkswagen;Gol Trend;2019;82000;Tanti;Córdoba;11096.77;
Renault;Sandero;2018;96000;General Guemes;Salta;9677.42;
Peugeot;2008;2016;115000;San Telmo;Ciudad Autónoma Buenos Aires;9677.42;
Mercedes;Clase SLK;2018;47000;Yerba Buena - Marcos Paz;Tucumán;24516.13;
Volkswagen;Vento;2016;50000;Villa Luro;Ciudad Autónoma Buenos Aires;18000.0;
Ford;EcoSport;2014;173000;Córdoba;Córdoba;9677.42;
Citroën;C4 Lounge;2018;34890;Puerto Iguazú;Misiones;11612.9;
Peugeot;2008;2016;112000;Floresta;Ciudad Autónoma Buenos Aires;11000.0;
DS;3;2018;16000;San Miguel de Tucumán;Tucumán;14900.0;
Chevrolet;Onix Joy;2017;66000;Coghlan;Ciudad Autónoma Buenos Aires;9800.0;
Chevrolet;Cobalt;2015;118000;Parque Patricios;Ciudad Autónoma Buenos Aires;7870.97;
Jeep;Renegade;2021;80100;Cosquín;Córdoba;19900.0;
Citroën;C4 Lounge;2014;85500;Alejandro Korn;Buenos Aires;8709.68;
Ford;T;1929;1000;Las Heras;Mendoza;19500.0;coleccion
Chevrolet;Montana;2012;233765;Guaymallén;Mendoza;7741.94;
Chevrolet;Astra;2008;267000;Córdoba;Córdoba;6774.19;
Renault;Duster;2018;161700;Córdoba;Córdoba;12192.9;
Peugeot;Expert;2019;64000;Caballito;Ciudad Autónoma Buenos Aires;9967.74;
Renault;Duster;2016;78000;Resistencia;Chaco;12258.06;
Renault;Kangoo Express;2012;146000;Quilmes;Buenos Aires (A.M.B.A.);6451.61;
Toyota;GR Yaris;2021;17000;Villa Urquiza;Ciudad Autónoma Buenos Aires;48900.0;
Volkswagen;Polo;1996;118000;Chacarita;Ciudad Autónoma Buenos Aires;2580.65;
FIAT;Siena;2015;163867;Escobar;Buenos Aires (A.M.B.A.);7741.94;
Citroën;C3;2020;54000;Córdoba;Córdoba;10838.71;
Volkswagen;Suran;2014;135100;Carrodilla;Mendoza;8387.1;
Peugeot;408;2014;87000;Flores;Ciudad Autónoma Buenos Aires;7677.42;
Peugeot;208;2018;59000;Caballito;Ciudad Autónoma Buenos Aires;11806.45;
Ford;Focus;2018;100000;Parque Chacabuco;Ciudad Autónoma Buenos Aires;11290.32;
FIAT;Strada;2023;150000;San Francisco;Córdoba;16116.13;
FIAT;Argo;2018;280000;Villa Devoto;Ciudad Autónoma Buenos Aires;9032.26;
Toyota;Corolla;2020;106000;Villa Del Parque;Ciudad Autónoma Buenos Aires;20500.0;
FIAT;Argo;2019;103700;San Salvador de Jujuy;Jujuy;10322.58;
Renault;Clio;2005;220000;Isidro Casanova;Buenos Aires (A.M.B.A.);3500.0;
Toyota;Corolla;2023;46200;Córdoba;Córdoba;12903.23;
Renault;Clio Mío;2015;153000;Godoy Cruz;Mendoza;5806.45;
Volkswagen;Vento GLI;2016;141000;Santa Fe;Santa Fe;16774.19;
Ford;Focus;2011;175000;Ayacucho;Buenos Aires;8322.58;
Chevrolet;Cruze;2016;69500;Resistencia;Chaco;9032.26;
Chevrolet;Corsa;2009;162812;Concepción Del Uruguay;Entre Ríos;4516.13;
Peugeot;208;2018;90000;Acassuso;Buenos Aires (A.M.B.A.);13500.0;
Mercedes;Clase A Sedán;2018;160000;La Plata;Buenos Aires;18000.0;
Chevrolet;Cruze;2017;113000;Escobar;Buenos Aires (A.M.B.A.);14150.0;
Renault;Duster;2017;129000;San Francisco;Córdoba;10516.13;
Chevrolet;Tracker;2018;120000;Zárate;Buenos Aires;12580.65;
Volkswagen;Amarok;2015;170000;Villa Devoto;Ciudad Autónoma Buenos Aires;21500.0;
Volkswagen;Polo 5P;2024;47000;Villa Luro;Ciudad Autónoma Buenos Aires;9548.39;
Ford;F-350;1986;200000;Villa Krause;San Juan;9677.42;
Citroën;C4 Cactus;2022;46000;Zapala;Neuquén;14838.71;
Hyundai;Santa Fe;2017;190000;Versalles;Ciudad Autónoma Buenos Aires;26500.0;
Renault;Duster;2014;121000;San Francisco;Córdoba;8903.23;
Audi;A3 Sportback;2017;102000;Villa Urquiza;Ciudad Autónoma Buenos Aires;21900.0;
Jeep;Compass;2022;41804;San Francisco;Córdoba;28322.58;
Chevrolet;Cruze;2023;43000;Caballito;Ciudad Autónoma Buenos Aires;20000.0;
Chevrolet;Cruze;2020;48500;Santiago del Estero;Santiago del Estero;16774.19;
Mercedes;Clase E Sedán;2008;92000;Caballito;Ciudad Autónoma Buenos Aires;23899.0;
Peugeot;208;2021;21000;Caballito;Ciudad Autónoma Buenos Aires;13870.97;
Chevrolet;Cruze;2022;65000;Rosario;Santa Fe;16129.03;
Ford;Focus;2015;76200;Maipu;Mendoza;9300.0;
Volkswagen;Suran;2014;175000;Ayacucho;Buenos Aires;9032.26;
FIAT;Uno;2011;127500;Ituzaingo;Buenos Aires (A.M.B.A.);6129.03;
Toyota;Yaris;2025;7000;Saenz Peña;Buenos Aires (A.M.B.A.);20000.0;
Citroën;C3 Picasso;2013;160000;Moreno;Buenos Aires (A.M.B.A.);6774.19;
Peugeot;308;2014;86000;Resistencia;Chaco;9677.42;
Ford;Ranger;2016;98500;Puerto Madero;Ciudad Autónoma Buenos Aires;27000.0;
FIAT;Cronos;2021;152000;Lanus;Buenos Aires (A.M.B.A.);7741.94;
Peugeot;307;2007;165000;Villa Ballester;Buenos Aires (A.M.B.A.);5032.26;
Chevrolet;Prisma;2016;126500;Lomas De Zamora;Buenos Aires (A.M.B.A.);8193.55;
Ford;Territory;2023;47000;Puerto Madero;Ciudad Autónoma Buenos Aires;26387.1;
Citroën;C4 Lounge;2014;83000;Flores;Ciudad Autónoma Buenos Aires;10990.0;
Peugeot;Partner;2018;75000;Lomas De Zamora;Buenos Aires (A.M.B.A.);10193.55;
Volkswagen;Senda;1994;109000;Flores;Ciudad Autónoma Buenos Aires;5490.0;
Audi;A3 Sedán;2020;102000;Villa Urquiza;Ciudad Autónoma Buenos Aires;28500.0;
Chevrolet;Meriva;2011;152000;Almagro;Ciudad Autónoma Buenos Aires;5677.42;
Peugeot;208;2019;56000;Caballito;Ciudad Autónoma Buenos Aires;5161.29;
Peugeot;208;2019;45000;Caballito;Ciudad Autónoma Buenos Aires;4516.13;
Peugeot;208;2016;86000;Villa Elisa;Buenos Aires;9870.97;
Volkswagen;Vento;2011;198000;Las Heras;Mendoza;1225.81;
Peugeot;208;2025;7000;Mataderos;Ciudad Autónoma Buenos Aires;19500.0;
Citroën;C4 Lounge;2017;155000;Villa Mercedes;San Luis;10000.0;
Ford;EcoSport;2018;65500;San Cristóbal;Ciudad Autónoma Buenos Aires;15290.32;
Peugeot;208;2016;86000;Caballito;Ciudad Autónoma Buenos Aires;5806.45;
Peugeot;208;2014;158000;Flores;Ciudad Autónoma Buenos Aires;7735.48;
Renault;Mégane;2006;118500;Balvanera;Ciudad Autónoma Buenos Aires;5161.29;
Audi;Q5;2018;135000;Villa Urquiza;Ciudad Autónoma Buenos Aires;56000.0;
Toyota;Corolla;2016;130000;Flores;Ciudad Autónoma Buenos Aires;13870.97;
Chevrolet;Classic;2015;96000;Villa Del Parque;Ciudad Autónoma Buenos Aires;8032.26;
Ford;Ka;2012;154000;Pilar;Buenos Aires (A.M.B.A.);5741.94;
Volkswagen;Bora;2009;125600;Almagro;Ciudad Autónoma Buenos Aires;7805.81;
FIAT;Palio;2015;118000;Villa Urquiza;Ciudad Autónoma Buenos Aires;8064.52;
Toyota;Corolla;2016;110000;Córdoba;Córdoba;14000.0;
Peugeot;308;2013;127000;Hurlingham;Buenos Aires (A.M.B.A.);8645.16;
Renault;Sandero RS;2021;60400;Parana;Entre Ríos;15483.87;
RAM;1500;2020;95010;Parana;Entre Ríos;43000.0;
FIAT;Punto;2016;95000;Wilde;Buenos Aires (A.M.B.A.);8967.74;
Chevrolet;Classic;2012;165000;Guaymallén;Mendoza;6129.03;
Peugeot;208;2022;17460;Córdoba;Córdoba;15806.45;
Mercedes;Clase A Hatchback;2013;95000;25 de Mayo;Buenos Aires;27000.0;
Ford;Fiesta Kinetic;2020;108000;Córdoba;Córdoba;12258.06;
Peugeot;208;2021;40000;Caballito;Ciudad Autónoma Buenos Aires;4193.55;
Toyota;Etios Hatchback;2021;99000;Córdoba;Córdoba;15419.35;
Honda;HR-V;2022;61000;Lujan de Cuyo;Mendoza;25161.29;
Renault;Duster;2015;122500;San Francisco;Córdoba;11290.32;
Chevrolet;Cruze;2017;175000;Villa Mercedes;San Luis;15161.29;
Hyundai;H1;2016;142000;Mar del Plata;Buenos Aires;29000.0;
Ford;Focus;2015;102300;Parana;Entre Ríos;11612.9;
FIAT;Pulse;2023;53000;Villa Lynch;Buenos Aires (A.M.B.A.);20129.03;
Volkswagen;Voyage;2013;151000;Ayacucho;Buenos Aires;8709.68;
Toyota;Yaris Sedán;2021;49000;Ciudadela;Buenos Aires (A.M.B.A.);17096.77;
Volkswagen;Gol Trend;2013;192000;Mendoza;Mendoza;7419.35;
FIAT;Toro;2016;154000;Córdoba;Córdoba;11612.9;
Peugeot;208;2024;21000;Río Ceballos;Córdoba;17419.35;
Audi;A4;2013;124000;Mendoza;Mendoza;16500.0;
FIAT;Strada;2024;35000;Eldorado;Misiones;18064.52;
Volkswagen;Amarok;2015;163000;Villa Allende;Córdoba;26000.0;
Mercedes;Clase E Sedán;2018;88000;Villa Urquiza;Ciudad Autónoma Buenos Aires;45000.0;
RAM;Rampage;2024;18500;Puerto Madero;Ciudad Autónoma Buenos Aires;39500.0;
Peugeot;208;2018;62000;Hurlingham;Buenos Aires (A.M.B.A.);15500.0;
Chevrolet;Corsa;2002;109000;Godoy Cruz;Mendoza;4516.13;
Citroën;C3;2014;119000;Luzuriaga;Mendoza;9354.19;
Ford;Focus;2004;200000;Córdoba;Córdoba;5419.35;
Chevrolet;Celta;2011;112000;Avellaneda;Buenos Aires (A.M.B.A.);5161.29;
Nissan;Sentra;2011;183000;Villa Devoto;Ciudad Autónoma Buenos Aires;6064.52;
Chevrolet;Tracker;2018;88500;Rosario;Santa Fe;13548.39;
Ford;Ka Freestyle;2020;40000;Villa Lugano;Ciudad Autónoma Buenos Aires;12645.16;
Geely;Emgrand GS;2018;99000;San Martin;Buenos Aires (A.M.B.A.);12000.0;
Renault;Sandero;2013;104000;Tortuguitas;Buenos Aires (A.M.B.A.);7741.94;
Toyota;Corolla;2018;85700;Flores;Ciudad Autónoma Buenos Aires;18500.0;
Renault;Clio;2015;20000;Puerto Madero;Ciudad Autónoma Buenos Aires;9900.0;
Chevrolet;Cruze;2021;50000;Bahía Blanca;Buenos Aires;16451.61;
Volkswagen;Taos;2024;25000;Flores;Ciudad Autónoma Buenos Aires;4516.13;
FIAT;Siena;2008;177000;Córdoba;Córdoba;5483.87;
Renault;Duster Oroch;2016;104000;Barracas;Ciudad Autónoma Buenos Aires;11900.0;
Volkswagen;T-Cross;2021;121850;Parana;Entre Ríos;17741.94;
Volkswagen;Amarok;2022;130000;Córdoba;Córdoba;22580.65;
Peugeot;208;2019;50000;Caballito;Ciudad Autónoma Buenos Aires;4193.55;
Peugeot;Expert;2022;37000;Caballito;Ciudad Autónoma Buenos Aires;12903.23;
Peugeot;208;2023;25000;Caballito;Ciudad Autónoma Buenos Aires;5806.45;
Peugeot;208;2023;25500;Caballito;Ciudad Autónoma Buenos Aires;5290.32;
Renault;Kangoo;2011;230000;Coronel Suárez;Buenos Aires;7096.77;
Volkswagen;Gol;2020;128000;Escobar;Buenos Aires (A.M.B.A.);10645.16;
FIAT;Siena;2015;146000;Maipu;Mendoza;7096.77;
Citroën;Basalt;2025;1100;Formosa;Formosa;17419.35;
Chevrolet;Spin Activ;2017;37500;Villa Ballester;Buenos Aires (A.M.B.A.);13354.84;
FIAT;Cronos;2019;65000;Armstrong;Santa Fe;10967.74;
Volkswagen;Voyage;2011;210000;Santa María;Buenos Aires;6774.19;
Hyundai;H100;2017;92000;Salta;Salta;21000.0;
Volkswagen;Gol;2012;195000;Guaymallén;Mendoza;5483.87;
Renault;Clio Mío;2013;77000;Luzuriaga;Mendoza;7735.48;
Peugeot;208;2024;16000;Caballito;Ciudad Autónoma Buenos Aires;4838.71;
FIAT;Argo;2018;89351;San Francisco;Córdoba;11548.39;
FIAT;Palio Weekend;2016;125000;Comodoro Rivadavia;Chubut;9548.39;
FIAT;Cronos;2023;46500;Flores;Ciudad Autónoma Buenos Aires;13096.77;
FIAT;Toro;2017;179000;Flores;Ciudad Autónoma Buenos Aires;12129.03;
Ford;EcoSport;2019;122000;San Miguel;Buenos Aires (A.M.B.A.);14451.61;
Volkswagen;Amarok;2015;140000;San Andres;Buenos Aires (A.M.B.A.);22800.0;
Volkswagen;Bora;2014;164000;Villa Mercedes;San Luis;9870.97;
Peugeot;208;2023;12000;Caballito;Ciudad Autónoma Buenos Aires;15161.29;
Ford;Ranger;2023;38000;Mar del Plata;Buenos Aires;31000.0;
Renault;Captur;2017;142000;Capilla del Señor;Buenos Aires;11677.42;
Chevrolet;Corsa;2004;284000;Pilar;Buenos Aires (A.M.B.A.);1935.48;
Volkswagen;Amarok;2024;157000;Parana;Entre Ríos;31290.32;
Jeep;Compass;2025;12500;Palermo;Ciudad Autónoma Buenos Aires;30967.74;
FIAT;Cronos;2025;30000;Quilmes;Buenos Aires (A.M.B.A.);18064.52;
KIA;Sportage;2017;169000;Villa Devoto;Ciudad Autónoma Buenos Aires;17000.0;
Mercedes;Clase A Sedán AMG;2020;6400;Mendoza;Mendoza;45000.0;
Ford;EcoSport;2014;155000;Mar del Plata;Buenos Aires;11999.0;
Peugeot;308;2013;125000;Maipu;Mendoza;10322.58;
Volkswagen;Bora;2008;195000;Jáuregui;Buenos Aires;7096.77;
Peugeot;Partner;2022;72000;Caballito;Ciudad Autónoma Buenos Aires;7096.77;
Chevrolet;Prisma;2018;125000;Hurlingham;Buenos Aires (A.M.B.A.);10903.23;
Peugeot;2008;2016;100000;San Telmo;Ciudad Autónoma Buenos Aires;11290.32;
Chevrolet;Onix Joy;2019;85000;Córdoba;Córdoba;9548.39;
Renault;Alaskan;2021;130000;Lanus;Buenos Aires (A.M.B.A.);27000.0;
Renault;Kwid;2018;86000;Barrio Santa Isabel;Córdoba;9032.26;
Renault;Clio;2007;299000;Ramos Mejia;Buenos Aires (A.M.B.A.);3741.94;
Volkswagen;Virtus;2018;95700;Tandil;Buenos Aires;15354.84;
Chevrolet;Spin;2018;45000;Las Catitas;Mendoza;12903.23;
Volkswagen;Nivus;2020;35000;San Andres;Buenos Aires (A.M.B.A.);22700.0;
Ford;Ka;2007;129700;Mendoza;Mendoza;3032.26;
Volkswagen;Amarok;2014;140000;Zárate;Buenos Aires;16129.03;
Volkswagen;Tera;2026;500;San Isidro;Buenos Aires (A.M.B.A.);28500.0;
Chevrolet;Celta;2013;162000;Córdoba;Córdoba;4838.71;
Ford;Focus;2003;172000;La Plata;Buenos Aires;3806.45;
Peugeot;208;2025;3000;Caseros;Buenos Aires (A.M.B.A.);17741.94;
Volkswagen;Gol Trend;2012;153000;Villa Mercedes;San Luis;8903.23;
Ford;Ranger;2014;206700;Guaymallén;Mendoza;17096.77;
Hyundai;Santa Fe;2017;108000;Yerba Buena - Marcos Paz;Tucumán;18129.03;
Ford;EcoSport;2013;172000;Mar del Plata;Buenos Aires;9032.26;
FIAT;Uno;2013;106000;San Telmo;Ciudad Autónoma Buenos Aires;6129.03;
Toyota;SW4;2003;223000;Rosario;Santa Fe;11935.48;
Renault;11;1993;600000;Rosario;Santa Fe;2774.19;
Ford;Ranger;2023;23000;Lanus;Buenos Aires (A.M.B.A.);44000.0;
Citroën;C4;2010;134800;San Miguel;Buenos Aires (A.M.B.A.);4838.71;
Renault;Kwid;2019;31000;Nuñez;Ciudad Autónoma Buenos Aires;10903.23;
Chevrolet;Celta;2014;103000;Villa Ballester;Buenos Aires (A.M.B.A.);9000.0;
Chevrolet;Prisma;2016;117000;Floresta;Ciudad Autónoma Buenos Aires;10322.58;
Renault;Logan;2016;102000;Tandil;Buenos Aires;33000.0;
Volkswagen;Amarok;2020;99000;Córdoba;Córdoba;25806.45;
Peugeot;207 Compact;2014;108000;Isidro Casanova;Buenos Aires (A.M.B.A.);7500.0;
Toyota;Hilux;2016;175000;Wilde;Buenos Aires (A.M.B.A.);26645.16;
Jeep;Renegade;2020;50000;Villa Luro;Ciudad Autónoma Buenos Aires;17032.26;
FIAT;Palio Fire;2016;85000;Villa Urquiza;Ciudad Autónoma Buenos Aires;8967.74;
Ford;Fiesta;2015;123000;San Antonio De Areco;Buenos Aires;9000.0;
Toyota;C-HR;2022;75000;Villa Urquiza;Ciudad Autónoma Buenos Aires;33900.0;
FIAT;Mobi;2018;80000;Villa Luro;Ciudad Autónoma Buenos Aires;9354.84;
Chevrolet;Spin;2013;191000;La Plata;Buenos Aires;8800.0;
Peugeot;206;2003;141000;Recoleta;Ciudad Autónoma Buenos Aires;4451.61;
Renault;Captur;2018;74000;Berazategui;Buenos Aires (A.M.B.A.);13225.81;
Chevrolet;Cruze;2017;128000;Ayacucho;Buenos Aires;13225.81;
Renault;Duster;2017;82000;Wilde;Buenos Aires (A.M.B.A.);10903.23;
Peugeot;2008;2022;50000;Caballito;Ciudad Autónoma Buenos Aires;18709.68;
Volkswagen;Amarok;2015;190000;Ayacucho;Buenos Aires;16000.0;
Chevrolet;Spin;2017;230000;José C. Paz;Buenos Aires (A.M.B.A.);10400.0;
Volkswagen;Bora;2013;96300;La Plata;Buenos Aires;9354.84;
Citroën;C4 Cactus;2022;92000;Villa Carlos Paz;Córdoba;12451.61;
Ford;Territory;2025;1100;Olivos;Buenos Aires (A.M.B.A.);32258.06;
Ford;Fiesta;2012;145000;Ayacucho;Buenos Aires;7612.9;
Peugeot;208;2022;22000;Caballito;Ciudad Autónoma Buenos Aires;6129.03;
Renault;Duster;2012;98000;Formosa;Formosa;8380.65;
Volkswagen;Amarok;2017;110000;Lujan de Cuyo;Mendoza;17741.94;
Peugeot;208;2019;60000;Caballito;Ciudad Autónoma Buenos Aires;5806.45;
FIAT;Grand Siena;2013;167000;Monte Chingolo;Buenos Aires (A.M.B.A.);7096.77;
Volkswagen;Suran;2009;180000;Neuquén;Neuquén;6500.0;
Ford;Fiesta Kinetic Sedán;2017;149000;Villa Mercedes;San Luis;10709.68;
Peugeot;Partner;2013;156000;Wilde;Buenos Aires (A.M.B.A.);8064.52;
Suzuki;Swift;2010;116000;Rosario;Santa Fe;7412.9;
Ford;EcoSport;2021;71000;Yerba Buena - Marcos Paz;Tucumán;14000.0;
Ford;Focus;2013;86950;La Plata;Buenos Aires;12000.0;
Volkswagen;Gol Trend;2022;82000;Posadas;Misiones;13225.81;
Renault;Sandero Stepway;2012;115500;Santa Rosa;La Pampa;7419.35;
FIAT;Punto;2013;145000;Córdoba;Córdoba;8064.52;
Volkswagen;Gol Trend;2017;119000;Carrodilla;Mendoza;11290.32;
DS;7 Crossback;2021;108000;Almagro;Ciudad Autónoma Buenos Aires;23000.0;
Volkswagen;Fox;2014;86600;Rosario;Santa Fe;8193.55;
Toyota;Corolla Cross;2022;39500;Floresta;Ciudad Autónoma Buenos Aires;24500.0;
Peugeot;207 Compact;2009;260000;Lujan de Cuyo;Mendoza;5161.29;
Jeep;Renegade;2024;24000;San Justo;Buenos Aires (A.M.B.A.);31000.0;
Honda;Fit;2009;180000;Floresta;Ciudad Autónoma Buenos Aires;8500.0;
Ford;EcoSport;2013;172000;Villa Mercedes;San Luis;10193.55;
Dodge;Ram;2020;87000;Ayacucho;Buenos Aires;44800.0;
Ford;EcoSport;2014;150000;Recoleta;Ciudad Autónoma Buenos Aires;8387.1;
FIAT;Palio;2015;127000;Rosario;Santa Fe;7419.35;
Chevrolet;Cruze 5;2021;91000;Santa Fe;Santa Fe;16064.52;
Volkswagen;Gol Trend;2018;125000;Mendoza;Mendoza;9677.42;
Honda;CR-V;1998;230000;Wilde;Buenos Aires (A.M.B.A.);6387.1;
Ford;Focus;2017;105000;Barracas;Ciudad Autónoma Buenos Aires;13500.0;
Ford;Fiesta Kinetic;2015;82000;Córdoba;Córdoba;9354.84;
Ford;Focus;2014;115000;Martinez;Buenos Aires (A.M.B.A.);11300.0;
Renault;Kangoo;2013;145000;Juarez Celman;Córdoba;7096.77;
Peugeot;2008;2018;48000;Resistencia;Chaco;9354.84;
KIA;Sorento;2008;218000;Esquel;Chubut;11612.9;
Citroën;C3;2007;100000;Parana;Entre Ríos;5161.29;
Chery;QQ;2015;73349;San Clemente Del Tuyú;Buenos Aires;4516.13;
Honda;HR-V;2018;95000;Palermo;Ciudad Autónoma Buenos Aires;18064.52;
Citroën;C4;2014;202000;Ituzaingo;Buenos Aires (A.M.B.A.);8064.52;
Renault;Sandero Stepway;2020;40700;San Justo;Santa Fe;13870.97;
Ford;Fiesta Kinetic;2011;157000;Caballito;Ciudad Autónoma Buenos Aires;7612.9;
Peugeot;208;2022;16000;Caballito;Ciudad Autónoma Buenos Aires;9677.42;
Renault;Duster;2013;95000;9 de Julio;Buenos Aires;17000.0;
Citroën;C4 Lounge;2018;144000;Trelew;Chubut;10000.0;
Suzuki;Fun;2009;194000;Rosario;Santa Fe;4838.71;
Nissan;Tiida;2011;196000;Boedo;Ciudad Autónoma Buenos Aires;5483.87;
Peugeot;208;2019;100000;La Plata;Buenos Aires;12193.55;
Peugeot;2008;2021;54000;Caballito;Ciudad Autónoma Buenos Aires;14193.55;
Toyota;RAV4;2014;134000;Caballito;Ciudad Autónoma Buenos Aires;17800.0;
Peugeot;208;2020;100000;Rosario;Santa Fe;13548.39;
Volkswagen;Vento;2013;103000;Mataderos;Ciudad Autónoma Buenos Aires;12500.0;
Mercedes;Clase GLA;2018;125000;Barracas;Ciudad Autónoma Buenos Aires;23900.0;
Ford;Ka;2017;105002;Victoria;Entre Ríos;10645.16;
Renault;Sandero;2023;34000;Vicente Lopez;Buenos Aires (A.M.B.A.);13870.97;
Volkswagen;Golf;2011;160000;Río Cuarto;Córdoba;6774.19;
Chevrolet;Onix;2017;120100;Salta;Salta;9032.26;
BMW;Serie 3 Sedán;2017;56000;Rosario;Santa Fe;29000.0;
Peugeot;408;2013;118000;Las Heras;Mendoza;9354.84;
Renault;Clio Mío;2013;65300;La Plata;Buenos Aires;7300.0;
Citroën;C4 Lounge;2019;69616;San Luis;San Luis;15483.87;
Toyota;Corolla Cross;2024;59000;La Plata;Buenos Aires;34000.0;
Renault;Duster;2025;156000;Mendoza;Mendoza;7096.77;
FIAT;Cronos;2022;62000;Villa Luro;Ciudad Autónoma Buenos Aires;13225.81;
Toyota;SW4;2019;120000;Villa Constitución;Santa Fe;37800.0;
Ford;Focus Exe;2011;270000;Godoy Cruz;Mendoza;7741.94;
Peugeot;2008;2017;107000;Barracas;Ciudad Autónoma Buenos Aires;10900.0;
Ford;Fiesta Kinetic;2015;125000;Villa Del Parque;Ciudad Autónoma Buenos Aires;11000.0;
Volkswagen;Amarok;2020;72000;Puerto Madero;Ciudad Autónoma Buenos Aires;28322.58;
Peugeot;2008;2019;46000;Yerba Buena - Marcos Paz;Tucumán;12903.23;
Peugeot;208;2018;79000;Chacras de Coria;Mendoza;12000.0;
Volkswagen;Golf;2012;155000;Barracas;Ciudad Autónoma Buenos Aires;20500.0;
Jeep;Compass;2018;166000;Lanus;Buenos Aires (A.M.B.A.);16774.19;
Jeep;Commander;2022;92000;Santa Fe;Santa Fe;28709.68;
Ford;Territory;2021;49700;Lago Puelo;Chubut;26500.0;
FIAT;Argo;2019;97000;Luis Guillón;Buenos Aires (A.M.B.A.);12903.23;
Volkswagen;Polo 5P;2019;75000;Mendoza;Mendoza;12258.06;
Ford;EcoSport;2009;187000;Lujan de Cuyo;Mendoza;7741.94;
Peugeot;2008;2018;78900;Neuquén;Neuquén;10967.74;
FIAT;Toro;2018;72000;San Miguel de Tucumán;Tucumán;16129.03;
Nissan;Note;2018;90000;San Andres;Buenos Aires (A.M.B.A.);12500.0;
Peugeot;Partner;2013;241000;Quilmes Oeste;Buenos Aires (A.M.B.A.);6129.03;
Ford;Fiesta Kinetic;2017;89000;La Plata;Buenos Aires;11000.0;
Volkswagen;Amarok;2020;85000;Centro 25 De Junio;Salta;19354.84;
FIAT;Palio;2015;107000;La Plata;Buenos Aires;7548.39;
Renault;12;1990;180000;Godoy Cruz;Mendoza;2258.06;
Volkswagen;Fox;2018;75000;Cipolletti;Río Negro;10967.74;
Peugeot;Partner Patagónica;2018;78000;Flores;Ciudad Autónoma Buenos Aires;12580.65;
Ford;Focus;2018;66400;Chilecito;La Rioja;13870.97;
Toyota;RAV4;2019;190000;Parana;Entre Ríos;30967.74;
Peugeot;308;2016;127000;Belgrano;Ciudad Autónoma Buenos Aires;11000.0;
Ford;Ranger;2021;72000;Ezeiza;Buenos Aires (A.M.B.A.);34000.0;
Volkswagen;Gol Country;2012;173000;San Carlos de Bariloche;Río Negro;4967.74;
Peugeot;Partner;2020;65000;Caballito;Ciudad Autónoma Buenos Aires;7741.94;
FIAT;Palio;2014;77000;Pergamino;Buenos Aires;8064.52;
FIAT;Toro;2017;215000;Córdoba;Córdoba;12903.23;
Peugeot;2008;2018;100000;Yerba Buena - Marcos Paz;Tucumán;10000.0;
Peugeot;207;2010;170000;Rosario;Santa Fe;5161.29;
Volkswagen;Taos;2022;145000;Santa Fe;Santa Fe;19032.26;
Peugeot;408;2019;112000;Capilla Del Rosario;Mendoza;11612.9;
Chevrolet;Cruze;2017;103600;Córdoba;Córdoba;13870.97;
Honda;HR-V;2016;141000;Flores;Ciudad Autónoma Buenos Aires;17500.0;
Jeep;Renegade;2021;120000;Flores;Ciudad Autónoma Buenos Aires;20800.0;
Jeep;Grand Cherokee;2021;67000;Rosario;Santa Fe;59000.0;
Toyota;Corolla;2023;40000;Recoleta;Ciudad Autónoma Buenos Aires;29900.0;
Renault;4;1985;10000;Salta;Salta;4193.55;
Renault;Master;2014;192000;Santa Fe;Santa Fe;20645.16;
Mercedes;Sprinter;2018;126000;Villa Luro;Ciudad Autónoma Buenos Aires;30322.58;
Citroën;C3 Picasso;2015;125000;Las Heras;Mendoza;9677.42;
Renault;Clio Mío;2013;98800;City Bell;Buenos Aires;8000.0;
Nissan;Kicks;2020;93000;Villa Bosch;Buenos Aires (A.M.B.A.);17419.35;
Chevrolet;Onix Plus;2023;78000;Córdoba;Córdoba;14838.71;
Toyota;SW4;2019;120000;Villa Constitución;Santa Fe;40000.0;
Honda;Accord;2011;141000;Villa Ortuzar;Ciudad Autónoma Buenos Aires;12500.0;
Renault;Captur;2018;94500;Villa del Rosario;Córdoba;15600.0;
Peugeot;208;2017;80720;Córdoba;Córdoba;11290.32;
Peugeot;208;2022;34000;Caballito;Ciudad Autónoma Buenos Aires;3870.97;
Ford;EcoSport;2016;32730;Palermo;Ciudad Autónoma Buenos Aires;16000.0;
Hyundai;Genesis Coupé;2013;91000;Lomas De Zamora;Buenos Aires (A.M.B.A.);22000.0;
Renault;Kangoo;2023;40000;Floresta;Ciudad Autónoma Buenos Aires;17419.35;
Nissan;Kicks;2020;100000;Lisandro Olmos;Buenos Aires;19500.0;
BMW;Serie 3 Sedán;2021;81010;Santa Rosa;La Pampa;42900.0;
Volkswagen;Suran;2014;146300;Capilla Del Rosario;Mendoza;8387.1;
Volkswagen;up!;2017;142100;Escobar;Buenos Aires (A.M.B.A.);10000.0;
Toyota;Corolla Cross;2024;12000;Villa Ballester;Buenos Aires (A.M.B.A.);32500.0;
Volkswagen;Taos;2024;27400;Villa Nueva;Mendoza;29500.0;
Peugeot;208;2023;18000;Wilde;Buenos Aires (A.M.B.A.);15806.45;
Ford;Focus;2015;174130;Córdoba;Córdoba;10967.74;
Peugeot;208;2024;20000;Funes;Santa Fe;16774.19;
Ford;Ka Freestyle;2020;86000;Escobar;Buenos Aires (A.M.B.A.);11612.9;
Peugeot;208;2023;23000;Caballito;Ciudad Autónoma Buenos Aires;7741.94;
Ford;Fiesta Kinetic;2017;115000;Rosario;Santa Fe;9677.42;
Peugeot;208;2015;150000;Wilde;Buenos Aires (A.M.B.A.);10258.06;
Peugeot;308;2016;94000;Godoy Cruz;Mendoza;1000.0;
Renault;Fluence;2019;68000;Flores;Ciudad Autónoma Buenos Aires;10967.74;
Toyota;Hilux;2023;150000;Santo Pipó;Misiones;29032.26;
Toyota;Corolla;2022;19800;Villa Luro;Ciudad Autónoma Buenos Aires;24516.13;
Chevrolet;Cruze;2019;56000;Santa Fe;Santa Fe;16000.0;
Honda;Fit;2011;110000;Santa Fe;Santa Fe;8900.0;
Ford;Ka;2018;59000;Córdoba;Córdoba;8967.74;
Chevrolet;Equinox;2019;75787;Córdoba;Córdoba;19916.13;
Renault;Captur;2017;29200;Retiro;Ciudad Autónoma Buenos Aires;16129.03;
Chevrolet;Classic;2011;86236;Pilar;Buenos Aires (A.M.B.A.);5000.0;
Citroën;C3;2019;64000;Rosario;Santa Fe;10000.0;
Renault;Logan;2020;50000;Villa Luro;Ciudad Autónoma Buenos Aires;12580.65;
Renault;Clio Mío;2016;138000;Córdoba;Córdoba;8064.52;
Chevrolet;S 10;2024;76337;San Francisco;Córdoba;29483.87;
Toyota;Corolla;2024;24500;Plottier;Neuquén;25806.45;
FIAT;Uno;2014;142000;Villa Mercedes;San Luis;9612.9;
Peugeot;308;2012;156000;Villa Carlos Paz;Córdoba;9354.84;
FIAT;Strada Adventure;2018;73000;Trelew;Chubut;11677.42;
Renault;Fluence;2012;230000;Caballito;Ciudad Autónoma Buenos Aires;7741.94;
Audi;A3 Sportback;2011;160000;Vicente Lopez;Buenos Aires (A.M.B.A.);12000.0;
Citroën;C3 Aircross;2013;116000;Villa Luro;Ciudad Autónoma Buenos Aires;8290.32;
Ford;EcoSport;2022;72700;San Justo;Buenos Aires (A.M.B.A.);14193.55;
Volkswagen;Gol Trend;2017;125000;Resistencia;Chaco;11161.29;
Nissan;Tiida;2013;146000;San Miguel;Buenos Aires (A.M.B.A.);11500.0;
Chevrolet;Aveo;2010;183000;Villa Santa Rita;Ciudad Autónoma Buenos Aires;5290.32;
Citroën;C3;2006;248000;Moreno;Buenos Aires (A.M.B.A.);4387.1;
Chevrolet;Onix Plus;2020;137000;Martinez;Buenos Aires (A.M.B.A.);12258.06;
Renault;Kangoo Express;2023;42000;Puerto Madero;Ciudad Autónoma Buenos Aires;17741.94;
Peugeot;Partner Patagónica;2017;120000;Caballito;Ciudad Autónoma Buenos Aires;4677.42;
Renault;Kwid;2020;85000;Pinamar;Buenos Aires;10838.71;
Ford;Fiesta Kinetic;2019;55800;Barracas;Ciudad Autónoma Buenos Aires;12580.65;
Peugeot;408;2015;135000;Las Heras;Mendoza;8709.68;
Peugeot;5008;2014;187000;Villa Mercedes;San Luis;10193.55;
Peugeot;207 Compact;2014;71000;Caballito;Ciudad Autónoma Buenos Aires;7419.35;
Ford;Ka;2013;95000;Velez Sarsfield;Ciudad Autónoma Buenos Aires;6129.03;
Renault;Duster;2016;200000;Lanus;Buenos Aires (A.M.B.A.);10903.23;
Toyota;Hilux;2021;120000;Córdoba;Córdoba;35000.0;
Ford;Focus Sedán;2017;117000;Esquina;Corrientes;13548.39;
Ford;Ka +;2019;85000;San Isidro;Buenos Aires (A.M.B.A.);9032.26;
Peugeot;206;2011;131000;Balvanera;Ciudad Autónoma Buenos Aires;4838.71;
BMW;Serie 1;2012;110000;Mendoza;Mendoza;22000.0;
Peugeot;208;2019;52000;Caballito;Ciudad Autónoma Buenos Aires;5161.29;
Volkswagen;Vento;2014;106000;Reconquista;Santa Fe;12903.23;
Honda;Fit;2012;107000;Santo Tome;Santa Fe;8709.68;
Citroën;C4 Cactus;2021;61000;Villa Luzuriaga;Buenos Aires (A.M.B.A.);17600.0;
Volkswagen;up!;2018;57000;San Nicolás;Ciudad Autónoma Buenos Aires;11451.61;
Peugeot;308;2017;160000;Canning;Buenos Aires (A.M.B.A.);10400.0;
Citroën;C4 Lounge;2014;144000;La Plata;Buenos Aires;9400.0;
Citroën;C4 Lounge;2014;163000;El Libertador;Buenos Aires (A.M.B.A.);8516.13;
Renault;Mégane;2007;183000;Rosario;Santa Fe;4580.65;
Toyota;Corolla;2007;150000;Villa Luro;Ciudad Autónoma Buenos Aires;6322.58;
Peugeot;Partner;2014;342000;Rafaela;Santa Fe;6967.74;
Chevrolet;Onix Plus;2024;32997;Concordia;Entre Ríos;18350.0;
Volkswagen;Fox;2010;195000;Carapachay;Buenos Aires (A.M.B.A.);6645.16;
Renault;Stepway;2021;10000;Villa Devoto;Ciudad Autónoma Buenos Aires;14838.71;
Honda;Accord;1996;190000;Lujan de Cuyo;Mendoza;4838.71;
FIAT;Cronos;2022;90000;Villa Ballester;Buenos Aires (A.M.B.A.);13800.0;
Chevrolet;Agile;2012;92000;Resistencia;Chaco;7096.77;
Chevrolet;Onix Joy;2018;70000;Lanus;Buenos Aires (A.M.B.A.);10000.0;
Peugeot;308;2012;251000;Ramos Mejia;Buenos Aires (A.M.B.A.);7741.94;
Chevrolet;Classic;2013;135000;San Fernando;Buenos Aires (A.M.B.A.);8200.0;
Ford;EcoSport;2020;100000;La Plata;Buenos Aires;12580.65;
Nissan;Kicks;2016;90000;Córdoba;Córdoba;19677.42;
Peugeot;2008;2021;36000;Caballito;Ciudad Autónoma Buenos Aires;7741.94;
Peugeot;408;2011;188000;Avellaneda;Buenos Aires (A.M.B.A.);6774.19;
Ford;Fiesta Kinetic;2012;113000;Castelar;Buenos Aires (A.M.B.A.);8967.74;
Peugeot;408;2018;68000;Flores;Ciudad Autónoma Buenos Aires;10322.58;
Volkswagen;Amarok;2021;69000;Ayacucho;Buenos Aires;24000.0;
Ford;Focus;2014;105900;Resistencia;Chaco;10000.0;
Nissan;Note;2016;72000;Villa Luro;Ciudad Autónoma Buenos Aires;11935.48;
Toyota;Hilux;2014;188500;Mendoza;Mendoza;24000.0;
Jeep;Renegade;2024;20000;Villa Luro;Ciudad Autónoma Buenos Aires;25161.29;
Volkswagen;Gol Trend;2012;155000;Malvinas Argentinas;Buenos Aires (A.M.B.A.);8000.0;
Renault;Sandero;2013;140000;Capitán Bermúdez;Santa Fe;7096.77;
Nissan;Kicks;2023;38000;Posadas;Misiones;23864.52;
Volkswagen;Golf;2005;400000;San Pedro;Buenos Aires;4838.71;
FIAT;800;1963;250000;Villa Allende;Córdoba;1612.9;
Peugeot;208;2024;30000;Caballito;Ciudad Autónoma Buenos Aires;15161.29;
Volkswagen;Gol Trend;2016;149000;Villa Allende;Córdoba;8064.52;
Toyota;Hilux;2023;44761;Escobar;Buenos Aires (A.M.B.A.);53000.0;
Renault;Duster;2017;110000;Villa Carlos Paz;Córdoba;11483.87;
RAM;Rampage;2025;19300;Ayacucho;Buenos Aires;37500.0;
DS;7 Crossback;2024;42400;Ituzaingo;Buenos Aires (A.M.B.A.);41000.0;
Peugeot;2008;2021;42000;Caballito;Ciudad Autónoma Buenos Aires;7741.94;
Volkswagen;Vento;2016;106992;San Miguel;Buenos Aires (A.M.B.A.);11548.39;
FIAT;Uno;2015;175000;San Carlos de Bariloche;Río Negro;7096.77;
Jeep;Renegade;2016;89000;Corrientes;Corrientes;16000.0;
Peugeot;Boxer;2014;255000;Lanus;Buenos Aires (A.M.B.A.);17832.26;
Peugeot;Expert;2023;33000;Caseros;Buenos Aires (A.M.B.A.);33000.0;
Ford;Ranger;2024;23500;Mendoza;Mendoza;25741.94;
Volkswagen;Suran;2012;210000;Villa Gobernador Galvez;Santa Fe;5806.45;
Peugeot;2008;2019;77000;Villa Luro;Ciudad Autónoma Buenos Aires;14193.55;
Volkswagen;Gol;2013;195000;Longchamps;Buenos Aires (A.M.B.A.);6322.58;
Chevrolet;Equinox;2024;36000;Rosario;Santa Fe;30967.74;
Peugeot;3008 SUV;2018;87500;Pinamar;Buenos Aires;25500.0;
Volkswagen;Suran;2013;184000;Luzuriaga;Mendoza;7548.39;
Peugeot;2008;2021;41000;Ramos Mejia;Buenos Aires (A.M.B.A.);19032.26;
FIAT;Cronos;2024;51000;Lucas Gonzalez;Entre Ríos;14516.13;
Peugeot;2008;2019;55000;Caballito;Ciudad Autónoma Buenos Aires;7741.94;
Ford;EcoSport;2021;90000;San Miguel de Tucumán;Tucumán;16129.03;
Toyota;Corolla;2007;156000;Benavidez;Buenos Aires (A.M.B.A.);6967.74;
Toyota;Corolla Cross Hybrid;2023;30000;San Andres;Buenos Aires (A.M.B.A.);27900.0;
Peugeot;208;2020;33000;Caballito;Ciudad Autónoma Buenos Aires;6451.61;
Toyota;Corolla;2021;91000;Córdoba;Córdoba;22515.48;
Peugeot;2008;2020;62000;Caballito;Ciudad Autónoma Buenos Aires;9354.84;
Renault;Duster;2017;56790;Rivadavia;San Juan;12258.06;
Peugeot;Partner;2021;71000;Caballito;Ciudad Autónoma Buenos Aires;6774.19;
Ford;EcoSport;2010;156000;Balvanera;Ciudad Autónoma Buenos Aires;7096.77;
Peugeot;Partner;2020;67000;Caballito;Ciudad Autónoma Buenos Aires;7741.94;
Ford;Ranger;2022;27000;Santa Fe;Santa Fe;27000.0;
Renault;Clio;2010;160000;Posadas;Misiones;5290.32;
FIAT;Siena;2017;222000;Río Cuarto;Córdoba;8967.74;
Peugeot;208;2023;39000;Caballito;Ciudad Autónoma Buenos Aires;7000.0;
Nissan;Tiida;2010;126000;Colegiales;Ciudad Autónoma Buenos Aires;7300.0;
Volkswagen;Beetle;2016;126000;La Plata;Buenos Aires;16800.0;
Citroën;C4 Picasso;2014;134000;Palermo;Ciudad Autónoma Buenos Aires;15000.0;
Peugeot;Partner;2020;95000;Caballito;Ciudad Autónoma Buenos Aires;5612.9;
Renault;Duster;2013;175000;Río Cuarto;Córdoba;10645.16;
Chevrolet;Cruze;2017;65000;Palermo;Ciudad Autónoma Buenos Aires;16000.0;
Jeep;Cherokee;1997;397000;San Carlos de Bariloche;Río Negro;15000.0;
Renault;Logan;2016;162000;San Luis;San Luis;8064.52;
Toyota;Corolla Cross Hybrid;2024;22200;Lanus;Buenos Aires (A.M.B.A.);36500.0;
Ford;Fiesta;2007;118000;Río Cuarto;Córdoba;6451.61;
Ford;EcoSport;2020;59000;Villa General Belgrano;Córdoba;14838.71;
Volkswagen;Vento;2009;156000;Bialet Massé;Córdoba;8709.68;
Chevrolet;Tracker;2023;36500;Escobar;Buenos Aires (A.M.B.A.);19290.32;
Renault;Captur;2018;66000;Ciudadela;Buenos Aires (A.M.B.A.);15161.29;
Renault;Stepway;2023;52000;Riachuelo;Corrientes;14838.71;
Peugeot;2008;2023;10700;Ushuaia;Tierra del Fuego;14193.55;
Honda;CR-V;2013;157000;San Fernando;Buenos Aires (A.M.B.A.);14500.0;
Suzuki;Fun;2008;220000;San Telmo;Ciudad Autónoma Buenos Aires;5000.0;
Ford;Ka;2019;82651;Córdoba;Córdoba;10967.74;
Renault;Sandero;2010;202000;Río Cuarto;Córdoba;4838.71;
Chevrolet;S 10;2017;132000;Godoy Cruz;Mendoza;21000.0;
Peugeot;208;2018;80000;Caballito;Ciudad Autónoma Buenos Aires;5322.58;
Citroën;C3;2007;200000;Belgrano;Ciudad Autónoma Buenos Aires;4122.58;
Ford;Territory;2021;40000;Campana;Buenos Aires;22580.65;
Nissan;Kicks;2018;130000;Moreno;Buenos Aires (A.M.B.A.);12193.55;
FIAT;Palio;2018;115000;Villa Maria;Córdoba;7935.48;
Ford;Fiesta Kinetic;2016;98000;Gálvez;Santa Fe;10838.71;
FIAT;Strada Adventure;2018;90000;Villa Luro;Ciudad Autónoma Buenos Aires;11290.32;
Volkswagen;Amarok;2015;172000;Río Cuarto;Córdoba;19032.26;
Volkswagen;Suran;2017;41000;Merlo;Buenos Aires (A.M.B.A.);13354.84;
Peugeot;208;2022;25000;Caballito;Ciudad Autónoma Buenos Aires;7741.94;
Hyundai;Tucson;2011;182000;San Miguel de Tucumán;Tucumán;9000.0;
Peugeot;Expert;2020;61000;Caballito;Ciudad Autónoma Buenos Aires;10322.58;
Hyundai;Santa Fe;2013;165000;Venado Tuerto;Santa Fe;14193.55;
Toyota;RAV4;2019;120000;La Tablada;Buenos Aires (A.M.B.A.);29032.26;
Citroën;C3;2026;10;San Andres;Buenos Aires (A.M.B.A.);16322.58;
Renault;Fluence;2015;130000;Parana;Entre Ríos;9677.42;
Renault;Kangoo Express;2016;140000;Balvanera;Ciudad Autónoma Buenos Aires;13500.0;
Volkswagen;Gol Trend;2016;78000;Mendoza;Mendoza;10322.58;
Volkswagen;Fox;2017;130000;Las Heras;Mendoza;13000.0;
Ford;Ka;2017;65000;Comodoro Rivadavia;Chubut;9354.84;
Nissan;Tiida Hatchback;2014;130000;Neuquén;Neuquén;9161.29;
Honda;HR-V;2017;97000;General Alvear;Mendoza;17096.77;
Ford;Focus;2009;151000;Bahía Blanca;Buenos Aires;8200.0;
Volkswagen;Amarok;2018;183500;Córdoba;Córdoba;24838.71;
Ford;Fiesta Kinetic Sedán;2017;118500;La Plata;Buenos Aires;10322.58;
Chevrolet;Captiva;2018;188000;Pascanas;Córdoba;13548.39;
Renault;Mégane;2009;93000;Leones;Córdoba;6000.0;
Peugeot;Partner;2024;37000;Caballito;Ciudad Autónoma Buenos Aires;8500.0;
Peugeot;2008;2019;74000;Caballito;Ciudad Autónoma Buenos Aires;8129.03;
FIAT;Siena;2017;87300;Salto;Buenos Aires;9000.0;
Volkswagen;Gol;2011;125000;Caballito;Ciudad Autónoma Buenos Aires;4419.35;
Jeep;Renegade;2019;60000;San Francisco;Córdoba;16677.42;
Ford;Fiesta Kinetic Sedán;2013;360000;Temperley;Buenos Aires (A.M.B.A.);4516.13;
Renault;Sandero Stepway;2016;92000;Lanus;Buenos Aires (A.M.B.A.);5161.29;
Peugeot;208;2021;35000;Caballito;Ciudad Autónoma Buenos Aires;4516.13;
Renault;Duster;2014;160000;Rosario;Santa Fe;10700.0;
FIAT;Siena;2006;300000;La Falda;Córdoba;3548.39;
Volkswagen;T-Cross;2021;53000;Ezeiza;Buenos Aires (A.M.B.A.);18500.0;
Peugeot;208;2019;74000;Caballito;Ciudad Autónoma Buenos Aires;6064.52;
Ford;Fiesta Max;2009;203500;Parana;Entre Ríos;4516.13;
Chevrolet;Corsa;2010;195000;Avellaneda;Buenos Aires (A.M.B.A.);5548.39;
Peugeot;207 Compact;2013;222000;Gualeguaychú;Entre Ríos;6129.03;
Audi;Q3;2018;83000;Río Cuarto;Córdoba;31612.9;
Renault;Clio;2012;91000;Lujan de Cuyo;Mendoza;6741.94;
Renault;Clio;2013;172000;Río Cuarto;Córdoba;8064.52;
Honda;HR-V;2016;127000;Rosario;Santa Fe;15483.87;
Volkswagen;up!;2018;97000;Mataderos;Ciudad Autónoma Buenos Aires;9500.0;
Toyota;C-HR;2020;42000;San Ramón de la Nueva Orán;Salta;35000.0;
Renault;Logan;2022;72000;Villa Luro;Ciudad Autónoma Buenos Aires;11935.48;
FIAT;Cronos;2022;70800;Los Polvorines;Buenos Aires (A.M.B.A.);17900.0;
BMW;Serie 3 Coupé;2010;64500;Córdoba;Córdoba;26000.0;
FIAT;500;2015;110000;San Andres;Buenos Aires (A.M.B.A.);14200.0;
Peugeot;208;2021;25000;Caballito;Ciudad Autónoma Buenos Aires;7741.94;
Toyota;Corolla Cross Hybrid;2023;35000;Palermo;Ciudad Autónoma Buenos Aires;30316.13;
Hyundai;Creta;2024;7600;Avellaneda;Buenos Aires (A.M.B.A.);26000.0;
Ford;Ranger;2023;20000;Lanus;Buenos Aires (A.M.B.A.);49000.0;
FIAT;Cronos;2022;42000;Villa Luro;Ciudad Autónoma Buenos Aires;10645.16;
Toyota;Corolla Cross Hybrid;2025;15000;San Telmo;Ciudad Autónoma Buenos Aires;37500.0;
Renault;Mégane II;2007;204000;La Plata;Buenos Aires;6129.03;
Renault;Duster;2017;145000;Berazategui Oeste;Buenos Aires (A.M.B.A.);11548.39;
Renault;Clio Mío;2015;82000;Godoy Cruz;Mendoza;6645.16;
Peugeot;207 Compact Sedán;2012;83000;Parque Avellaneda;Ciudad Autónoma Buenos Aires;7741.94;
Mercedes;Sprinter;2007;125318;Vicente Lopez;Buenos Aires (A.M.B.A.);20000.0;
FIAT;Siena;2016;152000;Córdoba;Córdoba;8709.68;
Ford;Ranger;2017;90000;Villa Luro;Ciudad Autónoma Buenos Aires;16774.19;
Peugeot;3008 SUV;2019;102000;Parana;Entre Ríos;25000.0;
Toyota;Hilux;2019;110000;La Plata;Buenos Aires;28064.52;
Renault;Captur;2019;83000;25 de Mayo;Buenos Aires;14193.55;
Renault;Alaskan;2026;9;Córdoba;Córdoba;33548.39;
Renault;Sandero;2009;230000;La Plata;Buenos Aires;4193.55;
Peugeot;Expert;2020;42000;Caballito;Ciudad Autónoma Buenos Aires;11612.9;
Toyota;Corolla;2016;168000;Santa Rosa;La Pampa;13870.97;
Chevrolet;Tracker;2014;170000;Remedios de Escalada;Buenos Aires (A.M.B.A.);9950.0;
Ford;Kuga;2012;195000;Ituzaingo;Buenos Aires (A.M.B.A.);10967.74;
FIAT;Cronos;2022;51000;San Miguel;Buenos Aires (A.M.B.A.);12903.23;
FIAT;Fastback;2024;36000;Parana;Entre Ríos;23225.81;
Toyota;Corolla;2017;99500;Parana;Entre Ríos;13548.39;
Nissan;Tiida;2011;150000;Lomas del Mirador;Buenos Aires (A.M.B.A.);6451.61;
Renault;Fluence;2014;94000;Flores;Ciudad Autónoma Buenos Aires;7096.77;
Renault;Sandero Stepway;2018;83000;Corrientes;Corrientes;10322.58;
Citroën;C3;2020;28600;Haedo;Buenos Aires (A.M.B.A.);11612.9;
Mercedes;Clase E Sedán;2009;103000;San Martin;Buenos Aires (A.M.B.A.);19900.0;
Toyota;Corolla;2016;109969;San Luis;San Luis;15161.29;
Peugeot;207 Compact;2013;156000;Villa Bosch;Buenos Aires (A.M.B.A.);8000.0;
FIAT;Punto;2015;75100;Colonia San Miguel;Buenos Aires;8258.06;
Renault;Captur;2020;45000;Saavedra;Ciudad Autónoma Buenos Aires;18500.0;
FIAT;Siena;2018;220000;Parque Avellaneda;Ciudad Autónoma Buenos Aires;4516.13;
Toyota;Etios Hatchback;2014;166000;Mayor Drummond;Mendoza;8967.74;
FIAT;Toro;2022;65500;Villa Libertad;Buenos Aires (A.M.B.A.);22000.0;
Citroën;C4;2011;176000;Almafuerte;Córdoba;5161.29;
Peugeot;207 Compact;2008;120000;Villa Luro;Ciudad Autónoma Buenos Aires;5645.16;
Peugeot;408;2015;96500;Neuquén;Neuquén;9032.26;
Nissan;Kicks;2020;54000;La Plata;Buenos Aires;19032.26;
Renault;Logan;2015;120000;Villa Luro;Ciudad Autónoma Buenos Aires;8258.06;
Renault;Sandero Stepway;2016;150000;San Martin;Buenos Aires (A.M.B.A.);10000.0;
Citroën;C4 Lounge;2015;142000;Villa Adelina;Buenos Aires (A.M.B.A.);8709.68;
Peugeot;207 Compact;2010;225000;Salsipuedes;Córdoba;6129.03;
FIAT;Palio Weekend;2010;253000;Munro;Buenos Aires (A.M.B.A.);5161.29;
Ford;Focus;2015;120000;Rosario;Santa Fe;11000.0;
Ford;Focus;2017;178000;Barracas;Ciudad Autónoma Buenos Aires;14000.0;
Peugeot;208;2021;38000;Coronel Dorrego;Buenos Aires;20000.0;
Peugeot;2008;2025;20000;La Tablada;Buenos Aires (A.M.B.A.);24838.71;
Volkswagen;Suran;2012;230000;Moron;Buenos Aires (A.M.B.A.);7741.94;
Peugeot;308;2016;68000;Córdoba;Córdoba;11161.29;
Chevrolet;Spin;2014;146000;Santa Fe;Santa Fe;11000.0;
FIAT;Cronos;2021;25000;La Tablada;Buenos Aires (A.M.B.A.);15483.87;
Peugeot;5008;2016;165000;Aldo Bonzi;Buenos Aires (A.M.B.A.);12580.65;
Renault;Clio Mío;2016;104000;Mar del Plata;Buenos Aires;9000.0;
Mercedes;Clase A Hatchback;2016;135000;Pasteur;Buenos Aires;19900.0;
Peugeot;208;2023;25000;Caballito;Ciudad Autónoma Buenos Aires;18064.52;
Chery;Tiggo 5;2018;78000;Flores;Ciudad Autónoma Buenos Aires;11548.39;
Renault;Kangoo;2011;183000;Bahía Blanca;Buenos Aires;8387.1;
Peugeot;208;2021;53000;Caballito;Ciudad Autónoma Buenos Aires;7096.77;
FIAT;Argo;2020;114000;Villa Luro;Ciudad Autónoma Buenos Aires;11935.48;
Ford;Focus;2015;163500;La Paternal;Ciudad Autónoma Buenos Aires;8602.15;
Ford;Kuga Híbrida;2020;82000;Rosario;Santa Fe;23806.45;
FIAT;Palio;2015;37000;Posadas;Misiones;8703.23;
FIAT;Cronos;2023;14000;San Cristobal;Santa Fe;16129.03;
Renault;Fluence;2014;198000;El Challao;Mendoza;9700.0;
Volkswagen;Golf;2016;92800;Azul;Buenos Aires;14500.0;
Citroën;C3;2016;103091;Saavedra;Ciudad Autónoma Buenos Aires;8967.74;
Toyota;Hilux;2019;26000;Ramos Mejia;Buenos Aires (A.M.B.A.);37000.0;
FIAT;Uno;2011;205000;San Nicolás de los Arroyos;Buenos Aires;6451.61;
Renault;Logan;2019;77000;Flores;Ciudad Autónoma Buenos Aires;9612.9;
Volkswagen;Polo 5P;2019;125000;Rosario;Santa Fe;14838.71;
Volkswagen;up!;2020;83000;Guillermo Hudson;Buenos Aires (A.M.B.A.);11290.32;
Citroën;C4 Lounge;2014;47000;Parque Chacabuco;Ciudad Autónoma Buenos Aires;9612.9;
Toyota;Etios Hatchback;2016;69000;1a. Seccion;Mendoza;10322.58;
Volkswagen;T-Cross;2019;100000;Rojas;Buenos Aires;19225.81;
Citroën;Berlingo Multispace;2012;100000;Parque Chacabuco;Ciudad Autónoma Buenos Aires;9032.26;
Toyota;Yaris;2018;92000;Córdoba;Córdoba;16500.0;
Chevrolet;Agile;2015;78000;Rosario;Santa Fe;8451.61;
Audi;A4;2017;91000;Córdoba;Córdoba;25000.0;
Chevrolet;Tracker;2013;300000;San Carlos de Bariloche;Río Negro;9677.42;
Ford;EcoSport;2015;159000;Olivos;Buenos Aires (A.M.B.A.);10322.58;
Ford;Kuga;2013;117250;La Plata;Buenos Aires;12129.03;
Volkswagen;Amarok;2016;140000;Corrientes;Corrientes;19354.84;
Volkswagen;Gol Trend;2011;210000;Guillermo Hudson;Buenos Aires (A.M.B.A.);6000.0;
Nissan;Kicks;2018;87000;Rosario;Santa Fe;16774.19;
Ford;EcoSport;2016;80000;Villa Pueyrredón;Ciudad Autónoma Buenos Aires;10967.74;
Nissan;Sentra;2017;95000;Avellaneda;Buenos Aires (A.M.B.A.);11612.9;
Volkswagen;Polo;2018;116000;Yerba Buena - Marcos Paz;Tucumán;11935.48;
FIAT;Palio;2014;155500;Córdoba;Córdoba;8064.52;
Citroën;C4;2014;118000;Córdoba;Córdoba;6967.74;
FIAT;Fastback;2024;45011;Córdoba;Córdoba;23393.55;
Honda;CR-V;2011;180000;Resistencia;Chaco;10967.74;
Renault;Sandero;2013;120000;Ranelagh;Buenos Aires (A.M.B.A.);6322.58;
Ford;Ka;2019;84000;Wilde;Buenos Aires (A.M.B.A.);11548.39;
Volkswagen;Taos;2026;1;Neuquén;Neuquén;33483.87;
Volkswagen;Nivus;2024;22500;Flores;Ciudad Autónoma Buenos Aires;1935.48;
FIAT;Strada Adventure;2013;140000;El Talar;Buenos Aires (A.M.B.A.);4838.71;
Honda;CR-V;2011;145000;Ushuaia;Tierra del Fuego;14500.0;
Jeep;Compass;2018;60000;San Andres;Buenos Aires (A.M.B.A.);23500.0;
Chevrolet;Cruze;2019;108000;Resistencia;Chaco;12064.52;
Peugeot;2008;2024;20000;Almagro;Ciudad Autónoma Buenos Aires;6129.03;
BMW;X1;2017;182000;La Plata;Buenos Aires;22900.0;
Renault;Kwid;2020;59200;Flores;Ciudad Autónoma Buenos Aires;8967.74;
Citroën;Saxo;2001;350000;San Luis;San Luis;2580.65;
Ford;Fiesta Kinetic;2015;115000;Lanus;Buenos Aires (A.M.B.A.);11225.81;
KIA;Sportage;2017;103000;La Plata;Buenos Aires;20000.0;
Chevrolet;Cruze;2018;94000;La Plata;Buenos Aires;11548.39;
Renault;Logan;2018;82500;Ramos Mejia;Buenos Aires (A.M.B.A.);7741.94;
Chevrolet;Agile;2012;184000;Santa Fe;Santa Fe;5161.29;
Volkswagen;T-Cross;2020;114000;Berazategui;Buenos Aires (A.M.B.A.);19354.84;
Toyota;Yaris;2023;47395;Rafaela;Santa Fe;20645.16;
Audi;A1 Sportback;2013;180000;La Plata;Buenos Aires;15000.0;
Peugeot;208;2017;77418;San Nicolás;Ciudad Autónoma Buenos Aires;13200.0;
Chevrolet;Onix;2020;12000;Neuquén;Neuquén;14193.55;
Volkswagen;Suran;2012;150000;Monte Castro;Ciudad Autónoma Buenos Aires;7096.77;
Chevrolet;Corsa Classic;2012;200000;Las Varillas;Córdoba;4903.23;
Nissan;Kicks;2021;43000;Neuquén;Neuquén;19935.48;
Peugeot;2008;2018;130000;Rafaela;Santa Fe;10000.0;
Toyota;Corolla Cross;2022;54000;San Miguel de Tucumán;Tucumán;27612.9;
BMW;X1;2026;1000;Recoleta;Ciudad Autónoma Buenos Aires;50500.0;
FIAT;Fiorino;2017;237000;Córdoba;Córdoba;8709.03;
Chevrolet;Onix;2016;65500;Comodoro Rivadavia;Chubut;9354.84;
Ford;Bronco Sport;2023;20000;Belgrano;Ciudad Autónoma Buenos Aires;40500.0;
Renault;Duster;2018;105000;Godoy Cruz;Mendoza;14193.55;
Peugeot;206;2000;217000;Córdoba;Córdoba;2903.23;
BMW;X1;2017;110700;Tandil;Buenos Aires;28500.0;
Honda;CR-V;2011;228000;Tandil;Buenos Aires;11225.81;
Peugeot;207 Compact;2011;118479;Ituzaingo;Buenos Aires (A.M.B.A.);6322.58;
Chevrolet;Classic;1947;77000;Parana;Entre Ríos;30000.0;
Nissan;March;2017;97000;Resistencia;Chaco;11290.32;
Chevrolet;Cruze;2012;59000;San Nicolás;Ciudad Autónoma Buenos Aires;10500.0;
KIA;Sportage;2013;150000;Esperanza;Santa Fe;11612.9;
Peugeot;2008;2017;106000;Liniers;Ciudad Autónoma Buenos Aires;11096.77;
Peugeot;5008;2013;120000;Cañada de Gomez;Santa Fe;12000.0;
Chevrolet;Astra;2001;220000;Francisco Alvarez;Buenos Aires (A.M.B.A.);3548.39;
Volkswagen;Tiguan;2012;154000;Tunuyan;Mendoza;11612.9;
Volkswagen;Bora;2011;179945;Recoleta;Ciudad Autónoma Buenos Aires;11290.32;
Toyota;Corolla Cross Hybrid;2023;70000;La Calera;Córdoba;28387.1;
Renault;Clio Mío;2014;124400;San Nicolás de los Arroyos;Buenos Aires;7096.77;
SWM;X7;2019;82000;Recoleta;Ciudad Autónoma Buenos Aires;12903.23;
Ford;Fiesta Max One;2011;120000;Los Hornos;Buenos Aires;6129.03;
Peugeot;2008;2026;1;Neuquén;Neuquén;29032.26;
Chevrolet;Classic;2014;143000;Campana;Buenos Aires;8064.52;
Ford;Territory;2022;55392;Tandil;Buenos Aires;25677.42;
Ford;EcoSport;2018;78000;Neuquén;Neuquén;13870.97;
Renault;Duster;2019;140000;Neuquén;Neuquén;13870.97;
Volkswagen;Golf;2013;82000;Escobar;Buenos Aires (A.M.B.A.);7741.94;
Peugeot;206;2003;189000;Rosario;Santa Fe;3548.39;
Toyota;Corolla Hybrid;2025;2700;Caballito;Ciudad Autónoma Buenos Aires;30903.23;
Chevrolet;Vectra;2008;181000;17 De Agosto;Buenos Aires;6500.0;
Nissan;Kicks;2021;78000;Ramos Mejia;Buenos Aires (A.M.B.A.);18387.1;
Volkswagen;Virtus;2023;15200;Martinez;Buenos Aires (A.M.B.A.);21290.32;
FIAT;Mobi;2024;10000;Flores;Ciudad Autónoma Buenos Aires;1935.48;
Chevrolet;Onix;2016;160000;Rosario;Santa Fe;8709.68;
Toyota;Corolla Hybrid;2023;38500;Mar del Plata;Buenos Aires;25161.29;
Nissan;March;2015;141000;Carmen de Areco;Buenos Aires;8387.1;
Peugeot;3008;2012;156000;Córdoba;Córdoba;7741.94;
Jeep;Grand Cherokee;2017;68000;Santa Fe;Santa Fe;36000.0;
Audi;A1;2012;160000;Beccar;Buenos Aires (A.M.B.A.);15700.0;
Volkswagen;Saveiro;2018;163000;Villa Carlos Paz;Córdoba;14193.55;
Peugeot;208;2018;85000;Córdoba;Córdoba;10064.52;
Toyota;Yaris;2020;64000;Caseros;Buenos Aires (A.M.B.A.);14516.13;
Chevrolet;Cruze;2017;165000;Godoy Cruz;Mendoza;1000.0;
FIAT;Tipo Sedán;2018;88500;Versalles;Ciudad Autónoma Buenos Aires;11290.32;
FIAT;Punto;2013;138000;Belgrano;Ciudad Autónoma Buenos Aires;8064.52;
Chevrolet;Onix;2018;68000;Flores;Ciudad Autónoma Buenos Aires;9354.84;
Citroën;C4 Cactus;2018;42000;Parque Chacabuco;Ciudad Autónoma Buenos Aires;11290.32;
Volkswagen;Golf;2017;85000;Neuquén;Neuquén;10322.58;
Volkswagen;Polo 5P;2024;24500;Flores;Ciudad Autónoma Buenos Aires;2258.06;
Toyota;Corolla;2022;71000;Guaymallén;Mendoza;23870.97;
Peugeot;308;2015;118000;Mataderos;Ciudad Autónoma Buenos Aires;9500.0;
Toyota;Corolla;2012;145000;Corrientes;Corrientes;10967.74;
Chery;Tiggo 2;2011;236000;Charata;Chaco;5806.45;
Chevrolet;Agile;2014;150000;Gualeguaychú;Entre Ríos;6451.61;
Peugeot;2008;2019;48000;Villa Urquiza;Ciudad Autónoma Buenos Aires;17800.0;
Volkswagen;New Beetle;2008;88034;Tandil;Buenos Aires;14700.0;
Shineray;X30 Pasajeros;2018;50000;Flores;Ciudad Autónoma Buenos Aires;16000.0;
BMW;Serie 2 Coupé;2018;42000;Mataderos;Ciudad Autónoma Buenos Aires;59900.0;
Peugeot;208;2014;105000;Villa Luro;Ciudad Autónoma Buenos Aires;8709.68;
Peugeot;408;2019;120873;San Nicolás de los Arroyos;Buenos Aires;12258.06;
Honda;HR-V;2019;147200;Bahía Blanca;Buenos Aires;18387.1;
Ford;Ranger;2022;150000;El Pato;Buenos Aires (A.M.B.A.);30000.0;
Peugeot;2008;2022;67000;Del Viso;Buenos Aires (A.M.B.A.);16129.03;
Renault;Sandero;2019;38000;Saavedra;Ciudad Autónoma Buenos Aires;13800.0;
KIA;Soul;2013;166000;Burzaco;Buenos Aires (A.M.B.A.);8709.68;
Renault;Stepway;2020;104000;Grand Bourg;Buenos Aires (A.M.B.A.);11935.48;
Ford;Mondeo;2017;80000;Pilar;Buenos Aires (A.M.B.A.);19000.0;
Peugeot;208;2023;28000;Caballito;Ciudad Autónoma Buenos Aires;7096.77;
Jeep;Renegade;2020;50000;Neuquén;Neuquén;18000.0;
Jeep;Renegade;2018;100800;Santa Rosa de Calamuchita;Córdoba;14193.55;
Ford;Fiesta Kinetic;2015;70000;Benavidez;Buenos Aires (A.M.B.A.);12700.0;
FIAT;Uno;2014;50000;Tigre;Buenos Aires (A.M.B.A.);7096.77;
Jeep;Renegade;2022;52000;Neuquén;Neuquén;20000.0;
Volkswagen;up!;2017;133486;Córdoba;Córdoba;8774.19;
Honda;Civic;2008;247000;Gonzalez Catán;Buenos Aires (A.M.B.A.);7741.94;
Renault;Mégane;1998;220000;Olivera;Buenos Aires;3096.77;
Ford;Ka;2019;99498;Escobar;Buenos Aires (A.M.B.A.);10000.0;
Chevrolet;Astra;2012;175000;Tupungato;Mendoza;6451.61;
Volkswagen;Suran;2012;150800;Tandil;Buenos Aires;8064.52;
Citroën;C3;2012;140000;El Resguardo;Mendoza;6774.19;
Peugeot;308 CC;2014;196000;Córdoba;Córdoba;8967.1;
Citroën;C3;2013;125000;Santa Fe;Santa Fe;7419.35;
Renault;Duster;2013;134729;Escobar;Buenos Aires (A.M.B.A.);9354.84;
Toyota;Land Cruiser;2013;200000;Guaymallén;Mendoza;69000.0;
Toyota;RAV4;2010;230000;Crespo;Entre Ríos;11612.9;
Peugeot;Partner;2020;35000;Caballito;Ciudad Autónoma Buenos Aires;5161.29;
Ford;Ka;2017;115991;Escobar;Buenos Aires (A.M.B.A.);9032.26;
Renault;Kangoo;2020;128000;Tandil;Buenos Aires;15096.77;
Toyota;Hilux;2007;271500;Tandil;Buenos Aires;20400.0;
Volkswagen;Suran;2018;73500;Corrientes;Corrientes;11612.9;
FIAT;Cronos;2026;300;Mar del Plata;Buenos Aires;19161.29;
Renault;Sandero;2018;138172;Córdoba;Córdoba;10116.13;
Citroën;C4 Picasso;2018;113000;Palermo;Ciudad Autónoma Buenos Aires;11548.39;
Toyota;Corolla;2025;11700;Palermo;Ciudad Autónoma Buenos Aires;35500.0;
FIAT;Palio;2018;95000;Posadas;Misiones;8064.52;
Peugeot;408;2014;130000;Ramos Mejia;Buenos Aires (A.M.B.A.);9990.0;
BMW;Serie 3 Sedán;2013;145000;Tres Arroyos;Buenos Aires;28000.0;
Ford;Fiesta Kinetic Sedán;2015;88000;La Tablada;Buenos Aires (A.M.B.A.);10064.52;
Chevrolet;Cruze RS;2023;62000;Mar del Plata;Buenos Aires;25800.0;
Peugeot;208;2022;63000;San Cristóbal;Ciudad Autónoma Buenos Aires;14774.19;
Hyundai;Tucson;2017;132000;Parana;Entre Ríos;21500.0;
Renault;Clio Mío;2015;106000;San Juan;San Juan;7096.77;
Peugeot;208;2022;24000;Caballito;Ciudad Autónoma Buenos Aires;5483.87;
FIAT;Siena;2015;120000;Córdoba;Córdoba;9161.29;
Peugeot;208;2014;78000;Tandil;Buenos Aires;9032.26;
Citroën;C4 Lounge;2019;69000;Adrogue;Buenos Aires (A.M.B.A.);12903.23;
Nissan;Tiida;2010;103000;Villa Urquiza;Ciudad Autónoma Buenos Aires;10500.0;
Volkswagen;Suran;2017;110000;Neuquén;Neuquén;10322.58;
Citroën;C4 Picasso;2014;243000;La Plata;Buenos Aires;9032.26;
Renault;Kangoo;2016;140667;Balvanera;Ciudad Autónoma Buenos Aires;15000.0;
Volkswagen;up!;2016;81000;Rodeo De La Cruz;Mendoza;8387.1;
Renault;Twingo;1999;250000;Guaymallén;Mendoza;1935.48;
Peugeot;208;2014;139000;Grand Bourg;Buenos Aires (A.M.B.A.);8387.1;
FIAT;Toro;2025;17000;Córdoba;Córdoba;25741.29;
Renault;Sandero Stepway;2013;150000;Godoy Cruz;Mendoza;8064.52;
Nissan;Frontier;2020;200000;Neuquén;Neuquén;20645.16;
Chevrolet;Agile;2010;150000;Liniers;Ciudad Autónoma Buenos Aires;5548.39;
Ford;Territory;2020;67000;La Plata;Buenos Aires;23500.0;
Chevrolet;Aveo;2012;190000;General Roca;Río Negro;5806.45;
Volkswagen;Voyage;2013;370000;Rosario;Santa Fe;4032.26;
FIAT;Toro;2025;11000;La Plata;Buenos Aires;27419.35;
Chevrolet;Corsa;2010;148000;San Justo;Buenos Aires (A.M.B.A.);6438.71;
Mitsubishi;L200;1998;400000;El Talar;Buenos Aires (A.M.B.A.);11500.0;
Chevrolet;Onix Joy;2019;88000;Ituzaingo;Buenos Aires (A.M.B.A.);10645.16;
Peugeot;2008;2018;184009;Córdoba;Córdoba;11696.77;
Renault;Scénic;2009;250000;Ituzaingo;Buenos Aires (A.M.B.A.);4193.55;
Renault;Clio Mío;2015;123000;Córdoba;Córdoba;7741.94;
Honda;CR-V;2014;180000;Córdoba;Córdoba;15806.45;
Jeep;Compass;2025;4000;Escobar;Buenos Aires (A.M.B.A.);36000.0;
Peugeot;2008;2019;215036;Escobar;Buenos Aires (A.M.B.A.);12258.06;
Chevrolet;Tracker;2025;1;Neuquén;Neuquén;30967.74;
Mercedes;Clase A Sedán;2023;60700;Mataderos;Ciudad Autónoma Buenos Aires;42000.0;
FIAT;Punto;2015;190000;San Miguel de Tucumán;Tucumán;6451.61;
Renault;Sandero;2014;131500;Córdoba;Córdoba;7612.9;
Volkswagen;Gol Trend;2011;200334;Guaymallén;Mendoza;7612.9;
FIAT;Fastback Abarth;2024;11000;Villa Carlos Paz;Córdoba;25677.42;
Ford;EcoSport;2016;165000;La Plata;Buenos Aires;10258.06;
Jeep;Grand Cherokee;2017;89000;Neuquén;Neuquén;29032.26;
Ford;Fiesta;2016;110000;Neuquén;Neuquén;10645.16;
RAM;Rampage;2024;54000;Bahía Blanca;Buenos Aires;32903.23;
Peugeot;207 Compact;2013;136098;Córdoba;Córdoba;8219.35;
Peugeot;208;2019;59500;Caballito;Ciudad Autónoma Buenos Aires;3870.97;
Volkswagen;Suran;2015;100000;Parana;Entre Ríos;10967.74;
Toyota;Corolla;2012;65000;San Isidro;Buenos Aires (A.M.B.A.);14800.0;
Toyota;Yaris;2022;52000;Caballito;Ciudad Autónoma Buenos Aires;19032.26;
Volkswagen;Polo 5P;2023;65000;Corrientes;Corrientes;15741.94;
FIAT;147;1987;100000;Parana;Entre Ríos;1935.48;
Volkswagen;Golf;2011;110000;Córdoba;Córdoba;7031.61;
Jeep;Renegade;2020;51000;San Miguel de Tucumán;Tucumán;14838.71;
Peugeot;208;2024;43000;Neuquén;Neuquén;17225.81;
Peugeot;208;2019;63000;Caballito;Ciudad Autónoma Buenos Aires;4838.71;
Toyota;Yaris;2025;7000;La Puntilla;Mendoza;24516.13;
Volkswagen;Amarok;2023;95000;Villa Carlos Paz;Córdoba;33483.87;
Toyota;Hilux;2018;120000;Córdoba;Córdoba;26100.0;
Toyota;Corolla;2020;75000;Parana;Entre Ríos;21612.9;
Renault;Logan;2018;110000;Resistencia;Chaco;11935.48;
Volkswagen;Amarok;2014;185000;Lomas del Mirador;Buenos Aires (A.M.B.A.);15500.0;
Chevrolet;Celta;2014;108000;Guaymallén;Mendoza;6322.58;
Ford;Fiesta Kinetic;2014;29200;Almagro;Ciudad Autónoma Buenos Aires;11500.0;
Peugeot;208;2014;102600;La Plata;Buenos Aires;9000.0;
Volkswagen;Polo;2020;133000;Tigre;Buenos Aires (A.M.B.A.);12258.06;
Jeep;Compass;2022;62000;Flores;Ciudad Autónoma Buenos Aires;25161.29;
BMW;X6;2010;160000;Parana;Entre Ríos;32000.0;
Peugeot;208;2021;43000;Arroyito;Córdoba;14774.19;
Peugeot;208;2019;49000;Caballito;Ciudad Autónoma Buenos Aires;5806.45;
Peugeot;208;2019;57000;Caballito;Ciudad Autónoma Buenos Aires;3870.97;
Honda;Civic;2018;117000;Yerba Buena - Marcos Paz;Tucumán;19354.84;
FIAT;Mobi;2019;83000;Mendiolaza;Córdoba;9677.42;
Nissan;Versa;2016;86000;San Miguel;Buenos Aires (A.M.B.A.);9354.84;
Chevrolet;Cruze 5;2017;105000;Ciudadela;Buenos Aires (A.M.B.A.);18000.0;
Renault;Logan;2021;100000;Villa Carlos Paz;Córdoba;11290.32;
KIA;Sportage;2017;141000;Palermo;Ciudad Autónoma Buenos Aires;17000.0;
Jeep;Grand Cherokee;2016;116270;Río Cuarto;Córdoba;35000.0;
Citroën;C3 Aircross;2025;1;Neuquén;Neuquén;21290.32;
Peugeot;308;2015;95000;Pilar;Buenos Aires (A.M.B.A.);11900.0;
Toyota;Etios Sedán;2016;190000;Córdoba;Córdoba;10000.0;
Volkswagen;Golf;2019;106000;Agronomía;Ciudad Autónoma Buenos Aires;19000.0;
Renault;Kangoo;2015;240000;Villa Mercedes;San Luis;9612.9;
FIAT;Idea;2016;160000;Santo Tome;Santa Fe;7741.94;
Volkswagen;Amarok;2018;133000;Rosario;Santa Fe;20645.16;
Renault;Duster;2017;127000;Villa Allende;Córdoba;11548.39;
Peugeot;308 CC;2012;205000;Tandil;Buenos Aires;10000.0;
Volkswagen;Amarok;2015;360000;Rosario;Santa Fe;13870.97;
FIAT;Qubo;2013;197500;Gregorio de Laferrere;Buenos Aires (A.M.B.A.);7741.94;
Chevrolet;Onix;2018;116300;Tandil;Buenos Aires;10838.71;
Ford;Fiesta Kinetic;2018;71000;Hersilia;Santa Fe;10645.16;
Volkswagen;T-Cross;2020;42000;Neuquén;Neuquén;18709.68;
Volkswagen;Tiguan;2019;151000;Neuquén;Neuquén;23161.29;
Volkswagen;Suran;2018;117000;Neuquén;Neuquén;10967.74;
Chevrolet;Cruze RS;2023;29100;Córdoba;Córdoba;24000.0;
Renault;Clio Mío;2014;89000;Banfield;Buenos Aires (A.M.B.A.);8064.52;
Volkswagen;Gol Trend;2012;175000;Rafaela;Santa Fe;6774.19;
Chevrolet;Prisma;2016;68000;Tigre;Buenos Aires (A.M.B.A.);8701.94;
Peugeot;208;2023;20000;Caballito;Ciudad Autónoma Buenos Aires;4838.71;
Ford;Ka;2016;137500;Bahía Blanca;Buenos Aires;9612.9;
Volkswagen;Suran;2019;110000;Palermo;Ciudad Autónoma Buenos Aires;10645.16;
Mercedes;Clase A Hatchback;2014;42800;Tandil;Buenos Aires;31700.0;
Ford;Ranger;2006;145000;Tigre;Buenos Aires (A.M.B.A.);12193.55;
KIA;Sorento;2019;80300;Flores;Ciudad Autónoma Buenos Aires;32900.0;
Alfa Romeo;Stelvio;2023;27000;Boulogne Sur Mer;Buenos Aires (A.M.B.A.);65000.0;
Volkswagen;Gol Trend;2017;121000;Las Heras;Mendoza;11548.39;
Citroën;C3;2013;125000;Córdoba;Córdoba;6774.19;
Toyota;SW4;2006;364000;Uspallata;Mendoza;18000.0;
Ford;Focus;2019;40000;Parque Chacabuco;Ciudad Autónoma Buenos Aires;16400.0;
Chevrolet;Astra;2007;162000;La Paternal;Ciudad Autónoma Buenos Aires;3225.81;
Ford;Territory;2026;1;Neuquén;Neuquén;36064.52;
Mercedes;Clase GLC;2018;109000;Yerba Buena - Marcos Paz;Tucumán;35000.0;
Chevrolet;S 10;2017;170000;Vicente Lopez;Buenos Aires (A.M.B.A.);14838.71;
FIAT;Strada Working;2016;123000;Córdoba;Córdoba;10902.58;
Toyota;Etios Sedán;2018;148000;Salta;Salta;10967.74;
Volkswagen;Amarok;2021;73000;Wilde;Buenos Aires (A.M.B.A.);39900.0;
Peugeot;208;2015;109600;La Plata;Buenos Aires;9900.0;
Volkswagen;Golf;2012;135000;Rosario;Santa Fe;6129.03;
FIAT;Mobi;2025;3200;Lomas De Zamora;Buenos Aires (A.M.B.A.);4516.13;
Toyota;Etios Hatchback;2014;83000;Monserrat;Ciudad Autónoma Buenos Aires;9677.42;
Toyota;Hilux;2016;189000;Córdoba;Córdoba;21290.32;
Volkswagen;Taos;2024;23000;Neuquén;Neuquén;30000.0;
Citroën;Berlingo Furgón;2013;539000;Mar del Plata;Buenos Aires;6000.0;
Chevrolet;Tracker;2014;150000;Maipu;Mendoza;9870.97;
Renault;Clio Mío;2014;285000;Yerba Buena - Marcos Paz;Tucumán;7741.94;
Volkswagen;Taos;2024;26000;Córdoba;Córdoba;31935.48;
FIAT;Palio Fire;2015;180000;Mendoza;Mendoza;7096.77;
Peugeot;208;2019;48000;Caballito;Ciudad Autónoma Buenos Aires;3870.97;
Volkswagen;Amarok;2024;20000;Flores;Ciudad Autónoma Buenos Aires;3870.97;
Honda;WR-V;2019;50000;La Plata;Buenos Aires;21000.0;
Volkswagen;Amarok;2012;176000;Río Cuarto;Córdoba;23500.0;
Citroën;C3;2015;116000;Neuquén;Neuquén;8387.1;
Toyota;Hilux;2018;170000;El Calafate;Santa Cruz;17419.35;
Volkswagen;Suran;2013;182000;Salta;Salta;6451.61;
Renault;Master;2013;233000;Wilde;Buenos Aires (A.M.B.A.);17741.94;
Chevrolet;Cruze;2017;20900;Parque Avellaneda;Ciudad Autónoma Buenos Aires;15800.0;
Toyota;Corolla;2019;123000;Resistencia;Chaco;18064.52;
Volkswagen;Suran;2017;144000;Berazategui;Buenos Aires (A.M.B.A.);9032.26;
Chery;Tiggo 2 PRO;2022;56000;Salta;Salta;15806.45;
Audi;A4;2012;122222;Santiago del Estero;Santiago del Estero;17000.0;
Honda;HR-V;2017;125000;Corrientes;Corrientes;15161.29;
Peugeot;408;2017;128000;Santa Fe;Santa Fe;9806.45;
Toyota;Etios Hatchback;2018;109000;Salta;Salta;10451.61;
Peugeot;208;2020;52000;Caballito;Ciudad Autónoma Buenos Aires;13548.39;
Nissan;Tiida;2010;165000;San Rafael;Mendoza;7096.77;
Renault;Kangoo Express;2022;91000;Recreo;Santa Fe;14193.55;
KIA;Soul;2012;87000;Neuquén;Neuquén;9612.9;
Chevrolet;Onix Joy;2022;35000;Liniers;Ciudad Autónoma Buenos Aires;13800.0;
Peugeot;308;2013;185000;Villa Luro;Ciudad Autónoma Buenos Aires;8967.74;
FIAT;Palio Weekend;1998;330000;Rosario;Santa Fe;2903.23;
Chery;Skin;2012;125000;Pilar;Buenos Aires (A.M.B.A.);5483.87;
Ford;Fiesta Kinetic;2017;112000;Chabás;Santa Fe;10193.55;
Volkswagen;Amarok;2024;42000;Tigre;Buenos Aires (A.M.B.A.);29500.0;
Chevrolet;Agile;2014;140000;San Jorge;Santa Fe;8064.52;
Ford;Focus Sedán;2018;109000;Córdoba;Córdoba;11483.87;
Renault;Kangoo;2021;110000;Neuquén;Neuquén;13870.97;
Volkswagen;Polo 5P;2018;90000;Caballito;Ciudad Autónoma Buenos Aires;12258.06;
Audi;Q5;2011;168000;Avellaneda;Buenos Aires (A.M.B.A.);12903.23;
Peugeot;208;2019;58300;Caballito;Ciudad Autónoma Buenos Aires;4516.13;
Ford;Ka;2018;94700;Neuquén;Neuquén;10967.74;
Ford;Ranger;2017;185000;Villa Luro;Ciudad Autónoma Buenos Aires;12838.71;
Jeep;Patriot;2014;190421;Adrogue;Buenos Aires (A.M.B.A.);15000.0;
Peugeot;208;2020;44000;Caballito;Ciudad Autónoma Buenos Aires;5483.87;
Volkswagen;Golf;2008;217000;San Fernando;Buenos Aires (A.M.B.A.);7096.77;
Peugeot;208;2017;92000;Malagueño;Córdoba;10000.0;
BMW;Serie 1;2010;140000;Mendoza;Mendoza;16000.0;
Chery;Tiggo;2020;88000;Neuquén;Neuquén;14193.55;
Chevrolet;Tracker;2017;132000;Mataderos;Ciudad Autónoma Buenos Aires;11741.94;
Nissan;Sentra;2024;17800;Recoleta;Ciudad Autónoma Buenos Aires;26451.61;
Peugeot;208;2013;143000;Pilar;Buenos Aires (A.M.B.A.);8500.0;
Citroën;C4 Cactus;2021;29000;Rosario;Santa Fe;18000.0;
FIAT;Cronos;2023;60000;San Justo;Buenos Aires (A.M.B.A.);14709.68;
Volkswagen;Gol Trend;2012;138000;San Luis;San Luis;10500.0;
Toyota;Hilux;2022;28000;Quilmes;Buenos Aires (A.M.B.A.);31612.9;
Renault;Clio Mío;2016;86000;San Miguel de Tucumán;Tucumán;7741.94;
Citroën;C4 Lounge;2014;230000;Alta Gracia;Córdoba;8387.1;
Chevrolet;Cruze;2017;160000;La Plata;Buenos Aires;14000.0;
Chevrolet;Onix;2020;71000;Paternal;Ciudad Autónoma Buenos Aires;10322.58;
Chevrolet;Cruze;2018;124700;Nuñez;Ciudad Autónoma Buenos Aires;12500.0;
FIAT;Cronos;2021;165000;Villa Ortuzar;Ciudad Autónoma Buenos Aires;10258.06;
Renault;Kwid;2020;25000;Neuquén;Neuquén;10322.58;
Peugeot;207 Compact;2013;157445;San Isidro;Buenos Aires (A.M.B.A.);6000.0;
Peugeot;208;2022;29000;Caballito;Ciudad Autónoma Buenos Aires;6387.1;
Renault;Kwid;2020;130000;Lujan de Cuyo;Mendoza;8387.1;
Mercedes;Clase C Sedán;2018;95000;Vicente Lopez;Buenos Aires (A.M.B.A.);32800.0;
Volkswagen;Voyage;2011;146000;Rosario;Santa Fe;4838.71;
Peugeot;208;2019;42000;Caballito;Ciudad Autónoma Buenos Aires;4516.13;
Nissan;Kicks;2019;93000;Villa Allende;Córdoba;15806.45;
Ford;EcoSport;2014;114000;Ramos Mejia;Buenos Aires (A.M.B.A.);10000.0;
Peugeot;Partner;2021;39000;Caballito;Ciudad Autónoma Buenos Aires;5096.77;
Volkswagen;Amarok;2022;70000;Comodoro Rivadavia;Chubut;24516.13;
Ford;EcoSport;2018;60000;Berazategui;Buenos Aires (A.M.B.A.);15600.0;
Renault;Scénic;1999;200000;Almagro;Ciudad Autónoma Buenos Aires;4193.55;
Peugeot;307;2010;207970;Garupá;Misiones;5483.87;
Volkswagen;Gol Trend;2017;88000;Santa Fe;Santa Fe;10193.55;
Toyota;Hilux GR Sport;2023;73000;Pilar;Buenos Aires (A.M.B.A.);44000.0;
Mercedes;Sprinter;2014;187000;Caballito;Ciudad Autónoma Buenos Aires;23000.0;
Subaru;Outback;2004;180000;Ituzaingo;Buenos Aires (A.M.B.A.);5000.0;
Volkswagen;Polo 5P;2018;92000;Ingeniero Maschwitz;Buenos Aires (A.M.B.A.);12258.06;
Volkswagen;Taos;2023;33000;Neuquén;Neuquén;30258.06;
Ford;EcoSport;2017;140000;Mar del Plata;Buenos Aires;11612.9;
Chery;Tiggo 3;2018;131000;Florida;Buenos Aires (A.M.B.A.);12700.0;
Peugeot;208;2020;38000;Caballito;Ciudad Autónoma Buenos Aires;5161.29;
Chevrolet;Tracker;2022;14800;Villa Allende;Córdoba;19032.26;
Peugeot;208;2019;46800;Caballito;Ciudad Autónoma Buenos Aires;4516.13;
Volkswagen;Amarok;2022;165000;Luján;Buenos Aires;30000.0;
Peugeot;207 Compact;2012;153000;San Luis;San Luis;6774.19;
Toyota;Corolla Cross;2023;33000;Corrientes;Corrientes;30967.74;
Volkswagen;Voyage;2019;111000;Luis Guillón;Buenos Aires (A.M.B.A.);13000.0;
Ford;Ka;2021;47700;Neuquén;Neuquén;14516.13;
Peugeot;301;2018;201000;Rosario;Santa Fe;9354.84;
Volkswagen;Polo;2002;152000;Almagro;Ciudad Autónoma Buenos Aires;3225.81;
Chevrolet;Onix;2018;186818;Escobar;Buenos Aires (A.M.B.A.);10322.58;
Renault;Sandero;2018;73000;Neuquén;Neuquén;11548.39;
FIAT;Cronos;2022;91000;Claypole;Buenos Aires (A.M.B.A.);12903.23;
Volkswagen;up!;2015;86000;Neuquén;Neuquén;10000.0;
FIAT;Mobi;2019;65000;Tigre;Buenos Aires (A.M.B.A.);10314.84;
Toyota;Hilux;2022;50000;San Luis;San Luis;33000.0;
Peugeot;2008;2016;90000;Concordia;Entre Ríos;10322.58;
Peugeot;208;2019;61000;Flores;Ciudad Autónoma Buenos Aires;10322.58;
Peugeot;208;2022;42000;Caballito;Ciudad Autónoma Buenos Aires;5161.29;
Volkswagen;Virtus;2018;119000;Quilmes;Buenos Aires (A.M.B.A.);13419.35;
Renault;Clio;2011;175000;Resistencia;Chaco;5161.29;
Toyota;Corolla;2013;173000;Resistencia;Chaco;10000.0;
Chevrolet;Cobalt;2014;94000;Flores;Ciudad Autónoma Buenos Aires;6774.19;
Volkswagen;CrossFox;2013;202000;Villa Mercedes;San Luis;9612.9;
Volkswagen;Suran;2007;200000;Coronel Suárez;Buenos Aires;5161.29;
Peugeot;208;2019;54000;Caballito;Ciudad Autónoma Buenos Aires;8387.1;
Ford;Ka;2019;33000;Presidencia Roque Saenz Pena;Chaco;7096.77;
Volkswagen;Vento;2020;125000;Parana;Entre Ríos;20645.16;
KIA;Picanto;2015;99000;Presidencia Roque Saenz Pena;Chaco;10000.0;
Volkswagen;Vento;2012;240000;Martinez;Buenos Aires (A.M.B.A.);9500.0;
BMW;X3;2017;149000;La Plata;Buenos Aires;36000.0;
Peugeot;207 Compact;2013;150000;Posadas;Misiones;6129.03;
Chevrolet;Prisma;2019;69000;Resistencia;Chaco;10645.16;
Renault;Fluence;2015;150100;Roldán;Santa Fe;10000.0;
Volkswagen;up!;2016;90000;Neuquén;Neuquén;9612.9;
Volkswagen;Polo;2018;119000;Vicente Lopez;Buenos Aires (A.M.B.A.);11600.0;
Chevrolet;Cruze;2021;38900;Belgrano;Ciudad Autónoma Buenos Aires;17419.35;
Renault;Duster;2013;220000;Córdoba;Córdoba;8709.68;
Chevrolet;Onix;2014;159000;Pilar;Buenos Aires (A.M.B.A.);8709.68;
Volkswagen;T-Cross;2022;71000;Lujan de Cuyo;Mendoza;19032.26;
KIA;Sorento;2017;145000;La Plata;Buenos Aires;22500.0;
Volkswagen;Amarok;2018;125000;Rosario;Santa Fe;22580.65;
Volkswagen;Gol Trend;2017;129000;Lomas De Zamora;Buenos Aires (A.M.B.A.);10000.0;
FIAT;Cronos;2023;220000;Tigre;Buenos Aires (A.M.B.A.);16121.29;
FIAT;Linea;2017;68000;Martin Coronado;Buenos Aires (A.M.B.A.);10322.58;
Peugeot;208;2023;27300;Vicente Lopez;Buenos Aires (A.M.B.A.);14516.13;
KIA;Sportage;2012;157000;Tigre;Buenos Aires (A.M.B.A.);14500.0;
Citroën;C4;2012;237000;Mendoza;Mendoza;4838.71;
Honda;Accord;1995;195000;Ramos Mejia;Buenos Aires (A.M.B.A.);4193.55;
Peugeot;408;2014;184000;Quilmes Oeste;Buenos Aires (A.M.B.A.);9677.42;
BMW;Serie 1;2019;37300;Los Troncos Del Talar;Buenos Aires (A.M.B.A.);31500.0;
FIAT;Palio;2016;98000;Ayacucho;Buenos Aires;8903.23;
Jeep;Compass;2018;110000;Yerba Buena - Marcos Paz;Tucumán;20967.74;
FIAT;Palio;2015;174000;Córdoba;Córdoba;9612.26;
Toyota;SW4;2018;136000;Lujan de Cuyo;Mendoza;34838.71;
Peugeot;306 Sedán;1998;200000;General Rodrguez;Buenos Aires;1935.48;
Peugeot;Partner;2018;180000;Flores;Ciudad Autónoma Buenos Aires;12890.0;
Volkswagen;Suran;2015;146300;Merlo;Buenos Aires (A.M.B.A.);9032.26;
Ford;Fiesta Kinetic;2016;61800;Mataderos;Ciudad Autónoma Buenos Aires;10967.74;
Volkswagen;Golf Variant;2015;145000;Mar del Plata;Buenos Aires;15500.0;
Volkswagen;T-Cross;2025;4000;San Juan;San Juan;26451.61;
Citroën;C4 Lounge;2019;64000;La Plata;Buenos Aires;13225.81;
Ford;Fiesta Kinetic;2016;80000;Córdoba;Córdoba;10322.58;
Renault;Stepway;2023;30000;Córdoba;Córdoba;14193.55;
Nissan;Versa;2018;149000;25 de Mayo;La Pampa;10967.74;
FIAT;Toro;2020;99000;Córdoba;Córdoba;21500.0;
Citroën;C4 Lounge;2015;210000;Llavallol;Buenos Aires (A.M.B.A.);9225.81;
Peugeot;208;2016;62323;Neuquén;Neuquén;11612.9;
Toyota;Hilux;2016;126000;Banfield;Buenos Aires (A.M.B.A.);26000.0;
Peugeot;208;2013;49600;Barrio Belgrano;Buenos Aires;9500.0;
Toyota;Hilux;2012;177000;San Antonio De Padua;Buenos Aires (A.M.B.A.);18500.0;
Volkswagen;Voyage;2014;83000;Rosario;Santa Fe;8258.06;
Peugeot;Expert;2022;58000;Almagro;Ciudad Autónoma Buenos Aires;11290.32;
Chery;Face;2013;109000;Palermo;Ciudad Autónoma Buenos Aires;4193.55;
Ford;EcoSport;2012;137000;Mar del Plata;Buenos Aires;6129.03;
Renault;9;1997;16500;Barranqueras;Chaco;6129.03;
Ford;Fiesta;2010;220000;Saenz Peña;Buenos Aires (A.M.B.A.);4774.19;
Ford;Focus;2014;134000;Santo Tome;Santa Fe;9677.42;
Volkswagen;Gol Trend;2021;55800;Santo Tome;Santa Fe;12129.03;
Chery;Tiggo 3;2017;48000;Tapalqué;Buenos Aires;13000.0;
Volkswagen;Suran;2014;147000;Concordia;Entre Ríos;10000.0;
Peugeot;208;2018;58000;Caballito;Ciudad Autónoma Buenos Aires;5161.29;
Ford;Bronco Sport;2024;40000;La Plata;Buenos Aires;37354.84;
Toyota;SW4;2014;170000;Plottier;Neuquén;26451.61;
Volkswagen;Gol Trend;2013;169800;Las Heras;Mendoza;7096.77;
Toyota;Corolla;2018;190000;Almagro;Ciudad Autónoma Buenos Aires;14516.13;
Toyota;Corolla;2024;18500;Juan Bautista Alberdi;Tucumán;25806.45;
Renault;Clio Mío;2014;177000;Dorrego;Mendoza;6548.39;
Ford;EcoSport;2014;165000;San Francisco;Córdoba;9677.42;
Toyota;Corolla Cross;2024;29500;La Rioja;La Rioja;34193.55;
Volkswagen;Amarok;2022;106000;Neuquén;Neuquén;29677.42;
Chery;Tiggo;2016;94800;Flores;Ciudad Autónoma Buenos Aires;10129.03;
Ford;Fiesta Kinetic;2016;107000;La Paternal;Ciudad Autónoma Buenos Aires;9161.29;
Volkswagen;Gol Trend;2014;220000;La Plata;Buenos Aires;9000.0;
Volkswagen;Fox;2009;255000;Los Corralitos;Mendoza;4516.13;
Chevrolet;Prisma;2016;25000;Monserrat;Ciudad Autónoma Buenos Aires;12000.0;
FIAT;Argo;2018;85000;Monserrat;Ciudad Autónoma Buenos Aires;11290.32;
Renault;Clio Mío;2013;125000;Monserrat;Ciudad Autónoma Buenos Aires;7500.0;
Peugeot;Partner;2015;140000;Villa Ciudad Parque Los Reartes;Córdoba;10645.16;
Renault;Logan;2010;209000;Rosario;Santa Fe;5161.29;
Peugeot;Partner Patagónica;2017;167000;Avellaneda;Buenos Aires (A.M.B.A.);12580.65;
Citroën;C3;2007;105000;Merlo;Buenos Aires (A.M.B.A.);5161.29;
Peugeot;308;2022;50000;La Plata;Buenos Aires;17354.84;
Renault;Master;2011;295000;Lomas De Zamora;Buenos Aires (A.M.B.A.);17900.0;
Ford;Ranger;2014;109000;La Tablada;Buenos Aires (A.M.B.A.);15806.45;
Volkswagen;Gol;2006;175000;Guaymallén;Mendoza;5806.45;
Renault;Logan;2018;90000;Guaymallén;Mendoza;9548.39;
Toyota;Corolla Hybrid;2024;2100;Caballito;Ciudad Autónoma Buenos Aires;31500.0;
Ford;Ranger;2021;101471;Escobar;Buenos Aires (A.M.B.A.);43000.0;
FIAT;Strada Working;2016;104946;San Luis;San Luis;11290.32;
FIAT;Siena;2013;173000;Ayacucho;Buenos Aires;7225.81;
FIAT;Palio;2012;165000;Rosario;Santa Fe;6129.03;
Volkswagen;Suran;2014;190000;Bahía Blanca;Buenos Aires;8903.23;
Jeep;Compass;2018;62000;Rosario;Santa Fe;19354.84;
Ford;Ka;2010;185000;Neuquén;Neuquén;5806.45;
Peugeot;2008;2018;65000;Belgrano;Ciudad Autónoma Buenos Aires;13000.0;
FIAT;Mobi;2021;49000;Moron;Buenos Aires (A.M.B.A.);10967.74;
Peugeot;208;2020;60000;Caballito;Ciudad Autónoma Buenos Aires;6129.03;
Renault;Clio Mío;2015;57000;Nogoya;Entre Ríos;9677.42;
Volkswagen;Vento;2011;177000;Concordia;Entre Ríos;12000.0;
FIAT;Uno;2014;16000;La Plata;Buenos Aires;9900.0;
Ford;EcoSport;2018;82000;Villa Carlos Paz;Córdoba;12903.23;
Toyota;Hilux;2019;170000;Dolores;Buenos Aires;26451.61;
Chevrolet;Cruze;2022;93000;Córdoba;Córdoba;15806.45;
BMW;X5;2017;142500;Los Troncos Del Talar;Buenos Aires (A.M.B.A.);47900.0;
Peugeot;Partner;2021;57000;Caballito;Ciudad Autónoma Buenos Aires;5161.29;
Peugeot;2008;2020;45000;Almagro;Ciudad Autónoma Buenos Aires;6129.03;
Peugeot;208;2020;46000;Caballito;Ciudad Autónoma Buenos Aires;5225.81;
Renault;Duster;2013;264000;La Plata;Buenos Aires;7741.94;
FIAT;500;2012;123969;Córdoba;Córdoba;9612.9;
Jeep;Renegade;2021;109000;Neuquén;Neuquén;19290.32;
Peugeot;407;2010;160000;Mar del Plata;Buenos Aires;10000.0;
Peugeot;2008;2020;132000;San Miguel;Buenos Aires (A.M.B.A.);13290.32;
Chevrolet;Cruze;2018;78000;Cañuelas;Buenos Aires;14225.81;
Ford;Fiesta Kinetic;2014;70100;Flores;Ciudad Autónoma Buenos Aires;9990.0;
Volkswagen;Nivus;2022;64500;Mendoza;Mendoza;16129.03;
Peugeot;208;2018;45000;Caballito;Ciudad Autónoma Buenos Aires;6129.03;
Volkswagen;Gol;2008;113000;Las Heras;Mendoza;5225.81;
Ford;Mondeo;2016;145300;Villa Urquiza;Ciudad Autónoma Buenos Aires;17900.0;
Peugeot;208;2020;43000;Caballito;Ciudad Autónoma Buenos Aires;3870.97;
Peugeot;208;2023;12000;Caballito;Ciudad Autónoma Buenos Aires;5806.45;
Chevrolet;S 10;2018;245000;Bahía Blanca;Buenos Aires;16903.23;
Peugeot;208;2014;90000;Martín Coronado;Buenos Aires;9677.42;
Volkswagen;Amarok;2021;127533;San Francisco;Córdoba;23096.77;
FIAT;Cronos;2022;23512;Santo Tome;Santa Fe;15354.84;
Peugeot;408;2012;116000;Beccar;Buenos Aires (A.M.B.A.);5161.29;
Peugeot;2008;2020;43000;Cañuelas;Buenos Aires;17006.45;
Ford;Ka;2017;74000;Lujan de Cuyo;Mendoza;9677.42;
Citroën;C3;2013;183569;Zárate;Buenos Aires;4838.71;
Suzuki;Fun;2009;85000;Flores;Ciudad Autónoma Buenos Aires;5419.35;
Honda;CR-V;2012;160000;Wilde;Buenos Aires (A.M.B.A.);18900.0;
Chevrolet;Onix;2018;80000;Posadas;Misiones;10322.58;
Volkswagen;Suran;2018;121000;Moreno;Buenos Aires (A.M.B.A.);10967.74;
Volkswagen;Vento;2017;167500;Salta;Salta;12903.23;
Renault;Kangoo Express;2012;170000;Maipu;Mendoza;5806.45;
Renault;Kardian;2025;3700;Belgrano;Ciudad Autónoma Buenos Aires;20000.0;
Toyota;Corolla;2012;142000;Zárate;Buenos Aires;13700.0;
Renault;Kangoo;2019;135000;Neuquén;Neuquén;13870.97;
Ford;EcoSport;2022;88000;General Fernández Oro;Río Negro;14838.71;
Citroën;C3 Aircross;2013;145000;Berazategui;Buenos Aires (A.M.B.A.);8322.58;
Renault;Sandero;2019;135000;Resistencia;Chaco;9354.84;
Ford;Fiesta Kinetic;2017;83000;Presidencia Roque Saenz Pena;Chaco;4936.77;
Chevrolet;Classic;2013;104000;San Martin;Buenos Aires (A.M.B.A.);6451.61;
Chevrolet;Agile;2012;158000;Córdoba;Córdoba;5483.87;
Peugeot;Expert;2022;56000;Caballito;Ciudad Autónoma Buenos Aires;9677.42;
Volkswagen;up!;2015;61300;Chacras de Coria;Mendoza;9548.39;
Peugeot;2008;2022;24000;Caballito;Ciudad Autónoma Buenos Aires;6451.61;
Peugeot;208;2018;45000;Caballito;Ciudad Autónoma Buenos Aires;5806.45;
Chevrolet;S 10;2023;56000;Villa Alsina;Buenos Aires;45000.0;
Toyota;Hilux;2024;11677;Parana;Entre Ríos;50000.0;
DS;7 Crossback;2019;84000;San Lorenzo;Santa Fe;19354.84;
Chevrolet;Prisma Joy;2018;140000;Villa Adelina;Buenos Aires (A.M.B.A.);8387.1;
Chevrolet;Cruze;2018;48000;Caballito;Ciudad Autónoma Buenos Aires;17000.0;
Renault;Duster Oroch;2020;130000;Villa Bosch;Buenos Aires (A.M.B.A.);16000.0;
Peugeot;208;2022;49000;Caballito;Ciudad Autónoma Buenos Aires;14193.55;
Honda;Fit;2008;170000;Rosario;Santa Fe;8000.0;
Peugeot;208;2023;10200;Ensenada;Buenos Aires;16645.16;
Toyota;Corolla Cross Hybrid;2021;79000;Vicente Lopez;Buenos Aires (A.M.B.A.);27500.0;
Chevrolet;Cobalt;2013;133000;Flores;Ciudad Autónoma Buenos Aires;7741.94;
Jeep;Grand Cherokee;2016;115047;Córdoba;Córdoba;33500.0;
Peugeot;308;2013;85000;Villa Urquiza;Ciudad Autónoma Buenos Aires;11000.0;
FIAT;Toro;2018;235000;Luján;Buenos Aires;13548.39;
KIA;Sportage;2018;161340;Córdoba;Córdoba;25000.0;
Volkswagen;Polo 5P;2023;28000;Palermo;Ciudad Autónoma Buenos Aires;1419.35;
Citroën;C4 Cactus;2020;99000;Godoy Cruz;Mendoza;14516.13;
FIAT;Toro;2022;72000;Concepción;Tucumán;23225.81;
Renault;Kangoo;2021;110000;Coronel Brandsen;Buenos Aires;18387.1;
Toyota;Etios Hatchback;2014;127000;Moron;Buenos Aires (A.M.B.A.);13000.0;
Peugeot;2008;2020;98000;Monte Castro;Ciudad Autónoma Buenos Aires;14516.13;
DS;3;2019;94000;Rosario;Santa Fe;14516.13;
Peugeot;208;2023;29000;Salta;Salta;15419.35;
Toyota;Etios Sedán;2019;169000;Pilar;Buenos Aires (A.M.B.A.);11290.32;
Volkswagen;Taos;2023;43000;Córdoba;Córdoba;27741.94;
Toyota;Hilux;2017;42000;Resistencia;Chaco;27096.77;
Toyota;Hilux;2014;143000;Monserrat;Ciudad Autónoma Buenos Aires;25000.0;
Nissan;Kicks;2018;108000;San Francisco;Córdoba;17354.84;
FIAT;Punto;2012;196000;Avellaneda;Buenos Aires (A.M.B.A.);5032.26;
Volkswagen;Polo 5P;2023;25000;Palermo;Ciudad Autónoma Buenos Aires;1483.87;
Renault;Kangoo;2015;285000;San Nicolás de los Arroyos;Buenos Aires;7225.81;
FIAT;Palio Fire;2014;92000;Villa Maria;Córdoba;6774.19;
Volkswagen;Amarok;2016;238000;San Rafael;Mendoza;12903.23;
Toyota;Corolla;2016;150000;Rosario;Santa Fe;13225.81;
Volkswagen;Suran;2015;135000;Neuquén;Neuquén;10322.58;
Volkswagen;Gol Trend;2020;30000;Rosario;Santa Fe;12258.06;
Peugeot;308;2019;210000;Leandro N. Alem;Misiones;11612.9;
Chevrolet;S 10;2015;73000;San Nicolás de los Arroyos;Buenos Aires;19000.0;
Peugeot;208;2022;37000;Almagro;Ciudad Autónoma Buenos Aires;4774.19;
Renault;Master;2014;540000;Rosario;Santa Fe;19354.84;
Honda;City;2011;120000;San Nicolás;Ciudad Autónoma Buenos Aires;10000.0;
Toyota;Hilux;2008;270000;Necochea;Buenos Aires;18500.0;
Volkswagen;Amarok;2014;183000;Vicente Lopez;Buenos Aires (A.M.B.A.);15500.0;
Renault;Koleos;2011;168000;Casilda;Santa Fe;12500.0;
BMW;X4;2018;86000;Villa Devoto;Ciudad Autónoma Buenos Aires;43000.0;
Chevrolet;Classic;2014;107400;Rosario;Santa Fe;6774.19;
Peugeot;208;2022;17378;Belgrano;Ciudad Autónoma Buenos Aires;19000.0;
Peugeot;308;2018;112000;Adrogue;Buenos Aires (A.M.B.A.);11612.9;
Citroën;C3;2023;22700;Santo Tome;Santa Fe;15806.45;
Nissan;Note;2016;107000;Monte Castro;Ciudad Autónoma Buenos Aires;9677.42;
Chevrolet;Cruze;2021;53465;Neuquén;Neuquén;15483.87;
Volkswagen;Amarok;2016;200000;San Miguel;Buenos Aires (A.M.B.A.);21000.0;
Volkswagen;Suran;2013;170000;Yerba Buena - Marcos Paz;Tucumán;6967.74;
Toyota;Celica;1980;170000;Colón;Buenos Aires;11900.0;
DS;7 E-Tense;2025;3000;Pilar;Buenos Aires (A.M.B.A.);68000.0;
Ford;Fiesta Kinetic;2017;106500;Vicente Lopez;Buenos Aires (A.M.B.A.);10580.0;
Ford;Ranger;2020;173000;Guaymallén;Mendoza;20645.16;
RAM;1500;2020;72500;San Isidro;Buenos Aires (A.M.B.A.);44193.55;
Nissan;Sentra;2020;130000;San Jorge;Santa Fe;16774.19;
Ford;Focus;2017;140000;Villa Adelina;Buenos Aires (A.M.B.A.);11548.39;
Peugeot;208;2022;20000;Almagro;Ciudad Autónoma Buenos Aires;4838.71;
Volkswagen;Suran;2013;137000;Boedo;Ciudad Autónoma Buenos Aires;9390.0;
FIAT;Ducato;2020;176000;Bernal Oeste;Buenos Aires (A.M.B.A.);28500.0;
Chevrolet;Celta;2013;174000;Villa Nueva;Mendoza;5806.45;
Toyota;Etios Sedán;2016;118877;Ituzaingo;Buenos Aires (A.M.B.A.);3354.84;
Volkswagen;Virtus;2019;128300;San Carlos de Bariloche;Río Negro;16129.03;
Peugeot;308 CC;2013;71000;Barracas;Ciudad Autónoma Buenos Aires;11500.0;
Toyota;Corolla Cross;2023;45000;Córdoba;Córdoba;28387.1;
Renault;Clio Mío;2015;85000;Lanus;Buenos Aires (A.M.B.A.);9500.0;
Peugeot;308;2017;103400;Las Heras;Mendoza;11290.32;
Volkswagen;Polo 5P;2023;10000;Palermo;Ciudad Autónoma Buenos Aires;1419.35;
Honda;HR-V;2018;103700;La Plata;Buenos Aires;20000.0;
Toyota;Corolla Cross;2023;90000;Neuquén;Neuquén;29032.26;
Toyota;Etios Hatchback;2017;79500;Reconquista;Santa Fe;12700.0;
Toyota;Etios Sedán;2018;96000;Joaquín V. González;Salta;11612.9;
Volkswagen;Gol Trend;2017;68500;Monserrat;Ciudad Autónoma Buenos Aires;11200.0;
Chery;QQ;2018;47800;Bahía Blanca;Buenos Aires;7612.9;
Nissan;Frontier;2019;74000;Oro Verde;Entre Ríos;20645.16;
Renault;Duster;2013;205000;Lomas De Zamora;Buenos Aires (A.M.B.A.);7741.94;
Chevrolet;Cruze;2017;112696;Ituzaingo;Buenos Aires (A.M.B.A.);3741.94;
KIA;Carnival;2020;120000;San Nicolás de los Arroyos;Buenos Aires;46000.0;
Jeep;Renegade;2017;59000;Bernal;Buenos Aires (A.M.B.A.);16100.0;
Renault;Logan;2018;130000;Villa Urquiza;Ciudad Autónoma Buenos Aires;9548.39;
Jeep;Renegade;2019;94000;La Plata;Buenos Aires;17000.0;
RAM;Rampage;2025;4500;Palermo;Ciudad Autónoma Buenos Aires;34900.0;
FIAT;Cronos;2021;65600;Recoleta;Ciudad Autónoma Buenos Aires;12903.23;
BMW;Serie 1;2017;50000;Rosario;Santa Fe;27000.0;
Ford;Ranger;2014;300000;Chacarita;Ciudad Autónoma Buenos Aires;14193.55;
Nissan;Versa;2021;78000;Bahía Blanca;Buenos Aires;15500.0;
Peugeot;207 Compact;2010;124000;Vicente Lopez;Buenos Aires (A.M.B.A.);4645.16;
Ford;Ranger;2014;172000;Caballito;Ciudad Autónoma Buenos Aires;12903.23;
Volkswagen;Polo 5P;2023;29000;Palermo;Ciudad Autónoma Buenos Aires;1419.35;
Mercedes;Clase C Sedán;2009;172000;Córdoba;Córdoba;12000.0;
Toyota;Hilux;2016;208000;Tandil;Buenos Aires;22903.23;
Citroën;C3 Aircross;2025;9000;Monte Castro;Ciudad Autónoma Buenos Aires;19096.83;
Chevrolet;Onix;2015;55000;Monte Castro;Ciudad Autónoma Buenos Aires;9000.0;
Peugeot;Partner;2026;1;Colegiales;Ciudad Autónoma Buenos Aires;19935.48;
Jeep;Renegade;2021;70000;Villa De Las Rosas;Córdoba;17000.0;
Peugeot;206;2007;128000;Las Varillas;Córdoba;6129.03;
Jeep;Compass;2023;33000;La Plata;Buenos Aires;31500.0;
Volkswagen;Amarok;2023;122000;Rosario;Santa Fe;28709.68;
FIAT;Cronos;2022;89000;Barranqueras;Chaco;7000.0;
Volkswagen;Bora;2013;127000;Mar del Plata;Buenos Aires;12000.0;
Renault;Duster;2016;72360;Caballito;Ciudad Autónoma Buenos Aires;10967.74;
Toyota;Yaris Sedán;2021;12000;Resistencia;Chaco;16451.61;
Ford;Ranger;2016;147000;Pehuajó;Buenos Aires;14838.71;
FIAT;Palio;2012;115840;Guaymallén;Mendoza;7225.81;
Ford;Fiesta Kinetic Sedán;2014;140000;Lujan de Cuyo;Mendoza;9354.84;
Ford;Focus Sedán;2016;63000;Resistencia;Chaco;13870.97;
Ford;Ka;2020;51000;Neuquén;Neuquén;12903.23;
Mercedes;Clase GLA;2017;145000;La Plata;Buenos Aires;25800.0;
FIAT;Palio;2005;200000;El Challao;Mendoza;3483.87;
Toyota;Corolla Cross;2024;65523;San Miguel;Buenos Aires (A.M.B.A.);29032.26;
Ford;Ranger Raptor;2024;30000;Rosario;Santa Fe;74000.0;
FIAT;Punto;2016;104000;Córdoba;Córdoba;10644.52;
Volkswagen;Tiguan;2020;85000;Salta;Salta;25161.29;
Chevrolet;Apache;1966;100000;Nuñez;Ciudad Autónoma Buenos Aires;11500.0;
Peugeot;207 Compact;2014;130000;Trenque Lauquen;Buenos Aires;6774.19;
Volkswagen;Vento GLI;2025;9000;Castelar;Buenos Aires (A.M.B.A.);44000.0;
Ford;Ranger;2012;180000;San Miguel de Tucumán;Tucumán;13548.39;
FIAT;Palio Fire;2016;57000;Las Heras;Mendoza;7677.42;
Nissan;Terrano II;2002;230000;Mataderos;Ciudad Autónoma Buenos Aires;10500.0;
Peugeot;208;2014;112000;San Isidro;Buenos Aires (A.M.B.A.);8387.1;
FIAT;500X;2019;70000;Balvanera;Ciudad Autónoma Buenos Aires;12903.23;
FIAT;Grand Siena;2014;196800;Villa Urquiza;Ciudad Autónoma Buenos Aires;5806.45;
Ford;Maverick;2024;29000;Neuquén;Neuquén;28387.1;
SEAT;Ibiza;2002;178000;La Plata;Buenos Aires;2000.0;
Peugeot;307 Sedán;2007;179900;Eldorado;Misiones;3548.39;
Volkswagen;Nivus;2022;33900;Arroyo Seco;Santa Fe;19032.26;
Peugeot;207 Compact;2011;240000;Neuquén;Neuquén;6451.61;
Volkswagen;Polo 5P;2023;29900;Palermo;Ciudad Autónoma Buenos Aires;1612.9;
Ford;EcoSport;2013;158000;Mendoza;Mendoza;9870.97;
Chevrolet;Zafira;2004;405000;San Vicente;Buenos Aires;4516.13;
Toyota;Corolla;2011;205000;Mar del Plata;Buenos Aires;9677.42;
Renault;Clio Mío;2016;125000;Bernal;Buenos Aires (A.M.B.A.);8516.13;
Peugeot;205;1997;250000;Lanus;Buenos Aires (A.M.B.A.);1935.48;
Peugeot;208;2013;160000;Rosario;Santa Fe;8064.52;
Peugeot;208;2022;38000;Caballito;Ciudad Autónoma Buenos Aires;6774.19;
Toyota;Corolla Cross;2024;9900;Quilmes;Buenos Aires (A.M.B.A.);34193.55;
Ford;Ka +;2019;89852;Las Heras;Mendoza;11500.0;
Ford;Ka;2011;181000;Azul;Buenos Aires;6774.19;
Chevrolet;Cruze;2014;113000;Córdoba;Córdoba;10902.58;
Chevrolet;Onix;2020;67000;Remedios de Escalada;Buenos Aires (A.M.B.A.);14193.55;
Chevrolet;Classic;2015;40070;Caballito;Ciudad Autónoma Buenos Aires;9000.0;
Renault;Symbol;2011;215000;La Plata;Buenos Aires;4838.71;
Ford;Fiesta Kinetic;2011;83000;Parque Avellaneda;Ciudad Autónoma Buenos Aires;8000.0;
Renault;Clio Mío;2013;113000;Córdoba;Córdoba;6774.19;
Renault;Duster;2019;101000;San Salvador de Jujuy;Jujuy;12580.65;
Renault;Duster Oroch;2019;114600;Lomas De Zamora;Buenos Aires (A.M.B.A.);15806.45;
Chevrolet;Cruze 5;2019;77000;Castelar;Buenos Aires (A.M.B.A.);13870.97;
Peugeot;208;2026;1;Colegiales;Ciudad Autónoma Buenos Aires;21290.32;
Peugeot;208;2024;4700;Recoleta;Ciudad Autónoma Buenos Aires;19000.0;
Volkswagen;Virtus;2018;117000;Tafi Viejo;Tucumán;12258.06;
Peugeot;308;2015;102000;Rosario;Santa Fe;8903.23;
Toyota;SW4;2017;89000;Corrientes;Corrientes;29677.42;
Citroën;Xsara Picasso;2009;259000;Posadas;Misiones;4516.13;
smart;Forfour;2018;93000;Los Cardales;Buenos Aires;14000.0;
Renault;Clio Mío;2014;80000;Santa Fe;Santa Fe;8064.52;
FIAT;Palio;2013;150000;Comodoro Rivadavia;Chubut;5806.45;
Toyota;Corolla Cross;2023;43000;Neuquén;Neuquén;29677.42;
Honda;Fit;2012;180000;Santa Fe;Santa Fe;11400.0;
FIAT;Dobló Cargo;2018;180000;Lanus;Buenos Aires (A.M.B.A.);10000.0;
FIAT;Qubo;2013;142160;Córdoba;Córdoba;8064.52;
Ford;Ka;2019;105000;La Plata;Buenos Aires;11300.0;
Peugeot;208;2022;33000;Caballito;Ciudad Autónoma Buenos Aires;7935.48;
Peugeot;308;2017;67000;Resistencia;Chaco;10645.16;
FIAT;Palio;2014;141000;Barrio Saavedra;Buenos Aires;7741.29;
Peugeot;208;2020;57500;Caballito;Ciudad Autónoma Buenos Aires;12064.52;
Volkswagen;Polo 5P;2024;14500;Palermo;Ciudad Autónoma Buenos Aires;1270.97;
Ford;Fiesta;2003;300000;Moron;Buenos Aires (A.M.B.A.);4064.52;
Peugeot;207 Compact;2012;216000;Mendoza;Mendoza;5483.87;
Chevrolet;Corsa Classic;2016;118000;Mar del Plata;Buenos Aires;7500.0;
Ford;Ka;2019;165000;Yerba Buena - Marcos Paz;Tucumán;10322.58;
Citroën;C3 Aircross;2019;160000;Comodoro Rivadavia;Chubut;9677.42;
Nissan;Note;2019;34000;Formosa;Formosa;12903.23;
Volkswagen;Gol Trend;2016;124100;Córdoba;Córdoba;9032.26;
Peugeot;307;2011;192000;Azul;Buenos Aires;7741.94;
Peugeot;208;2024;15000;Caballito;Ciudad Autónoma Buenos Aires;11612.9;
Renault;Duster;2014;132800;Rosario;Santa Fe;9677.42;
Ford;EcoSport;2016;54000;Caballito;Ciudad Autónoma Buenos Aires;12500.0;
Nissan;Sentra;2011;260000;Villa Del Parque;Ciudad Autónoma Buenos Aires;7500.0;
FIAT;Siena;2015;108000;Córdoba;Córdoba;8064.52;
Chevrolet;Cruze 5;2023;48700;Mataderos;Ciudad Autónoma Buenos Aires;19225.81;
Toyota;Corolla;2017;46000;Villa General Belgrano;Córdoba;18900.0;
Ford;Ranger;2005;310000;Villa Carlos Paz;Córdoba;9677.42;
Audi;Q5;2018;87000;Ayacucho;Buenos Aires;42800.0;
Peugeot;Partner Patagónica;2017;241000;Agronomía;Ciudad Autónoma Buenos Aires;10806.45;
Peugeot;208;2024;21900;Cañada de Gomez;Santa Fe;18064.52;
Renault;Sandero;2018;63000;Comodoro Rivadavia;Chubut;9677.42;
FIAT;Cronos;2019;190000;Caballito;Ciudad Autónoma Buenos Aires;9483.87;
Volkswagen;Polo 5P;2024;17000;Palermo;Ciudad Autónoma Buenos Aires;1483.87;
Volkswagen;Suran;2014;144500;Tandil;Buenos Aires;10900.0;
Volkswagen;Passat;2013;125000;Floresta;Ciudad Autónoma Buenos Aires;14000.0;
Ford;Focus;2017;112000;Villa Martelli;Buenos Aires (A.M.B.A.);14516.13;
Renault;Master;2012;150000;San Martin;Buenos Aires (A.M.B.A.);47000.0;
Volkswagen;Polo 5P;2023;25000;Palermo;Ciudad Autónoma Buenos Aires;1419.35;
Volkswagen;Polo 5P;2023;11000;Palermo;Ciudad Autónoma Buenos Aires;1419.35;
Ford;EcoSport;2014;146400;Córdoba;Córdoba;9032.26;
Chevrolet;Prisma;2019;82200;San Juan;San Juan;11032.26;
Chevrolet;Tracker;2026;300;Yerba Buena - Marcos Paz;Tucumán;24838.71;
Volkswagen;Fox;2012;120000;Rosario;Santa Fe;7500.0;
FIAT;Uno;2008;130000;Barrio Las Casuarinas;Buenos Aires;3870.97;
Ford;EcoSport;2014;90327;San Luis;San Luis;9032.26;
Ford;Escort Rural;1999;170000;Villa Ballester;Buenos Aires (A.M.B.A.);2451.61;
Chevrolet;Onix Joy;2018;82320;Ituzaingo;Buenos Aires (A.M.B.A.);3741.94;
Volkswagen;Polo 5P;2024;8500;Palermo;Ciudad Autónoma Buenos Aires;1483.87;
FIAT;147;1992;110000;Colegiales;Ciudad Autónoma Buenos Aires;3500.0;
Geely;LC;2017;77590;Ituzaingo;Buenos Aires (A.M.B.A.);2193.55;
Toyota;Corolla;2015;133000;Villa del Totoral;Córdoba;12258.06;
Chevrolet;Corsa Classic;2010;133000;La Plata;Buenos Aires;5161.29;
Ford;Ranger;2024;30000;Pilar;Buenos Aires (A.M.B.A.);33548.39;
FIAT;Cronos;2021;49600;Santo Tome;Santa Fe;12516.13;
Peugeot;2008;2024;8000;Caballito;Ciudad Autónoma Buenos Aires;8709.68;
Nissan;Note;2017;117800;Córdoba;Córdoba;11290.32;
FIAT;Argo;2017;154000;Boulogne Sur Mer;Buenos Aires (A.M.B.A.);10774.19;
Renault;Duster;2013;187000;Godoy Cruz;Mendoza;8709.68;
Volkswagen;Polo 5P;2024;8000;Palermo;Ciudad Autónoma Buenos Aires;1451.61;
Peugeot;208;2025;4200;Caballito;Ciudad Autónoma Buenos Aires;9677.42;
Volkswagen;Polo 5P;2023;24000;Palermo;Ciudad Autónoma Buenos Aires;1419.35;
Chevrolet;Aveo;2013;160000;Tapiales;Buenos Aires (A.M.B.A.);8064.52;
Volkswagen;Gol;2004;170000;Recreo;Santa Fe;3870.97;
Volkswagen;Polo 5P;2024;9400;Palermo;Ciudad Autónoma Buenos Aires;1548.39;
Mercedes;Clase A Hatchback;2019;48000;Mataderos;Ciudad Autónoma Buenos Aires;39000.0;
Chevrolet;Onix Plus;2020;78000;La Plata;Buenos Aires;13400.0;
Chevrolet;Onix;2019;90000;Malvinas Argentinas;Buenos Aires (A.M.B.A.);11935.48;
FIAT;Fiorino;2019;131600;Córdoba;Córdoba;10967.74;
Renault;Captur;2019;99000;Neuquén;Neuquén;15161.29;
Volkswagen;Polo 5P;2024;12000;Palermo;Ciudad Autónoma Buenos Aires;1516.13;
Toyota;Yaris;2022;16500;Belgrano;Ciudad Autónoma Buenos Aires;24000.0;
Volkswagen;Suran;2016;69000;Córdoba;Córdoba;10967.74;
Volkswagen;Vento;2017;114000;Palermo;Ciudad Autónoma Buenos Aires;17000.0;
Volkswagen;Vento;2014;152000;Barracas;Ciudad Autónoma Buenos Aires;14500.0;
Peugeot;406;2001;175000;Lomas De Zamora;Buenos Aires (A.M.B.A.);7000.0;
Toyota;Corolla;2017;118000;La Plata;Buenos Aires;17500.0;
Haval;H6 Pro HEV;2025;1;Córdoba;Córdoba;35500.0;
Honda;Fit;2006;170000;Quilmes;Buenos Aires (A.M.B.A.);4516.13;
FIAT;Siena Fire;2012;238000;Villa Luzuriaga;Buenos Aires (A.M.B.A.);4193.55;
Honda;HR-V;2016;128000;Neuquén;Neuquén;15483.87;
Toyota;Etios Sedán;2015;168000;Parque Patricios;Ciudad Autónoma Buenos Aires;8709.68;
Ford;Ranger;2004;213000;Don Torcuato;Buenos Aires (A.M.B.A.);9500.0;
Volkswagen;Polo 5P;2023;20000;Palermo;Ciudad Autónoma Buenos Aires;1419.35;
Chevrolet;Spin;2013;136800;San Martin;Buenos Aires (A.M.B.A.);8374.19;
Volkswagen;Bora;2008;167000;Goya;Corrientes;9032.26;
Volkswagen;Polo 5P;2024;7500;Palermo;Ciudad Autónoma Buenos Aires;1483.87;
Peugeot;208;2021;46000;Caballito;Ciudad Autónoma Buenos Aires;6580.65;
Peugeot;208;2017;55960;Escobar;Buenos Aires (A.M.B.A.);8903.23;
Peugeot;207 Compact;2013;98000;Caballito;Ciudad Autónoma Buenos Aires;7500.0;
Volkswagen;up!;2019;124000;Banfield;Buenos Aires (A.M.B.A.);10645.16;
Renault;Duster;2017;154000;Necochea;Buenos Aires;11935.48;
Toyota;Corolla;2024;21000;Rodeo del Medio;Mendoza;31612.9;
Ford;Focus;2017;60000;Córdoba;Córdoba;11935.48;
Renault;Sandero Stepway;2011;190000;Villa Pueyrredón;Ciudad Autónoma Buenos Aires;6774.19;
Toyota;Hilux;2017;202200;Córdoba;Córdoba;33000.0;
Peugeot;207 Compact;2012;130000;La Plata;Buenos Aires;6322.58;
Citroën;C3;2016;109029;Ituzaingo;Buenos Aires (A.M.B.A.);3548.39;
Toyota;Corolla;2015;130000;Villa Ballester;Buenos Aires (A.M.B.A.);14800.0;
Peugeot;208;2017;76500;Córdoba;Córdoba;11161.29;
Peugeot;208;2019;57000;Caballito;Ciudad Autónoma Buenos Aires;4838.71;
BAIC;BJ30;2025;8000;Miramar;Buenos Aires;34800.0;
Peugeot;207 Compact Sedán;2014;96600;Esperanza;Misiones;6645.16;
Chevrolet;Agile;2014;100000;Palermo;Ciudad Autónoma Buenos Aires;7096.77;
Lifan;MyWay;2017;120000;Salto;Buenos Aires;11600.0;
FIAT;Strada Adventure;2017;77000;Resistencia;Chaco;10322.58;
Volkswagen;Polo 5P;2023;7000;Palermo;Ciudad Autónoma Buenos Aires;1419.35;
Peugeot;408;2016;139500;Garin;Buenos Aires (A.M.B.A.);8387.1;
Toyota;Etios Sedán;2019;36300;Presidencia Roque Saenz Pena;Chaco;13548.39;
Ford;Ranger;2013;240000;Puerto Rico;Misiones;13225.81;
Chevrolet;Prisma;2016;128000;San Luis;San Luis;8387.1;
Ford;Focus;2015;120000;Parana;Entre Ríos;11290.32;
Citroën;C4 Cactus;2022;30600;Villa Urquiza;Ciudad Autónoma Buenos Aires;14838.71;
Chevrolet;Celta;2013;126000;San Luis;San Luis;6774.19;
Ford;Ranger;2022;90000;San Fernando;Buenos Aires (A.M.B.A.);24516.13;
Ford;Fiesta;1996;51400;San Isidro;Buenos Aires (A.M.B.A.);3032.26;
Chevrolet;Tracker;2023;350000;Lanus;Buenos Aires (A.M.B.A.);18000.0;
Ford;Fiesta Kinetic;2019;102800;Belgrano;Ciudad Autónoma Buenos Aires;13000.0;
Chevrolet;Zafira;2006;279000;La Pala;Buenos Aires;5500.0;
Toyota;SW4;2021;136000;Salta;Salta;40000.0;
Hyundai;Tucson;2016;223800;Zavalla;Santa Fe;16129.03;
Renault;Kwid;2018;77000;Boulogne Sur Mer;Buenos Aires (A.M.B.A.);11500.0;
Honda;Fit;2008;186000;San Martin;Buenos Aires (A.M.B.A.);8500.0;
Chevrolet;S 10;2013;198900;Rio Gallegos;Santa Cruz;9677.42;
Citroën;C3;2012;145000;Paternal;Ciudad Autónoma Buenos Aires;8300.0;
Peugeot;208;2015;132700;Santo Domingo;Santiago del Estero;7741.94;
Peugeot;3008;2016;86000;Córdoba;Córdoba;14128.39;
Peugeot;207 Compact;2012;190000;Corrientes;Corrientes;7096.77;
Volkswagen;Polo 5P;2024;9000;Palermo;Ciudad Autónoma Buenos Aires;1548.39;
Toyota;Corolla;2017;98000;Godoy Cruz;Mendoza;16451.61;
Peugeot;408;2013;221000;Concepción;Tucumán;7741.94;
Chevrolet;Sonic Sedán;2014;146560;Palermo;Ciudad Autónoma Buenos Aires;7500.0;
Volkswagen;Vento;2012;180000;Santa Fe;Santa Fe;9354.84;
Chevrolet;Spin;2017;140000;Malvinas Argentinas;Buenos Aires (A.M.B.A.);11290.32;
Toyota;Corolla Cross;2025;15000;Ezeiza;Buenos Aires (A.M.B.A.);33000.0;
Peugeot;208;2017;91000;Malagueño;Córdoba;10258.06;
Ford;EcoSport;2011;112000;Flores;Ciudad Autónoma Buenos Aires;6451.61;
Volkswagen;Bora;2014;67000;Villa Madero;Buenos Aires (A.M.B.A.);11950.0;
Toyota;Corolla;2020;79000;Lujan de Cuyo;Mendoza;20000.0;
Toyota;Corolla;2009;193100;San Martin;Buenos Aires (A.M.B.A.);9100.0;
Volkswagen;Gol Trend;2013;115900;Villa Ballester;Buenos Aires (A.M.B.A.);7990.0;
Ford;EcoSport;2020;38400;Bahía Blanca;Buenos Aires;15483.87;
Volkswagen;Amarok;2017;166000;Plottier;Neuquén;20967.74;
Peugeot;206;2005;170000;San Miguel de Tucumán;Tucumán;2580.65;
Renault;Clio Mío;2014;178000;Mataderos;Ciudad Autónoma Buenos Aires;6967.74;
Volkswagen;Fox;2008;228000;Santos Lugares;Buenos Aires (A.M.B.A.);5161.29;
FIAT;Cronos;2021;134000;Villa Maria;Córdoba;11935.48;
Ford;Maverick;2022;116000;Córdoba;Córdoba;24516.13;
Peugeot;208;2018;43000;Caballito;Ciudad Autónoma Buenos Aires;9032.26;
Renault;Clio Mío;2013;50000;Rosario;Santa Fe;7500.0;
Toyota;Corolla;2020;74000;Nuñez;Ciudad Autónoma Buenos Aires;21612.9;
FIAT;Siena;2009;360000;Wilde;Buenos Aires (A.M.B.A.);4335.48;
Ford;Ranger;2025;18000;Guaymallén;Mendoza;26967.74;
Alfa Romeo;Stelvio;2019;66000;Belgrano;Ciudad Autónoma Buenos Aires;42900.0;
Renault;Logan;2015;105600;Barrio Porvenir;Río Negro;8709.68;
Ford;EcoSport;2017;130800;Córdoba;Córdoba;10000.0;
Chevrolet;Prisma;2017;54000;San Fernando;Buenos Aires (A.M.B.A.);9677.42;
Peugeot;208;2022;23000;San Martin;Buenos Aires (A.M.B.A.);8064.52;
Peugeot;208;2017;65000;Córdoba;Córdoba;11612.9;
Chevrolet;Sonic;2014;90000;La Plata;Buenos Aires;10000.0;
Mercedes;Viano;2006;300000;Realico;La Pampa;15000.0;
Volkswagen;Vento;2017;149000;Villa Mercedes;San Luis;19870.97;
Toyota;Corolla;2015;62000;Adrogue;Buenos Aires (A.M.B.A.);14193.55;
Volkswagen;Gol;2008;95560;Santa Rosa de Calamuchita;Córdoba;6500.0;
Chevrolet;Tracker;2019;270000;Rosario;Santa Fe;10967.74;
Volkswagen;Suran;2015;137000;Ciudadela;Buenos Aires (A.M.B.A.);7870.97;
Volkswagen;Polo 5P;2024;4800;Palermo;Ciudad Autónoma Buenos Aires;1419.35;
Audi;A4;2016;175000;Zárate;Buenos Aires;22000.0;
Ford;Ka;2020;55000;San Telmo;Ciudad Autónoma Buenos Aires;13219.35;
Peugeot;Partner;2021;30000;San Martin;Buenos Aires (A.M.B.A.);5161.29;
Ford;Focus;2017;130000;Monte Caseros;Corrientes;12903.23;
Renault;Logan;2023;29000;Salta;Salta;14000.0;
Volkswagen;Gol Trend;2017;104000;Monte Grande;Buenos Aires (A.M.B.A.);10322.58;
Alfa Romeo;MiTo;2015;130000;Rafaela;Santa Fe;12000.0;
Chevrolet;S 10;2016;140000;Neuquén;Neuquén;19354.84;
Suzuki;Fun;2009;110000;Martinez;Buenos Aires (A.M.B.A.);5096.77;
FIAT;Grand Siena;2014;152000;Chacarita;Ciudad Autónoma Buenos Aires;8700.0;
Peugeot;208;2023;35000;Caballito;Ciudad Autónoma Buenos Aires;4516.13;
Renault;Duster;2012;118000;Rosario;Santa Fe;7741.94;
Citroën;C3 Aircross;2024;11000;Liniers;Ciudad Autónoma Buenos Aires;21290.32;
Volkswagen;Polo 5P;2024;8000;Palermo;Ciudad Autónoma Buenos Aires;1419.35;
Peugeot;208;2023;18000;Caballito;Ciudad Autónoma Buenos Aires;4838.71;
Peugeot;208;2020;48000;Caballito;Ciudad Autónoma Buenos Aires;4838.71;
Great Wall;Jolion;2025;1;Córdoba;Córdoba;32990.0;
Ford;Focus Sedán;2015;130000;Esperanza;Santa Fe;10322.58;
Jeep;Renegade;2025;1;Ituzaingo;Buenos Aires (A.M.B.A.);21612.9;
SEAT;Ibiza;2010;163000;Ciudadela;Buenos Aires (A.M.B.A.);5161.29;
Chevrolet;Celta;2013;127400;Trenque Lauquen;Buenos Aires;5806.45;
SEAT;Cordoba;2001;100000;Vicente Lopez;Buenos Aires (A.M.B.A.);2516.13;
Chevrolet;Sonic;2013;130000;Puerto Iguazú;Misiones;9000.0;
Peugeot;Hoggar;2013;150000;Casa Grande;Córdoba;7741.94;
Volkswagen;Passat;2011;224000;Puerto Madero;Ciudad Autónoma Buenos Aires;10900.0;
Ford;EcoSport;2020;84000;Pilar;Buenos Aires (A.M.B.A.);18500.0;
Renault;Alaskan;2024;36000;Córdoba;Córdoba;28064.52;
Peugeot;3008;2018;68500;La Carlota;Córdoba;22000.0;
Hyundai;Genesis Coupé;2014;94000;La Carlota;Córdoba;25000.0;
Chevrolet;Onix Joy;2020;28000;Malvinas Argentinas;Buenos Aires (A.M.B.A.);11612.9;
Peugeot;Partner;2023;57000;Rosario;Santa Fe;14516.13;
Volkswagen;Suran;2012;175000;Rosario;Santa Fe;6129.03;
Peugeot;308;2017;150000;Luján;Buenos Aires;12500.0;
Renault;Logan;2013;108800;José C. Paz;Buenos Aires (A.M.B.A.);6451.61;
Honda;City;2011;151000;Córdoba;Córdoba;8967.1;
Chevrolet;Corsa Classic;2010;133000;Los Barriales;Mendoza;7741.94;
Volkswagen;T-Cross;2019;73000;Neuquén;Neuquén;17354.84;
Jeep;Compass;2018;151000;Cipolletti;Río Negro;19700.0;
Jeep;Wrangler;2016;153743;Escobar;Buenos Aires (A.M.B.A.);44000.0;
Nissan;Versa;2022;92000;Flores;Ciudad Autónoma Buenos Aires;15483.87;
Ford;Focus;2013;147000;Villa Madero;Buenos Aires (A.M.B.A.);10000.0;
Renault;Scénic;2007;250000;Flores;Ciudad Autónoma Buenos Aires;4064.52;
Peugeot;208;2016;120000;Cabildo;Buenos Aires;4516.13;
Citroën;C4 Cactus;2021;57000;Ezpeleta Oeste;Buenos Aires (A.M.B.A.);15161.29;
Volkswagen;Gol Trend;2018;40000;Flores;Ciudad Autónoma Buenos Aires;12000.0;
Peugeot;Boxer;2008;255000;Villa Urquiza;Ciudad Autónoma Buenos Aires;11612.9;
Volkswagen;Gol Trend;2013;49000;Resistencia;Chaco;8387.1;
Toyota;Corolla Cross;2024;20000;Lujan de Cuyo;Mendoza;30322.58;
Jeep;Compass;2017;80399;Escobar;Buenos Aires (A.M.B.A.);21290.32;
Renault;Duster Oroch;2017;101800;Corrientes;Corrientes;12580.65;
Ford;Focus;2012;99810;Godoy Cruz;Mendoza;8387.1;
Chevrolet;Onix Plus;2024;22000;Mar del Plata;Buenos Aires;17500.0;
KIA;K2500;2016;91857;Sarandí;Buenos Aires (A.M.B.A.);20000.0;
Ford;Ranger;2017;39800;Concepción Del Uruguay;Entre Ríos;18064.52;
Toyota;Corolla;2018;150000;Godoy Cruz;Mendoza;16129.03;
FIAT;Palio;2017;57000;Las Heras;Mendoza;9032.26;
Ford;Ka +;2018;53800;Ramos Mejia;Buenos Aires (A.M.B.A.);11290.32;
Volkswagen;Bora;2010;175000;Wilde;Buenos Aires (A.M.B.A.);7935.48;
Volkswagen;up!;2019;110000;Neuquén;Neuquén;10258.06;
Chevrolet;Cruze;2017;91000;Córdoba;Córdoba;11483.87;
Chevrolet;Corsa Classic;2007;137200;Salta;Salta;4838.71;
Chevrolet;Cruze;2017;129500;Ituzaingo;Buenos Aires (A.M.B.A.);11290.32;
Mitsubishi;L200;2021;97000;Palermo;Ciudad Autónoma Buenos Aires;32900.0;
Volkswagen;Suran;2011;145384;Balvanera;Ciudad Autónoma Buenos Aires;6387.1;
Suzuki;Fun;2005;168000;Alta Gracia;Córdoba;3870.97;
Peugeot;208;2021;33000;Cabildo;Buenos Aires;5161.29;
Ford;EcoSport;2018;58800;Parque Patricios;Ciudad Autónoma Buenos Aires;16000.0;
Chevrolet;Agile;2013;39000;Resistencia;Chaco;7096.77;
Ford;Ka;2020;74000;Córdoba;Córdoba;11290.32;
Renault;Sandero Stepway;2017;116000;Córdoba;Córdoba;9354.84;
Volkswagen;Gol Trend;2015;88000;Maipu;Mendoza;8258.06;
Ford;Fiesta Max;2008;254000;Barrio Saavedra;Buenos Aires;4193.55;
Peugeot;2008;2018;34900;Campana;Buenos Aires;12774.19;
Renault;Duster;2012;256000;La Plata;Buenos Aires;7096.77;
Volkswagen;CrossFox;2012;140000;Mendoza;Mendoza;8064.52;
Renault;Logan;2014;120000;Moreno;Buenos Aires (A.M.B.A.);9000.0;
Ford;Ranger;2020;88000;Mar del Plata;Buenos Aires;26500.0;
Chery;Tiggo 5;2018;95615;Neuquén;Neuquén;12903.23;
Peugeot;207 Compact Sedán;2011;153538;Ituzaingo;Buenos Aires (A.M.B.A.);2580.65;
Toyota;Corolla Cross Hybrid;2022;26500;Villa Del Parque;Ciudad Autónoma Buenos Aires;31000.0;
BMW;Serie 2 Convertible;2018;39000;Monserrat;Ciudad Autónoma Buenos Aires;49000.0;
Hyundai;Tucson;2008;350000;Ayacucho;Buenos Aires;8967.74;
Ford;Fiesta Kinetic;2016;66500;Lomas De Zamora;Buenos Aires (A.M.B.A.);12258.06;
Renault;Clio;2004;84700;Nogoya;Entre Ríos;5483.87;
Ford;Focus;2017;155000;La Plata;Buenos Aires;12580.65;
Volkswagen;Gol;2006;306000;Pontevedra;Buenos Aires (A.M.B.A.);4387.1;
Toyota;Hilux;2012;209700;Mar del Plata;Buenos Aires;19900.0;
Renault;Clio Mío;2013;123000;Ituzaingo;Buenos Aires (A.M.B.A.);2000.0;
Ford;EcoSport;2013;140000;Necochea;Buenos Aires;10500.0;
FIAT;Argo;2018;165000;Alta Gracia;Córdoba;13000.0;
Ford;Territory;2021;81000;Río Cuarto;Córdoba;14193.55;
Peugeot;2008;2018;68000;Caballito;Ciudad Autónoma Buenos Aires;7741.94;
Volkswagen;Amarok;2018;84000;La Plata;Buenos Aires;37800.0;
Ford;Ranger;2020;102000;Río Cuarto;Córdoba;10967.74;
Volkswagen;Passat CC;2011;271000;Posadas;Misiones;10258.06;
Renault;Mégane II;2007;240000;El Challao;Mendoza;5000.0;
FIAT;Cronos;2023;46000;Córdoba;Córdoba;14709.68;
Volkswagen;Gol;2012;138000;Concordia;Entre Ríos;6774.19;
Ford;Ka;2012;94000;Mar del Plata;Buenos Aires;7500.0;
Peugeot;208;2022;65000;Banfield;Buenos Aires (A.M.B.A.);14354.84;
Ford;Ka;2012;100000;San Francisco;Córdoba;6129.03;
Chevrolet;Meriva;2011;188000;Córdoba;Córdoba;7676.77;
Chevrolet;Onix;2018;77000;Lomas De Zamora;Buenos Aires (A.M.B.A.);11870.97;
Volkswagen;Taos;2022;40000;Flores;Ciudad Autónoma Buenos Aires;22580.65;
Toyota;RAV4;2011;88000;San Luis;San Luis;19000.0;
Volkswagen;Suran;2013;179000;Mar del Plata;Buenos Aires;8387.1;
Volkswagen;Fox;2011;109000;Vicente Lopez;Buenos Aires (A.M.B.A.);8600.0;
Ford;Ka;2012;140000;Río Ceballos;Córdoba;5935.48;
Ford;Fiesta Kinetic;2019;110000;Mar del Plata;Buenos Aires;12000.0;
Toyota;Corolla Cross;2024;50000;Córdoba;Córdoba;28387.1;
FIAT;Palio;2002;188338;Río Ceballos;Córdoba;3548.39;
Chevrolet;Classic;2012;138500;Lomas del Mirador;Buenos Aires (A.M.B.A.);5806.45;
Volkswagen;Suran;2012;200000;Mar del Plata;Buenos Aires;7741.94;
Volkswagen;Suran;2007;232000;Parque Avellaneda;Ciudad Autónoma Buenos Aires;6000.0;
Nissan;Kicks;2022;110000;Rosario;Santa Fe;20000.0;
Hyundai;Santamo;1999;188500;Palermo;Ciudad Autónoma Buenos Aires;5000.0;
Peugeot;208;2019;42000;Caballito;Ciudad Autónoma Buenos Aires;6774.19;
FIAT;Palio Fire;2013;150000;Malvinas Argentinas;Córdoba;8387.1;
Nissan;Versa;2018;152137;Yerba Buena - Marcos Paz;Tucumán;9354.84;
FIAT;Punto;2015;200000;Pilar;Buenos Aires (A.M.B.A.);8064.52;
Toyota;Hilux;2018;182000;Villa Urquiza;Ciudad Autónoma Buenos Aires;24193.55;
FIAT;Cronos;2022;67000;San Luis;San Luis;12903.23;
Toyota;Corolla;2019;49800;Gobernador Benegas;Mendoza;18709.68;
Ford;Focus;2017;134069;Escobar;Buenos Aires (A.M.B.A.);10967.74;
Chevrolet;Cruze 5;2019;127000;Agronomía;Ciudad Autónoma Buenos Aires;15483.87;
Nissan;Versa;2021;95000;Bahía Blanca;Buenos Aires;15483.87;
Chevrolet;Classic;2013;111500;Ezeiza;Buenos Aires (A.M.B.A.);5612.9;
Chevrolet;Onix Plus;2021;97000;Bahía Blanca;Buenos Aires;14516.13;
FIAT;Palio Weekend;2013;200000;Córdoba;Córdoba;7419.35;
Citroën;Xsara Picasso;2009;195000;Bernal Oeste;Buenos Aires (A.M.B.A.);5161.29;
Peugeot;207 Compact;2010;178000;Martín Coronado;Buenos Aires;3225.81;
FIAT;Punto;2011;135000;Rosario;Santa Fe;5612.9;
Dodge;Journey;2011;160000;Tigre;Buenos Aires (A.M.B.A.);11000.0;
Volkswagen;Voyage;2020;160000;Yerba Buena - Marcos Paz;Tucumán;9677.42;
Chevrolet;Spin;2014;156000;San Luis;San Luis;9677.42;
Ford;Focus;2017;105000;Neuquén;Neuquén;11935.48;
Chevrolet;Prisma;2017;153870;Escobar;Buenos Aires (A.M.B.A.);9677.42;
Peugeot;208;2019;93000;Godoy Cruz;Mendoza;11935.48;
Ford;Focus;2016;200000;Villa Ocampo;Santa Fe;10322.58;
Volkswagen;Golf;2018;115000;San Luis;San Luis;17741.94;
Renault;Sandero;2017;175000;Córdoba;Córdoba;6774.19;
Renault;Sandero Stepway;2017;129000;Villa Ballester;Buenos Aires (A.M.B.A.);11000.0;
Peugeot;Expert;2022;24000;Caballito;Ciudad Autónoma Buenos Aires;8387.1;
Chery;Tiggo;2017;49273;San Luis;San Luis;12387.1;
Volkswagen;Vento;2021;60000;Esperanza;Santa Fe;26000.0;
Renault;Clio Mío;2013;187000;Palmira;Mendoza;6129.03;
Jeep;Renegade;2022;42000;Villa Urquiza;Ciudad Autónoma Buenos Aires;19096.77;
Citroën;Berlingo Furgón;2013;250000;Villa Pueyrredón;Ciudad Autónoma Buenos Aires;6129.03;
Citroën;Berlingo Furgón;2013;233387;Escobar;Buenos Aires (A.M.B.A.);6451.61;
Ford;Transit;2022;80000;Mendoza;Mendoza;33419.35;
Ford;Focus;2015;158200;Lomas De Zamora;Buenos Aires (A.M.B.A.);9677.42;
Ford;Focus;2018;98600;San Fernando Del Valle De Catamarca;Catamarca;12967.74;
Volkswagen;Gol Trend;2015;65000;Dorrego;Mendoza;9000.0;
FIAT;Toro;2017;278000;Caballito;Ciudad Autónoma Buenos Aires;12000.0;
Renault;Koleos;2012;209500;El Manantial;Tucumán;8064.52;
FIAT;Punto;2016;110000;Mataderos;Ciudad Autónoma Buenos Aires;10000.0;
FIAT;Siena;2012;233000;Córdoba;Córdoba;5806.45;
FIAT;Palio;2014;86000;Córdoba;Córdoba;8709.68;
Volkswagen;Gol Trend;2013;90500;Las Heras;Mendoza;9032.26;
FIAT;Palio;2017;111000;Lomas De Zamora;Buenos Aires (A.M.B.A.);8451.61;
Toyota;Etios Hatchback;2020;105000;Godoy Cruz;Mendoza;13548.39;
Citroën;C3 Aircross;2024;2500;Caballito;Ciudad Autónoma Buenos Aires;7741.94;
Renault;Captur;2018;98000;Olivos;Buenos Aires (A.M.B.A.);16900.0;
Mercedes;Clase C Sedán;2009;140000;Rivadavia;San Juan;16000.0;
Peugeot;206;2008;250000;Ezpeleta;Buenos Aires (A.M.B.A.);4193.55;
Peugeot;208;2019;61000;Roldán;Santa Fe;12580.65;
Ford;Focus Sedán;2017;86000;Corrientes;Corrientes;12903.23;
Peugeot;208;2021;60000;Ciudad Jardín Lomas del Palomar;Buenos Aires (A.M.B.A.);19900.0;
Chevrolet;Montana;2013;130000;Panaholma;Córdoba;8064.52;
Renault;Stepway;2018;112000;Rivadavia;San Juan;11935.48;
Toyota;Land Cruiser;2010;275000;Guaymallén;Mendoza;23000.0;
Peugeot;Boxer;2022;14000;Villa Carlos Paz;Córdoba;69900.0;
BMW;X1;2013;133000;Neuquén;Neuquén;40000.0;
BMW;X1;2013;200000;La Pala;Buenos Aires;17000.0;
Volkswagen;Nivus;2021;89000;Parana;Entre Ríos;19225.81;
Ford;Fiesta Kinetic Sedán;2014;125500;Caseros;Buenos Aires (A.M.B.A.);8500.0;
Volkswagen;Gol;2000;170000;Lanus;Buenos Aires (A.M.B.A.);3096.77;
Volkswagen;Fox;2011;105000;Versalles;Ciudad Autónoma Buenos Aires;10000.0;
Chevrolet;Classic;2011;94500;Neuquén;Neuquén;5806.45;
Peugeot;307 Sedán;2007;166000;Junín;Buenos Aires;6129.03;
Ford;Ranger;2019;131000;Santa Fe;Santa Fe;21935.48;
Peugeot;3008;2024;41530;San Luis;San Luis;29032.26;
Renault;Master;2008;348086;Cruz Alta;Córdoba;9677.42;
Ford;Ranger;2015;185000;San Rafael;Mendoza;17354.84;
Ford;EcoSport;2010;89200;Ituzaingo;Buenos Aires (A.M.B.A.);3348.39;
Volkswagen;Polo;2000;279000;Córdoba;Córdoba;3225.81;
Volkswagen;Gol;2012;88000;San Justo;Buenos Aires (A.M.B.A.);7741.94;
Chevrolet;Cruze;2021;26000;San Justo;Buenos Aires (A.M.B.A.);16774.19;
Toyota;Corolla;2014;184000;San Rafael;Mendoza;11935.48;
Peugeot;208;2019;87000;Moreno;Buenos Aires (A.M.B.A.);15000.0;
Mitsubishi;L200 Sport;2008;245000;Catriel;Río Negro;8000.0;
Volkswagen;Gol;2008;120000;Mar del Plata;Buenos Aires;6000.0;
Renault;Duster;2020;89000;Belgrano;Ciudad Autónoma Buenos Aires;14516.13;
Ford;Territory;2021;86000;Ezeiza;Buenos Aires (A.M.B.A.);22516.13;
Chevrolet;Classic;2015;156000;Quilmes;Buenos Aires (A.M.B.A.);6129.03;
Peugeot;208;2023;45000;Escobar;Buenos Aires (A.M.B.A.);15500.0;
Peugeot;206;2006;168000;Paternal;Ciudad Autónoma Buenos Aires;4387.1;
Citroën;C4;2017;124000;Avellaneda;Buenos Aires (A.M.B.A.);12500.0;
Renault;Captur;2017;56000;Gualeguaychú;Entre Ríos;16000.0;
Volkswagen;Vento;2017;163000;Esperanza;Santa Fe;14516.13;
Ford;Focus;2017;86000;Corrientes;Corrientes;12903.23;
Chevrolet;Onix Joy;2021;115000;San Salvador de Jujuy;Jujuy;10322.58;
FIAT;Cronos;2020;101000;Ciudad Jardín Lomas del Palomar;Buenos Aires (A.M.B.A.);11935.48;
Peugeot;208;2023;22000;Caballito;Ciudad Autónoma Buenos Aires;7096.77;
Toyota;Etios Hatchback;2016;92000;Rodeo De La Cruz;Mendoza;10000.0;
FIAT;Punto;2013;85500;Córdoba;Córdoba;8709.68;
Toyota;Corolla;2006;218900;Yerba Buena - Marcos Paz;Tucumán;6322.58;
Ford;EcoSport;2013;99755;Comodoro Rivadavia;Chubut;10322.58;
Peugeot;Expert;2021;38000;Caballito;Ciudad Autónoma Buenos Aires;9032.26;
SEAT;Leon;2009;117000;Parana;Entre Ríos;14000.0;
Peugeot;207 Compact Sedán;2011;240000;Maipu;Mendoza;7290.32;
Chevrolet;Cruze 5;2021;85000;Córdoba;Córdoba;17096.77;
FIAT;Cronos;2022;43000;Neuquén;Neuquén;14193.55;
Ford;Fiesta Max;2011;160000;Lanus;Buenos Aires (A.M.B.A.);7096.77;
Nissan;Frontier;2022;137000;Villa Maria;Córdoba;25806.45;
Citroën;C4;2011;174000;Berazategui;Buenos Aires (A.M.B.A.);8000.0;
Peugeot;2008;2025;50000;Caballito;Ciudad Autónoma Buenos Aires;8387.1;
Ford;Focus Exe;2009;160000;Vicente Lopez;Buenos Aires (A.M.B.A.);6774.19;
Peugeot;2008;2026;1;Colegiales;Ciudad Autónoma Buenos Aires;25741.94;
Ford;Fiesta Kinetic;2015;70000;Rosario;Santa Fe;10322.58;
Honda;HR-V;2025;2700;Mar del Plata;Buenos Aires;36700.0;
FIAT;Uno;2006;135000;Villa Lugano;Ciudad Autónoma Buenos Aires;4258.06;
FIAT;Palio;2015;146000;Córdoba;Córdoba;7419.35;
Peugeot;307;2006;250000;Gobernador Crespo;Santa Fe;4516.13;
FIAT;Cronos;2021;70000;Las Heras;Mendoza;11354.84;
Renault;18;1987;300000;Temperley;Buenos Aires (A.M.B.A.);2000.0;
Ford;Territory;2025;1;Neuquén;Neuquén;31548.39;
BMW;Serie 3 Coupé;2011;130000;Rosario;Santa Fe;36000.0;
Chery;QQ;2015;80000;Junín;Buenos Aires;6774.19;
Volkswagen;Fox;2012;140700;San Miguel de Tucumán;Tucumán;8387.1;
Chevrolet;Trailblazer;2020;165000;Salta;Salta;32000.0;
Renault;Sandero;2018;37000;Saladas;Corrientes;11612.9;
Renault;Duster Oroch;2019;69000;Unquillo;Córdoba;14838.71;
Renault;Clio;2008;193000;La Plata;Buenos Aires;6129.03;
Renault;Captur;2019;105000;San Miguel;Buenos Aires (A.M.B.A.);12258.06;
Renault;Duster Oroch;2016;273000;Capilla del Señor;Buenos Aires;10967.1;
Peugeot;208;2024;32000;Pilar;Buenos Aires (A.M.B.A.);18500.0;
Volkswagen;Suran;2007;166500;Boulogne Sur Mer;Buenos Aires (A.M.B.A.);5935.48;
Toyota;Hilux;2020;180000;Córdoba;Córdoba;30000.0;
FIAT;Siena;2015;188000;Córdoba;Córdoba;8967.1;
Ford;Kuga;2014;147000;Mataderos;Ciudad Autónoma Buenos Aires;13000.0;
Chevrolet;Corsa Classic;2011;135000;Villa Parque Santa Ana;Córdoba;4193.55;
Renault;Clio Mío;2016;60000;Castelar;Buenos Aires (A.M.B.A.);8387.1;
BMW;Serie 1;2017;100000;Córdoba;Córdoba;28000.0;
Ford;Focus;2014;127000;Junín;Buenos Aires;10903.23;
Renault;Kangoo Express;2006;180000;Ciudadela;Buenos Aires (A.M.B.A.);6500.0;
BMW;X1;2017;41150;La Plata;Buenos Aires;39900.0;
Toyota;Hilux;2012;227000;Lanus;Buenos Aires (A.M.B.A.);19800.0;
Toyota;Hilux;2015;182500;Villa Urquiza;Ciudad Autónoma Buenos Aires;19032.26;
Nissan;Kicks;2020;127000;Canning;Buenos Aires (A.M.B.A.);15935.48;
Toyota;RAV4;2013;191000;Rosario;Santa Fe;18387.1;
Chevrolet;Corsa Wagon;2010;132000;Ituzaingo;Buenos Aires (A.M.B.A.);2580.65;
Peugeot;301;2018;65000;Lujan de Cuyo;Mendoza;11612.9;
Toyota;SW4;2013;290000;Mendoza;Mendoza;27000.0;
Volkswagen;Gol;2008;80000;Belgrano;Ciudad Autónoma Buenos Aires;6200.0;
Audi;A5 Coupé;2015;107000;Posadas;Misiones;20322.58;
Peugeot;208;2020;75000;Agronomía;Ciudad Autónoma Buenos Aires;13548.39;
Peugeot;208;2018;46600;Caballito;Ciudad Autónoma Buenos Aires;3548.39;
Chevrolet;Sonic;2012;173000;Córdoba;Córdoba;7096.77;
Nissan;Frontier;2023;75000;Tafi Viejo;Tucumán;19225.81;
Peugeot;3008;2020;36000;Posadas;Misiones;19993.55;
Ford;Bronco;2025;5700;Villa Allende;Córdoba;48000.0;
Renault;Logan;2014;135000;Posadas;Misiones;8064.52;
Ford;Ka;2011;125000;Junín;Buenos Aires;6774.19;
Chevrolet;Onix;2019;72000;Aldea Valle María;Entre Ríos;11612.9;
Haval;H2;2018;125000;Villa Nueva;Mendoza;14838.71;
Volkswagen;Amarok;2012;166000;Junín;Buenos Aires;16064.52;
Renault;Duster;2013;150000;La Calera;Córdoba;9032.26;
Peugeot;Partner;2016;107000;Ituzaingo;Buenos Aires (A.M.B.A.);3612.9;
Ford;Focus;2017;170000;Salta;Salta;10967.74;
FIAT;Palio Fire;2013;112000;Lomas del Mirador;Buenos Aires (A.M.B.A.);5677.42;
FIAT;Siena;2017;140000;Junín;Buenos Aires;10645.16;
Renault;Symbol;2013;149000;Boedo;Ciudad Autónoma Buenos Aires;6258.06;
Peugeot;208;2018;75000;Córdoba;Córdoba;10967.74;
Peugeot;207;2014;180000;Córdoba;Córdoba;7676.77;
Volvo;XC60;2016;180000;Junín;Buenos Aires;23225.81;
Toyota;Corolla;2019;199500;Capitán Bermúdez;Santa Fe;16129.03;
Ford;Focus;2017;110000;Carlos Casares;Buenos Aires;12774.19;
Renault;Logan;2025;10;Neuquén;Neuquén;18645.16;
Audi;A6;2009;130000;Posadas;Misiones;26625.0;
FIAT;Cronos;2022;49500;Capitán Bermúdez;Santa Fe;14193.55;
Toyota;Yaris;2023;104000;Posadas;Misiones;18535.48;
Citroën;C4 Picasso;2018;103000;Villa Allende;Córdoba;14129.03;
FIAT;Mobi;2025;20000;Garin;Buenos Aires (A.M.B.A.);3229.16;
Chevrolet;Captiva;2016;215000;San Jose Del Rincon;Santa Fe;11612.9;
Volkswagen;Amarok;2024;7000;Bahía Blanca;Buenos Aires;38709.68;
Audi;Q3;2013;110000;Villa Carlos Paz;Córdoba;19000.0;
Peugeot;207 Compact;2016;125000;Junín;Buenos Aires;9354.84;
FIAT;147;1994;80000;El Challao;Mendoza;5000.0;
DS;4;2023;42000;Agronomía;Ciudad Autónoma Buenos Aires;36500.0;
FIAT;Cronos;2020;133000;Córdoba;Córdoba;12903.23;
FIAT;Cronos;2025;20000;Garin;Buenos Aires (A.M.B.A.);3870.97;
Chevrolet;Corsa;2008;197000;Mar del Plata;Buenos Aires;5200.0;
Peugeot;Partner;2015;130000;Ayacucho;Buenos Aires;8967.74;
Toyota;RAV4;2016;82200;La Plata;Buenos Aires;27000.0;
Chrysler;300;2013;26817;Posadas;Misiones;38500.0;
Volkswagen;Gol;2012;150000;Godoy Cruz;Mendoza;6000.0;
Nissan;Versa;2016;110000;San Martin;Buenos Aires (A.M.B.A.);7741.94;
Chevrolet;Meriva;2010;166000;Belgrano;Ciudad Autónoma Buenos Aires;6200.0;
Ford;Ranger;2020;72000;Posadas;Misiones;35477.42;
FIAT;Cronos;2024;75500;Maipu;Mendoza;13806.45;
Renault;Fluence;2015;99000;Ituzaingo;Buenos Aires (A.M.B.A.);3419.35;
Volkswagen;Suran;2013;205000;Mendiolaza;Córdoba;7096.77;
Chevrolet;Onix Joy;2018;133000;Avellaneda;Buenos Aires (A.M.B.A.);11500.0;
Chevrolet;Corsa;2010;90000;Villa Maria;Córdoba;4193.55;
Ford;Fiesta Kinetic;2014;156000;Gualeguaychú;Entre Ríos;9032.26;
Ford;Fiesta Max;2007;173001;San Justo;Buenos Aires (A.M.B.A.);4709.68;
Mercedes;Sprinter;2022;16000;Barracas;Ciudad Autónoma Buenos Aires;49200.0;
FIAT;Siena;2013;96000;City Bell;Buenos Aires;8387.1;
Chevrolet;Sonic;2013;108000;Parque Chacabuco;Ciudad Autónoma Buenos Aires;6774.19;
Volkswagen;Polo 5P;2023;190000;Villa Urquiza;Ciudad Autónoma Buenos Aires;15419.35;
Ford;EcoSport;2017;101700;Berazategui Oeste;Buenos Aires (A.M.B.A.);10645.16;
FIAT;Punto;2015;79000;Posadas;Misiones;9025.81;
Peugeot;208;2018;75000;Caballito;Ciudad Autónoma Buenos Aires;9548.39;
Ford;Ranger;2015;83000;Avellaneda;Buenos Aires (A.M.B.A.);18064.52;
Ford;Fiesta Kinetic Sedán;2014;123000;San Salvador de Jujuy;Jujuy;10500.0;
Renault;Kwid;2018;63000;Ituzaingo;Buenos Aires (A.M.B.A.);9500.0;
Peugeot;504;1995;100000;Guaymallén;Mendoza;2903.23;
Peugeot;208;2016;100492;Escobar;Buenos Aires (A.M.B.A.);9032.26;
Ford;Ka;2020;70893;Córdoba;Córdoba;11696.77;
Chevrolet;Classic;2016;200000;Rosario;Santa Fe;6451.61;
Ford;Ka;2007;158000;Moron;Buenos Aires (A.M.B.A.);3870.97;
Ford;EcoSport;2016;210000;Almagro;Ciudad Autónoma Buenos Aires;10500.0;
Renault;Sandero;2016;140000;Rosario;Santa Fe;10645.16;
Citroën;Berlingo Multispace;2017;160000;Monte Castro;Ciudad Autónoma Buenos Aires;13500.0;
Peugeot;2008;2017;78500;San Martin;Buenos Aires (A.M.B.A.);10129.03;
Volkswagen;Taos;2024;10500;Boulogne Sur Mer;Buenos Aires (A.M.B.A.);25612.9;
FIAT;Mobi;2025;20000;José C. Paz;Buenos Aires (A.M.B.A.);3581.94;
Citroën;C3;2018;76000;Salta;Salta;10322.58;
Toyota;Hilux;2017;190000;Yerba Buena - Marcos Paz;Tucumán;21935.48;
Peugeot;308;2017;99553;Agronomía;Ciudad Autónoma Buenos Aires;13200.0;
Ford;Ka;2013;96000;Empalme Villa Constitución;Santa Fe;7741.94;
Renault;Clio;2015;99000;Posadas;Misiones;7735.48;
Ford;Focus;2017;78131;Córdoba;Córdoba;11290.32;
Chevrolet;Cruze 5;2018;21000;Córdoba;Córdoba;16129.03;
Toyota;Etios Hatchback;2014;85000;Resistencia;Chaco;9677.42;
Peugeot;208;2019;98590;Caballito;Ciudad Autónoma Buenos Aires;5806.45;
Toyota;Etios Sedán;2016;205000;Bahía Blanca;Buenos Aires;9032.26;
Chevrolet;Onix Joy;2017;170000;Bahía Blanca;Buenos Aires;7096.77;
Renault;Kangoo Express;2013;60000;San Martin;Buenos Aires (A.M.B.A.);6451.61;
Ford;Fiesta Max;2008;200000;Lujan de Cuyo;Mendoza;5483.87;
Renault;Clio Mío;2014;160000;Villa Urquiza;Ciudad Autónoma Buenos Aires;6451.61;
Chevrolet;Tracker;2019;138000;San Nicolás;Ciudad Autónoma Buenos Aires;12903.23;
FIAT;Cronos;2023;18500;Ramos Mejia;Buenos Aires (A.M.B.A.);17419.35;
Chevrolet;Tracker;2017;70600;Berisso;Buenos Aires;16500.0;
Renault;Alaskan;2020;103000;General Pico;La Pampa;21290.32;
Audi;A5 Sportback;2018;100000;Mar del Plata;Buenos Aires;34000.0;
Chevrolet;Onix Plus;2020;77000;Villa Mercedes;San Luis;11419.35;
Jeep;Renegade;2022;53000;Córdoba;Córdoba;21000.0;
Geely;Emgrand X7 Sport;2019;51000;Nuñez;Ciudad Autónoma Buenos Aires;25000.0;
Chevrolet;Corsa Classic;2009;200000;Villa Mercedes;San Luis;5806.45;
Chevrolet;S 10;2020;156000;Yerba Buena - Marcos Paz;Tucumán;19354.84;
Peugeot;2008;2023;35000;Angélica;Santa Fe;19354.84;
FIAT;Palio Fire;2012;132500;Fontana;Chaco;5483.87;
Ford;EcoSport;2015;130000;La Plata;Buenos Aires;10967.74;
Hyundai;Creta;2017;102000;Manuel B. Gonnet;Buenos Aires;18000.0;
Citroën;C3 Aircross;2019;125000;Rosario;Santa Fe;10193.55;
Peugeot;206;2008;226000;Flores;Ciudad Autónoma Buenos Aires;3870.97;
FIAT;Ducato;2000;230000;Avellaneda;Buenos Aires (A.M.B.A.);4516.13;
Peugeot;207 Compact;2009;202000;Parana;Entre Ríos;5096.77;
Ford;Fiesta;2001;300000;Alta Gracia;Córdoba;2903.23;
Ford;Fiesta Kinetic;2015;98000;Martinez;Buenos Aires (A.M.B.A.);9800.0;
Renault;Duster Oroch;2018;174000;Guaymallén;Mendoza;12580.65;
Mitsubishi;Lancer;1997;390000;Caballito;Ciudad Autónoma Buenos Aires;3600.0;
FIAT;Palio Weekend;2015;281500;Curuzu Cuatia;Corrientes;5806.45;
Volkswagen;Suran;2014;250000;Villa Crespo;Ciudad Autónoma Buenos Aires;5580.65;
Chevrolet;Astra;2010;266000;Tupungato;Mendoza;5483.87;
Toyota;Corolla;2015;124000;San Francisco;Córdoba;13900.0;
Audi;A1 Sportback;2014;130000;Nuñez;Ciudad Autónoma Buenos Aires;14600.0;
Peugeot;2008;2019;98590;Caballito;Ciudad Autónoma Buenos Aires;5806.45;
Chevrolet;Tracker;2015;151000;Quilmes Oeste;Buenos Aires (A.M.B.A.);10000.0;
FIAT;Toro;2020;95300;Cipolletti;Río Negro;19354.84;
FIAT;Cronos;2018;82000;Córdoba;Córdoba;10967.74;
Toyota;Etios Sedán;2018;97000;Cipolletti;Río Negro;11935.48;
Peugeot;301;2018;128000;Comodoro Rivadavia;Chubut;10000.0;
Mercedes;Clase C Sedán;2018;54900;Caballito;Ciudad Autónoma Buenos Aires;36500.0;
Toyota;Yaris Sedán;2023;39000;Cipolletti;Río Negro;17419.35;
Mitsubishi;Outlander;2016;148000;Agronomía;Ciudad Autónoma Buenos Aires;19900.0;
Peugeot;2008;2018;120000;Zárate;Buenos Aires;12258.06;
FIAT;Palio Weekend;2010;170000;Guaymallén;Mendoza;6709.68;
Toyota;Corolla;2018;148000;Machagai;Chaco;13870.97;
Honda;Accord;2007;200600;Agronomía;Ciudad Autónoma Buenos Aires;8500.0;
Renault;Trafic;1996;450000;Avellaneda;Buenos Aires (A.M.B.A.);2580.65;
FIAT;Argo;2018;98000;General Fernández Oro;Río Negro;10967.74;
Toyota;Etios Hatchback;2023;7000;Zárate;Buenos Aires;16645.16;
BMW;X5;2010;185000;1a. Seccion;Mendoza;28000.0;
Peugeot;208;2018;94000;Victoria;Buenos Aires (A.M.B.A.);13200.0;
Chery;Tiggo 2;2018;105000;Santa Fe;Santa Fe;10709.68;
Volkswagen;Nivus;2023;13500;Boulogne Sur Mer;Buenos Aires (A.M.B.A.);21096.77;
Peugeot;208;2023;47000;Lanus;Buenos Aires (A.M.B.A.);15500.0;
Volkswagen;Suran;2014;93000;Córdoba;Córdoba;10645.16;
Chrysler;300;2000;177270;Villa Lugano;Ciudad Autónoma Buenos Aires;8500.0;
Peugeot;208;2022;22800;Caballito;Ciudad Autónoma Buenos Aires;7741.94;
Volkswagen;Amarok;2024;41000;Córdoba;Córdoba;39934.84;
FIAT;Mobi;2018;65300;Córdoba;Córdoba;9677.42;
Renault;Scénic;1998;211000;Villa Bosch;Buenos Aires (A.M.B.A.);2322.58;
Chevrolet;Spin;2018;131000;Yerba Buena - Marcos Paz;Tucumán;12580.65;
FIAT;Bravo;2013;113000;Córdoba;Córdoba;9612.26;
Ford;EcoSport;2018;140000;Rosario;Santa Fe;12903.23;
Volkswagen;Passat;2011;79000;Retiro;Ciudad Autónoma Buenos Aires;12000.0;
Peugeot;2008;2017;126000;Martinez;Buenos Aires (A.M.B.A.);10322.58;
Citroën;C3 Picasso;2013;129000;Batán;Buenos Aires;7741.94;
FIAT;Palio;2014;80000;Godoy Cruz;Mendoza;9354.84;
FIAT;600;1962;1000;Campana;Buenos Aires;10000.0;coleccion
Hyundai;Tucson;2013;63000;Nuñez;Ciudad Autónoma Buenos Aires;19500.0;
Citroën;C3 Aircross;2011;200000;Colombres;Tucumán;5806.45;
Renault;Kwid;2025;705;La Calera;Córdoba;12903.23;
Chevrolet;Cruze;2018;87000;San Martin;Buenos Aires (A.M.B.A.);16000.0;
Chevrolet;Prisma Joy;2017;165000;San Miguel de Tucumán;Tucumán;8967.74;
Citroën;C4 Lounge;2016;95000;Sarandí;Buenos Aires (A.M.B.A.);8387.1;
Renault;Clio Mío;2014;171000;Santa Rosa;La Pampa;6451.61;
FIAT;Grand Siena;2014;130000;Rosario;Santa Fe;8064.52;
Volkswagen;Golf;2018;35000;Córdoba;Córdoba;24000.0;
Chevrolet;Classic;2016;150000;Godoy Cruz;Mendoza;6322.58;
Citroën;C3;2018;64000;Godoy Cruz;Mendoza;10645.16;
Ford;Focus Sedán;2015;50000;Caballito;Ciudad Autónoma Buenos Aires;14000.0;
Volkswagen;Fox;2014;110000;Lanus;Buenos Aires (A.M.B.A.);10800.0;
Toyota;Etios Hatchback;2018;169000;Villa Allende;Córdoba;10322.58;
FIAT;Cronos;2022;42000;Caballito;Ciudad Autónoma Buenos Aires;5161.29;
FIAT;Palio;2010;190000;Córdoba;Córdoba;5161.29;
FIAT;Cronos;2022;23000;Puerto Iguazú;Misiones;12903.23;
Chevrolet;Cruze;2013;155000;San Miguel;Buenos Aires (A.M.B.A.);12000.0;
Renault;Duster;2018;99995;Cipolletti;Río Negro;12580.65;
Citroën;C4 Cactus;2022;75000;San Miguel de Tucumán;Tucumán;15161.29;
Ford;Fiesta;2017;173665;Escobar;Buenos Aires (A.M.B.A.);10900.0;
Hyundai;H1;2007;223000;Trelew;Chubut;12000.0;
Citroën;DS3;2012;114000;Lincoln;Buenos Aires;8500.0;
FIAT;Punto;2013;210000;Benavidez;Buenos Aires (A.M.B.A.);6709.68;
Volkswagen;Suran;2019;132000;Neuquén;Neuquén;12903.23;
Ford;Ranger;2016;177000;Pila;Buenos Aires;22000.0;
Renault;Clio;2017;102000;Pinamar;Buenos Aires;10000.0;
Citroën;C3;2015;93000;Córdoba;Córdoba;8387.1;
Toyota;Corolla;2007;156000;Tigre;Buenos Aires (A.M.B.A.);7500.0;
Peugeot;208;2020;47000;Caballito;Ciudad Autónoma Buenos Aires;4193.55;
FIAT;Punto;2015;125000;Lomas De Zamora;Buenos Aires (A.M.B.A.);9354.84;
Citroën;C4;2013;127000;Mataderos;Ciudad Autónoma Buenos Aires;7500.0;
Volkswagen;Gol Country;2000;195000;Corrientes;Corrientes;3548.39;
Volkswagen;Gol;2013;96000;Pilar;Buenos Aires (A.M.B.A.);8300.0;
Volkswagen;Passat;2012;107000;Balvanera;Ciudad Autónoma Buenos Aires;11500.0;
Volkswagen;Suran;2013;217000;Pilar;Buenos Aires (A.M.B.A.);8500.0;
Chevrolet;Aveo;2013;155000;Tandil;Buenos Aires;7500.0;
Peugeot;208;2023;50000;Caballito;Ciudad Autónoma Buenos Aires;4838.71;
Peugeot;208;2020;45000;Caballito;Ciudad Autónoma Buenos Aires;6451.61;
Volkswagen;Passat;2010;147000;Pilar;Buenos Aires (A.M.B.A.);11200.0;
Ford;EcoSport;2012;318000;Córdoba;Córdoba;5161.29;
FIAT;Palio;2017;162000;Lomas De Zamora;Buenos Aires (A.M.B.A.);8709.68;
Ford;Ranger;2014;268000;Villa Mercedes;San Luis;17354.84;
Toyota;86;2016;64000;Villa Constitución;Santa Fe;29000.0;
Chevrolet;Tracker;2018;100800;Sampacho;Córdoba;12258.06;
Chevrolet;Aveo;2010;215000;Córdoba;Córdoba;5741.29;
Peugeot;208;2022;45000;Caballito;Ciudad Autónoma Buenos Aires;8625.81;
Chery;Tiggo 3;2016;110000;Florencio Varela;Buenos Aires (A.M.B.A.);9032.26;
Volkswagen;Amarok;2014;165000;San José;Entre Ríos;17000.0;
Chevrolet;Onix;2018;107000;Córdoba;Córdoba;11934.84;
Nissan;Note;2016;100000;Bella Vista;Buenos Aires (A.M.B.A.);10774.19;
Chevrolet;Astra;2010;315400;Jáuregui;Buenos Aires;5806.45;
Volkswagen;Voyage;2017;18000;Lujan de Cuyo;Mendoza;7096.77;
Volkswagen;Polo;2016;181000;Villa Mercedes;San Luis;11225.81;
Volkswagen;Taos;2024;50000;La Tablada;Buenos Aires (A.M.B.A.);23800.0;
Volkswagen;Fox;2016;90000;La Tablada;Buenos Aires (A.M.B.A.);11290.32;
Citroën;C4 Cactus;2022;104000;Córdoba;Córdoba;13870.97;
Nissan;Versa;2022;105000;Puerto Madero;Ciudad Autónoma Buenos Aires;16000.0;
Jeep;Compass;2018;110000;Córdoba;Córdoba;19354.84;
Citroën;C-Elysée;2017;140000;Recoleta;Ciudad Autónoma Buenos Aires;12000.0;
FIAT;Grand Siena;2013;260000;La Colonia;Mendoza;6451.61;
Chevrolet;Onix Plus;2020;77000;Agronomía;Ciudad Autónoma Buenos Aires;14129.03;
Volkswagen;Suran;2011;150000;Hurlingham;Buenos Aires (A.M.B.A.);6129.03;
Renault;Duster;2016;165000;Tilcara;Jujuy;13000.0;
Peugeot;3008;2011;95000;San Andres;Buenos Aires (A.M.B.A.);7419.35;
Nissan;March;2018;91000;Agronomía;Ciudad Autónoma Buenos Aires;9161.29;
Renault;Alaskan;2021;32000;La Tablada;Buenos Aires (A.M.B.A.);22516.13;
Peugeot;208;2018;60000;Caballito;Ciudad Autónoma Buenos Aires;6451.61;
Volkswagen;Voyage;2018;76000;Casilda;Santa Fe;11935.48;
Honda;HR-V;2016;153000;Pilar;Buenos Aires (A.M.B.A.);18000.0;
Honda;Civic;2014;130000;Bahía Blanca;Buenos Aires;14000.0;
Toyota;Corolla;2018;77000;Villa Urquiza;Ciudad Autónoma Buenos Aires;18000.0;
Renault;Kangoo;2015;220000;San Juan;San Juan;8064.52;
Peugeot;208;2021;35000;Caballito;Ciudad Autónoma Buenos Aires;4193.55;
Chevrolet;Tracker;2023;12000;Caballito;Ciudad Autónoma Buenos Aires;20967.74;
Ford;Fiesta Kinetic;2015;107000;Parana;Entre Ríos;10500.0;
Volkswagen;Gol Trend;2015;121000;Ituzaingo;Buenos Aires (A.M.B.A.);2580.65;
Citroën;C4 Cactus;2022;68000;General Pacheco;Buenos Aires (A.M.B.A.);17800.0;
Renault;Sandero;2013;235000;Córdoba;Córdoba;7676.77;
Ford;Ka;2013;35000;Palermo;Ciudad Autónoma Buenos Aires;7419.35;
Peugeot;408;2014;80000;Agronomía;Ciudad Autónoma Buenos Aires;11500.0;
Peugeot;408;2017;108000;Mendoza;Mendoza;10000.0;
Ford;EcoSport;2016;79000;Corrientes;Corrientes;11483.87;
Peugeot;2008;2016;122000;San Cristóbal;Ciudad Autónoma Buenos Aires;10064.52;
Ford;Focus Sedán;2016;205000;Santa Fe;Santa Fe;9354.84;
Ford;Ka;2013;156000;San Nicolás de los Arroyos;Buenos Aires;5612.9;
Ford;Ranger Raptor;2019;165000;Villa Carlos Paz;Córdoba;38000.0;
Volkswagen;Suran;2014;157000;Neuquén;Neuquén;9032.26;
Ford;Ranger;2017;187000;Mataderos;Ciudad Autónoma Buenos Aires;15483.87;
Renault;Clio;2015;120000;San Luis;San Luis;8064.52;
Ford;Ka;2019;20000;San Rafael;Mendoza;15483.87;
Volkswagen;Suran;2008;260000;Villa Nueva;Mendoza;5483.87;
Toyota;Etios Hatchback;2017;88000;Rosario;Santa Fe;11290.32;
Volkswagen;Gol Trend;2019;82000;San Francisco;Córdoba;12500.0;
Citroën;C3 Picasso;2013;145000;Villa Crespo;Ciudad Autónoma Buenos Aires;6900.0;
Ford;EcoSport;2017;170000;Rosario;Santa Fe;9677.42;
Peugeot;208;2022;28000;Caballito;Ciudad Autónoma Buenos Aires;6129.03;
Volkswagen;up!;2015;67000;Bella Vista;Buenos Aires (A.M.B.A.);12000.0;
Volkswagen;Amarok;2013;204000;Villa Mercedes;San Luis;16774.19;
BMW;Serie 3 Sedán;2013;61700;Haedo;Buenos Aires (A.M.B.A.);26500.0;
Volkswagen;Amarok;2015;186000;Yerba Buena - Marcos Paz;Tucumán;13225.81;
Nissan;Versa;2018;115000;Floresta;Ciudad Autónoma Buenos Aires;10000.0;
Toyota;Corolla Cross Hybrid;2021;80000;Tigre;Buenos Aires (A.M.B.A.);22580.65;
BMW;M3 Sedán;2018;150000;Ituzaingo;Buenos Aires (A.M.B.A.);24700.0;
Ford;Mondeo;2015;119000;La Plata;Buenos Aires;11935.48;
BMW;Serie 3 Sedán;2021;99000;Barracas;Ciudad Autónoma Buenos Aires;38500.0;
Ford;Focus;2016;58000;Corrientes;Corrientes;10967.74;
Toyota;Corolla Cross;2022;45000;Neuquén;Neuquén;29032.26;
Peugeot;2008;2021;42000;Joaquín V. González;Salta;14838.71;
Toyota;Etios Hatchback;2015;200000;Guaymallén;Mendoza;9612.9;
Volkswagen;Fox;2017;83000;Burzaco;Buenos Aires (A.M.B.A.);11900.0;
Audi;Q5;2013;94000;Barracas;Ciudad Autónoma Buenos Aires;19900.0;
Toyota;RAV4;2021;71600;Escobar;Buenos Aires (A.M.B.A.);42000.0;
BMW;Serie 3 Sedán;2010;197000;Don Torcuato;Buenos Aires (A.M.B.A.);25000.0;
FIAT;Uno;1999;148000;Balvanera;Ciudad Autónoma Buenos Aires;3700.0;
Volkswagen;Suran;2018;78000;Parana;Entre Ríos;12903.23;
Peugeot;405;1994;350000;Santa Fe;Santa Fe;2258.06;
Citroën;C3 Picasso;2013;143000;San Miguel;Buenos Aires (A.M.B.A.);6129.03;
Renault;Stepway;2025;3000;Avellaneda;Buenos Aires (A.M.B.A.);17741.94;
Peugeot;208;2023;26000;Caballito;Ciudad Autónoma Buenos Aires;4838.71;
Volkswagen;Suran;2007;102000;Merlo;Buenos Aires (A.M.B.A.);6258.06;
Renault;Kangoo Express;2017;315000;Benavidez;Buenos Aires (A.M.B.A.);7096.77;
Citroën;C3;2011;96000;Villa Devoto;Ciudad Autónoma Buenos Aires;5741.94;
Ford;Sierra;1986;100000;Posadas;Misiones;2580.65;
Peugeot;208;2016;105000;Recoleta;Ciudad Autónoma Buenos Aires;10000.0;
Renault;Fluence;2014;142000;La Plata;Buenos Aires;10000.0;
Chevrolet;Sonic Sedán;2012;166000;Santa Fe;Santa Fe;6000.0;
Chevrolet;Tracker;2017;156000;Villa Carlos Paz;Córdoba;12580.65;
Citroën;C3 Aircross;2019;56000;Córdoba;Córdoba;11548.39;
Chevrolet;Tracker;2019;40500;Moron;Buenos Aires (A.M.B.A.);15000.0;
Chevrolet;Astra;2006;153000;Villa General Belgrano;Córdoba;4387.1;
Ford;Fiesta;1995;540000;San Miguel;Buenos Aires (A.M.B.A.);3096.77;
Renault;Clio;2008;149000;San Francisco;Córdoba;5483.87;
Chevrolet;Corsa;2009;210000;San Telmo;Ciudad Autónoma Buenos Aires;4774.19;
Volkswagen;Suran;2012;107000;Del Viso;Buenos Aires (A.M.B.A.);9031.61;
Citroën;Berlingo Multispace;2018;156000;Pilar;Buenos Aires (A.M.B.A.);14000.0;
RAM;Rampage;2025;18000;Parque Patricios;Ciudad Autónoma Buenos Aires;35483.87;
Volkswagen;Gol;1999;250000;Maipu;Mendoza;4387.1;
FIAT;Cronos;2022;42300;Olivos;Buenos Aires (A.M.B.A.);11741.94;
Volkswagen;Tiguan;2013;181500;Villa Crespo;Ciudad Autónoma Buenos Aires;13548.39;
Ford;F-150;1994;477000;Avellaneda;Buenos Aires (A.M.B.A.);15483.87;
Chevrolet;Spin;2018;115000;Río Ceballos;Córdoba;11290.32;
Suzuki;Fun;2010;112000;Flores;Ciudad Autónoma Buenos Aires;5741.94;
Chevrolet;Vectra;2007;179000;Gregorio de Laferrere;Buenos Aires (A.M.B.A.);3096.77;
Peugeot;2008;2017;120000;Bahía Blanca;Buenos Aires;11612.9;
Ford;EcoSport;2020;93000;Neuquén;Neuquén;14516.13;
Chevrolet;Agile;2016;120917;Córdoba;Córdoba;9032.26;
Ford;Ranger;2019;147000;Plottier;Neuquén;19354.84;
Honda;HR-V;2018;78400;Córdoba;Córdoba;20000.0;
Chery;QQ;2017;50000;Wilde;Buenos Aires (A.M.B.A.);7677.42;
Ford;Fiesta One;2013;95000;Barracas;Ciudad Autónoma Buenos Aires;5806.45;
Peugeot;208;2023;30000;Córdoba;Córdoba;17096.77;
Renault;Clio Mío;2014;110469;Ituzaingo;Buenos Aires (A.M.B.A.);3806.45;
Volkswagen;T-Cross;2025;17;Ramos Mejia;Buenos Aires (A.M.B.A.);32000.0;
Volkswagen;Gol;2013;153000;Frías;Santiago del Estero;7096.77;
Ford;Ranger;2008;250000;Almagro;Ciudad Autónoma Buenos Aires;13900.0;
FIAT;Palio;2016;143548;Escobar;Buenos Aires (A.M.B.A.);8064.52;
Renault;Clio;2012;170200;Bahía Blanca;Buenos Aires;5677.42;
RAM;Rampage;2025;1500;Freyre;Córdoba;38000.0;
Chevrolet;Sonic;2016;130000;San Andrés de Giles;Buenos Aires;10000.0;
Toyota;Etios Hatchback;2016;100300;Ituzaingo;Buenos Aires (A.M.B.A.);4509.68;
Peugeot;208;2017;18600;Córdoba;Córdoba;11612.9;
Peugeot;207 Compact;2012;200000;Maipu;Mendoza;6774.19;
Renault;Logan;2008;173000;Berazategui Oeste;Buenos Aires (A.M.B.A.);3548.39;
FIAT;Strada;2024;7400;Caballito;Ciudad Autónoma Buenos Aires;6258.06;
Volkswagen;Amarok;2023;107387;San Luis;San Luis;28387.1;
Ford;EcoSport;2012;140000;Villa Adelina;Buenos Aires (A.M.B.A.);8900.0;
Jeep;Renegade;2016;74500;Hurlingham;Buenos Aires (A.M.B.A.);16000.0;
Audi;A4;2017;94000;Corrientes;Corrientes;32000.0;
Suzuki;Fun;2006;198000;La Plata;Buenos Aires;3354.84;
Peugeot;208;2019;93300;Belgrano;Ciudad Autónoma Buenos Aires;9677.42;
Ford;Focus;2016;141131;Escobar;Buenos Aires (A.M.B.A.);11612.9;
Renault;Clio;2006;162000;Lanus;Buenos Aires (A.M.B.A.);3806.45;
Peugeot;208;2019;53000;Caballito;Ciudad Autónoma Buenos Aires;4193.55;
Honda;HR-V;2020;85000;San Andres;Buenos Aires (A.M.B.A.);25900.0;
Chevrolet;Cruze;2018;217000;Lujan de Cuyo;Mendoza;11612.9;
Ford;Ranger;2017;53000;Villa Pueyrredón;Ciudad Autónoma Buenos Aires;24000.0;
Jeep;Renegade;2019;69970;San Isidro;Buenos Aires (A.M.B.A.);16000.0;
Peugeot;207 Compact;2012;153500;Bosques;Buenos Aires (A.M.B.A.);4838.71;
MINI;Cooper Countryman;2018;50000;Mataderos;Ciudad Autónoma Buenos Aires;39900.0;
FIAT;Cronos;2022;50000;Caballito;Ciudad Autónoma Buenos Aires;4516.13;
Renault;Fluence;2014;127000;Guaymallén;Mendoza;11200.0;
FIAT;Mobi;2018;117000;San Miguel;Buenos Aires (A.M.B.A.);8322.58;
Chery;Tiggo;2013;135000;Lanus;Buenos Aires (A.M.B.A.);8064.52;
Ford;Falcon;1983;100000;San Juan;San Juan;9000.0;
Audi;Q3;2013;140000;Corrientes;Corrientes;12580.65;
FIAT;Idea;2006;285000;San Luis;San Luis;3870.97;
FIAT;Palio;2017;99300;Córdoba;Córdoba;8258.06;
Nissan;Sentra;2015;200000;El Manantial;Tucumán;9677.42;
Mercedes;Clase GLA;2017;55000;Rosario;Santa Fe;30000.0;
Mercedes;Clase C Sedán;2010;152706;Mendoza;Mendoza;15500.0;
Toyota;Yaris;2019;109000;San Luis;San Luis;14709.68;
Volkswagen;Tiguan;2018;132000;Corrientes;Corrientes;22516.13;
Volkswagen;Gol;2012;129000;Benavidez;Buenos Aires (A.M.B.A.);7900.0;
FIAT;Palio Weekend;2013;133000;Mataderos;Ciudad Autónoma Buenos Aires;9000.0;
Volkswagen;Golf;2017;115000;Corrientes;Corrientes;15741.94;
Chevrolet;Astra;2010;190000;Oncativo;Córdoba;6129.03;
Peugeot;208;2017;62000;Ituzaingo;Buenos Aires (A.M.B.A.);4896.77;
Ford;Focus Sedán;2018;45000;Beccar;Buenos Aires (A.M.B.A.);13548.39;
Peugeot;208;2017;74000;Parana;Entre Ríos;10322.58;
BMW;M6 Coupé;1980;90000;Córdoba;Córdoba;47500.0;
Renault;Captur;2018;92000;Corrientes;Corrientes;14387.1;
Ford;Focus;2013;100000;Caballito;Ciudad Autónoma Buenos Aires;15000.0;
Peugeot;408;2014;75000;Flores;Ciudad Autónoma Buenos Aires;7870.97;
FIAT;Palio Fire;2007;92000;Flores;Ciudad Autónoma Buenos Aires;6700.0;
Toyota;Hilux;2008;191000;Vicente Casares;Buenos Aires;2903.23;
Renault;Sandero Stepway;2013;92000;Caballito;Ciudad Autónoma Buenos Aires;9000.0;
Peugeot;206;2006;165000;Villa Crespo;Ciudad Autónoma Buenos Aires;6300.0;
Renault;Duster;2021;66500;Berazategui;Buenos Aires (A.M.B.A.);21300.0;
Citroën;C3;2021;43000;Resistencia;Chaco;11161.29;
Ford;Ranger;2010;160000;Avellaneda;Buenos Aires (A.M.B.A.);15000.0;
Volkswagen;Bora;2011;200000;Caseros;Buenos Aires (A.M.B.A.);8580.65;
Chevrolet;Cobalt;2013;72000;San Francisco;Córdoba;7548.39;
Peugeot;2008;2019;83000;Villa Crespo;Ciudad Autónoma Buenos Aires;10645.16;
Peugeot;Partner;2012;270000;Gonzalez Catán;Buenos Aires (A.M.B.A.);8064.52;
Volkswagen;Gol Trend;2011;86000;Villa Devoto;Ciudad Autónoma Buenos Aires;7600.0;
Mercedes;Clase GLC;2018;80000;Corrientes;Corrientes;39900.0;
Renault;Captur;2017;99000;Villa Allende;Córdoba;12580.65;
FIAT;Qubo;2012;189000;San Miguel del Monte;Buenos Aires;6709.68;
RAM;Rampage;2024;31000;San Francisco;Córdoba;31290.32;
Ford;EcoSport;2018;99000;Corrientes;Corrientes;12838.71;
Chevrolet;Classic;2013;275000;San Carlos de Bariloche;Río Negro;6500.0;
Volkswagen;Gol;2004;200000;Neuquén;Neuquén;2451.61;
Jeep;Renegade;2021;69000;La Plata;Buenos Aires;19000.0;
Peugeot;208;2020;75000;Parque Patricios;Ciudad Autónoma Buenos Aires;16900.0;
Jeep;Renegade;2019;64000;Lomas del Mirador;Buenos Aires (A.M.B.A.);19500.0;
Renault;Duster;2019;115000;Neuquén;Neuquén;12903.23;
Ford;Fiesta Kinetic;2018;151600;Rio Grande;Tierra del Fuego;10967.74;
Peugeot;207 Compact;2010;110000;El Challao;Mendoza;5806.45;
Peugeot;206;2007;170000;Villa Luro;Ciudad Autónoma Buenos Aires;6000.0;
Peugeot;208;2018;160000;Neuquén;Neuquén;10645.16;
Renault;Duster;2015;138000;Berazategui;Buenos Aires (A.M.B.A.);11300.0;
Chevrolet;Agile;2016;85000;Villa Madero;Buenos Aires (A.M.B.A.);9000.0;
Volkswagen;Suran;2013;264000;Mendoza;Mendoza;6451.61;
Renault;Sandero;2016;127000;Boedo;Ciudad Autónoma Buenos Aires;9800.0;
Chevrolet;Sonic;2015;125000;Castelar;Buenos Aires (A.M.B.A.);9032.26;
Ford;Escort;1993;195000;Isidro Casanova;Buenos Aires (A.M.B.A.);2258.06;
Toyota;Corolla;2019;63500;Rosario;Santa Fe;16774.19;
Peugeot;208;2013;117500;Parque Avellaneda;Ciudad Autónoma Buenos Aires;8064.52;
Renault;Logan;2021;43000;Avellaneda;Buenos Aires (A.M.B.A.);10967.74;
Chevrolet;C 10;1965;12000;San Fernando;Buenos Aires (A.M.B.A.);7000.0;
MINI;Cooper;2013;130000;Córdoba;Córdoba;37500.0;
Chevrolet;Cruze;2013;158000;Palermo;Ciudad Autónoma Buenos Aires;11800.0;
Ford;Focus Sedán;2018;57000;San Miguel de Tucumán;Tucumán;12838.71;
Volkswagen;Nivus;2022;30000;Pilar;Buenos Aires (A.M.B.A.);20612.9;
Volkswagen;Suran;2012;230000;Caballito;Ciudad Autónoma Buenos Aires;9354.84;
Nissan;Kicks;2017;90000;San Andres;Buenos Aires (A.M.B.A.);17900.0;
Volkswagen;Amarok;2020;183500;San Francisco;Córdoba;20870.97;
Ford;EcoSport;2016;189000;La Plata;Buenos Aires;10322.58;
Volkswagen;Golf;2018;46000;San Luis;San Luis;26500.0;
Chevrolet;Prisma;2016;130000;La Tablada;Buenos Aires (A.M.B.A.);9025.81;
Peugeot;207 Compact Sedán;2010;147000;Pergamino;Buenos Aires;4516.13;
Chevrolet;Celta;2015;111000;Mendoza;Mendoza;6451.61;
Ford;Fiesta Kinetic Sedán;2013;230000;San Luis;San Luis;8709.68;
Volkswagen;Saveiro;1996;157080;Eldorado;Misiones;4193.55;
Peugeot;3008 SUV;2023;9000;Chacarita;Ciudad Autónoma Buenos Aires;32000.0;
Citroën;Xsara Picasso;2012;126000;San Miguel;Buenos Aires (A.M.B.A.);7600.0;
Ford;EcoSport;2014;117000;San Miguel;Buenos Aires (A.M.B.A.);10322.58;
FIAT;Punto;2014;108000;Ituzaingo;Buenos Aires (A.M.B.A.);4316.13;
Ford;Fiesta Kinetic Sedán;2014;131000;San Miguel;Buenos Aires (A.M.B.A.);10999.0;
Ford;Focus;2011;130000;Balcarce;Buenos Aires;9200.0;
Audi;A3 Sportback;2025;1600;Córdoba;Córdoba;59000.0;
Volkswagen;Gol;2008;258000;Mendoza;Mendoza;4516.13;
Ford;Focus;2016;134800;Neuquén;Neuquén;11290.32;
Jeep;Compass;2022;60000;Córdoba;Córdoba;24838.71;
Iveco;Daily Chasis;2015;490000;Villa Bosch;Buenos Aires (A.M.B.A.);20645.16;
Citroën;C4 Lounge;2017;53200;Almagro;Ciudad Autónoma Buenos Aires;14516.13;
FIAT;Punto;2012;110000;Ituzaingo;Buenos Aires (A.M.B.A.);3993.55;
Mercedes;Clase A Hatchback;2016;75000;Ituzaingo;Buenos Aires (A.M.B.A.);26500.0;
Ford;Ka;2017;90100;Córdoba;Córdoba;9677.42;
Mercedes;Clase C Sedán;2008;65000;Córdoba;Córdoba;17000.0;
Peugeot;Partner;2017;82000;Pergamino;Buenos Aires;11612.9;
FIAT;Strada Adventure;2017;147266;Pilar;Buenos Aires (A.M.B.A.);13200.0;
Peugeot;208;2018;112000;Posadas;Misiones;10316.13;
Jeep;Renegade;2022;26000;Balvanera;Ciudad Autónoma Buenos Aires;7741.94;
BMW;Serie 3 Sedán;2010;180000;Quilmes Oeste;Buenos Aires (A.M.B.A.);13000.0;
Honda;CR-V;2012;223480;Quilmes;Buenos Aires (A.M.B.A.);18000.0;
Peugeot;208;2014;110000;San Martin;Buenos Aires (A.M.B.A.);9000.0;
Chevrolet;Classic;2012;200000;El Challao;Mendoza;7000.0;
Toyota;Corolla;2019;113000;Villa Del Parque;Ciudad Autónoma Buenos Aires;20000.0;
Ford;Ranger;2013;320000;Belgrano;Ciudad Autónoma Buenos Aires;13548.39;
FIAT;Cronos;2021;19000;San Antonio De Padua;Buenos Aires (A.M.B.A.);12580.65;
Volkswagen;Suran;2016;112000;Rosario;Santa Fe;10322.58;
Volkswagen;Gol;2013;80000;Villa Urquiza;Ciudad Autónoma Buenos Aires;6200.0;
Chery;Face;2011;97000;San Miguel de Tucumán;Tucumán;4516.13;
Toyota;Hiace;2024;33000;Bella Vista;Buenos Aires (A.M.B.A.);45700.0;
FIAT;Strada;2023;53000;Córdoba;Córdoba;25000.0;
FIAT;Palio;2016;144000;Córdoba;Córdoba;11290.32;
Volkswagen;Golf;2018;73000;Nuñez;Ciudad Autónoma Buenos Aires;21500.0;
Peugeot;3008;2020;70000;Vicente Lopez;Buenos Aires (A.M.B.A.);23900.0;
Peugeot;404;1974;250000;Quilmes Oeste;Buenos Aires (A.M.B.A.);4500.0;
Nissan;Frontier;2012;300000;Munro;Buenos Aires (A.M.B.A.);16000.0;
Peugeot;308;2013;163000;Posadas;Misiones;6451.61;
Renault;Sandero;2011;178000;Godoy Cruz;Mendoza;4193.55;
Chevrolet;Tracker;2016;107000;Mercedes;Buenos Aires;13500.0;
Volkswagen;Vento;2014;218000;Olivos;Buenos Aires (A.M.B.A.);13500.0;
Peugeot;208;2015;74000;Ituzaingo;Buenos Aires (A.M.B.A.);8387.1;
Chevrolet;S 10;2021;98000;Flores;Ciudad Autónoma Buenos Aires;26451.61;
Peugeot;208;2024;7000;Caballito;Ciudad Autónoma Buenos Aires;6774.19;
Volkswagen;T-Cross;2020;92000;Neuquén;Neuquén;19354.84;
Honda;CR-V;2011;191000;Córdoba;Córdoba;12192.9;
Citroën;C3;2011;150000;Rosario;Santa Fe;5161.29;
Peugeot;207;2015;202376;La Merced;Salta;7741.94;
Peugeot;308;2015;102000;Villa Santa Rita;Ciudad Autónoma Buenos Aires;9354.84;
Chevrolet;Cobalt;2013;178000;Resistencia;Chaco;6832.26;
Chevrolet;Tracker;2013;161000;Córdoba;Córdoba;9677.42;
FIAT;Punto;2011;136000;Villa Ballester;Buenos Aires (A.M.B.A.);5806.45;
Ford;EcoSport;2020;105000;Belgrano;Ciudad Autónoma Buenos Aires;11612.9;
Toyota;Corolla;2019;85000;Chacras de Coria;Mendoza;20000.0;
Volkswagen;Voyage;2017;120000;Ingeniero Giagnoni;Mendoza;9677.42;
Renault;Sandero RS;2017;70000;Flores;Ciudad Autónoma Buenos Aires;5645.16;
Ford;Focus;2016;135000;Rosario;Santa Fe;10645.16;
Ford;EcoSport;2004;109000;San Miguel de Tucumán;Tucumán;4838.71;
Peugeot;206;2008;245664;Malvinas Argentinas;Buenos Aires (A.M.B.A.);3322.58;
Chevrolet;Onix Joy;2019;92000;Monte Grande;Buenos Aires (A.M.B.A.);9354.84;
Chevrolet;Agile;2015;128000;Villa Nueva;Mendoza;7419.35;
Renault;Sandero;2010;149000;Flores;Ciudad Autónoma Buenos Aires;6600.0;
Nissan;Sentra;2020;57000;Caballito;Ciudad Autónoma Buenos Aires;19032.26;
Peugeot;208;2025;13000;Córdoba;Córdoba;15806.45;
Citroën;C4;2013;179000;Villa Allende;Córdoba;7032.26;
Nissan;Tiida;2010;216400;Lomas De Zamora;Buenos Aires (A.M.B.A.);5900.0;
Ford;Fiesta;2005;150000;Avellaneda;Buenos Aires (A.M.B.A.);4516.13;
Toyota;Corolla;2015;192000;Ciudad Evita;Buenos Aires (A.M.B.A.);11000.0;
Volkswagen;Golf;2016;77000;Lomas De Zamora;Buenos Aires (A.M.B.A.);17500.0;
Ford;Ranger;2024;28000;Temperley;Buenos Aires (A.M.B.A.);45160.65;
FIAT;Palio;2016;53000;Ramos Mejia;Buenos Aires (A.M.B.A.);7741.94;
Citroën;C4 Hatchback;2014;150000;Resistencia;Chaco;6774.19;
Nissan;March;2012;80000;Caballito;Ciudad Autónoma Buenos Aires;8650.0;
Mercedes;Sprinter;2010;300000;San Isidro;Buenos Aires (A.M.B.A.);20000.0;
Jeep;Renegade;2016;94253;San Isidro;Buenos Aires (A.M.B.A.);14000.0;
Peugeot;206;2006;102200;Merlo;Buenos Aires (A.M.B.A.);7200.0;
Citroën;C3;2019;100000;Tortuguitas;Buenos Aires (A.M.B.A.);9677.42;
Toyota;Corolla;2017;184000;Córdoba;Córdoba;20000.0;
Toyota;Corolla;2021;105000;La Plata;Buenos Aires;21800.0;
BMW;Serie 3 Sedán;2017;98000;Córdoba;Córdoba;41000.0;
Ford;Fiesta;2014;119342;La Plata;Buenos Aires;9032.26;
Citroën;C4 Lounge;2016;126400;Córdoba;Córdoba;9032.26;
Citroën;C4 Lounge;2016;126400;Córdoba;Córdoba;8709.68;
Volkswagen;Suran;2015;120000;Belgrano;Ciudad Autónoma Buenos Aires;7741.94;
Toyota;Hilux;2017;200000;Resistencia;Chaco;23225.81;
Peugeot;206;2012;471000;Campana;Buenos Aires;3548.39;
Suzuki;Samurai;1995;179000;Villa San Agustin;San Juan;18500.0;
Chery;Tiggo;2018;108000;Neuquén;Neuquén;12258.06;
BMW;Serie 1;2013;202000;San Francisco;Córdoba;10322.58;
Renault;Duster;2019;140000;Parana;Entre Ríos;14193.55;
Toyota;Etios Hatchback;2016;128000;Villa Devoto;Ciudad Autónoma Buenos Aires;11000.0;
FIAT;500X;2019;28200;Floresta;Ciudad Autónoma Buenos Aires;22500.0;
Iveco;Daily Chasis;2019;116900;Haedo;Buenos Aires (A.M.B.A.);38100.0;
Citroën;C4 Lounge;2017;125500;Palermo;Ciudad Autónoma Buenos Aires;9354.84;
Peugeot;408;2016;100000;Villa Del Parque;Ciudad Autónoma Buenos Aires;10500.0;
FIAT;Cronos;2022;109200;Rio Segundo;Córdoba;12903.23;
Peugeot;208;2014;52000;Santa Fe;Santa Fe;9483.87;
Nissan;Tiida;2010;125000;Almagro;Ciudad Autónoma Buenos Aires;9850.0;
Ford;Fiesta One;2011;219000;Palermo;Ciudad Autónoma Buenos Aires;5100.0;
Volkswagen;up!;2018;180000;Mendoza;Mendoza;7741.94;
Ford;Falcon;1980;1000;Coronel Brandsen;Buenos Aires;3096.77;coleccion
Ford;Fiesta Kinetic;2017;50000;Quilmes;Buenos Aires (A.M.B.A.);11000.0;
Peugeot;208;2021;15000;Caballito;Ciudad Autónoma Buenos Aires;3870.97;
Toyota;Corolla;2016;89000;Rosario;Santa Fe;16500.0;
Chevrolet;Sonic;2016;120000;Villa Ballester;Buenos Aires (A.M.B.A.);10500.0;
Peugeot;2008;2021;38000;Caballito;Ciudad Autónoma Buenos Aires;5161.29;
Volkswagen;Saveiro;2006;150000;Tartagal;Salta;3500.0;
Ford;EcoSport;2021;50000;Córdoba;Córdoba;15483.87;
Chevrolet;Classic;2010;142000;José C. Paz;Buenos Aires (A.M.B.A.);6500.0;
Volkswagen;up!;2016;78000;José C. Paz;Buenos Aires (A.M.B.A.);12000.0;
Chevrolet;Onix Joy;2017;100000;Alta Gracia;Córdoba;9354.84;
Volkswagen;Gol Trend;2011;46000;Caballito;Ciudad Autónoma Buenos Aires;10000.0;
FIAT;Mobi;2018;140000;Villa Urquiza;Ciudad Autónoma Buenos Aires;7677.42;
Peugeot;208;2016;97700;San Francisco;Córdoba;9354.84;
Ford;Ranger;2017;172000;San Telmo;Ciudad Autónoma Buenos Aires;19900.0;
Toyota;Etios Sedán;2017;103000;Ituzaingo;Buenos Aires (A.M.B.A.);9677.42;
Chevrolet;Classic;2015;110000;Santa Fe;Santa Fe;5161.29;
Citroën;C3;2015;125000;Rosario;Santa Fe;8200.0;
Citroën;C4 Lounge;2018;160000;Luján;Buenos Aires;9677.42;
Ford;Fiesta;2006;90000;Recoleta;Ciudad Autónoma Buenos Aires;2516.13;
Ika;Estanciera;1970;1100;La Falda;Córdoba;10967.74;coleccion
Chevrolet;Cruze;2022;69000;Maipu;Mendoza;16451.61;
Chevrolet;Cruze;2020;95000;Parana;Entre Ríos;16000.0;
Renault;Sandero RS;2017;109000;Parque Chacabuco;Ciudad Autónoma Buenos Aires;11741.94;
Renault;Twingo;2000;220000;Ferré;Buenos Aires;3032.26;
Volkswagen;Vento;2017;99500;Floresta;Ciudad Autónoma Buenos Aires;18500.0;
Renault;Kangoo;2023;55000;Córdoba;Córdoba;14838.71;
Toyota;Etios Sedán;2015;94000;Villa Ballester;Buenos Aires (A.M.B.A.);11500.0;
Toyota;Corolla;2022;19800;General Rodriguez;Buenos Aires;27600.0;
Chevrolet;Sonic;2015;129000;Ciudad Evita;Buenos Aires (A.M.B.A.);9032.26;
Peugeot;208;2017;91600;Córdoba;Córdoba;9032.26;
Volkswagen;Suran;2015;172000;Versalles;Ciudad Autónoma Buenos Aires;10500.0;
Renault;Logan;2017;134000;San Nicolás;Ciudad Autónoma Buenos Aires;7419.35;
Volkswagen;Taos;2021;83000;San Carlos de Bariloche;Río Negro;21935.48;
Ford;EcoSport;2018;118900;Paso Del Rey;Buenos Aires (A.M.B.A.);14500.0;
Volkswagen;Amarok;2017;80000;Mar del Plata;Buenos Aires;33000.0;
KIA;Picanto;2007;216000;Rosario;Santa Fe;6500.0;
Dodge;Journey;2011;166000;Rincon De Milberg;Buenos Aires (A.M.B.A.);9500.0;
Peugeot;308;2014;120000;Mendoza;Mendoza;13000.0;
Peugeot;408;2015;89653;Agronomía;Ciudad Autónoma Buenos Aires;9025.81;
Ford;EcoSport;2011;236000;Mar del Plata;Buenos Aires;9500.0;
Volkswagen;Gol;2007;120000;Bermejo;Mendoza;4516.13;
Mercedes;Clase SLK;1981;91000;Salta;Salta;9677.42;
FIAT;Toro;2016;153000;Yerba Buena - Marcos Paz;Tucumán;13225.81;
Toyota;Etios Hatchback;2018;79000;Presidencia Roque Saenz Pena;Chaco;5161.29;
Toyota;Hilux;2019;151000;Neuquén;Neuquén;28387.1;
Ford;Fiesta Kinetic;2016;103000;Córdoba;Córdoba;11741.94;
Ford;Focus Sedán;2015;200000;Vicente Lopez;Buenos Aires (A.M.B.A.);10967.74;
FIAT;Fiorino;2010;5000;Mendiolaza;Córdoba;6129.03;
Volkswagen;New Beetle;2003;118000;La Plata;Buenos Aires;7000.0;
Ford;Ranger;2021;60000;Mendoza;Mendoza;27096.77;
Peugeot;208;2021;20500;Caballito;Ciudad Autónoma Buenos Aires;3225.81;
Peugeot;Partner;2013;130000;Villa Bosch;Buenos Aires (A.M.B.A.);8680.65;
Ford;Territory;2025;8000;Córdoba;Córdoba;38500.0;
Volkswagen;Suran;2011;240000;La Granja;Córdoba;6451.61;
Peugeot;206;2008;288914;Ensenada;Buenos Aires;3870.97;
Toyota;Hilux;2016;240000;Pergamino;Buenos Aires;27900.0;
Volkswagen;Suran;2014;257000;Córdoba;Córdoba;7419.35;
FIAT;Punto;2014;79000;Posadas;Misiones;8703.23;
Ford;Ranger Raptor;2021;112880;Olivos;Buenos Aires (A.M.B.A.);44300.0;
Peugeot;206;2008;124600;Villa Ballester;Buenos Aires (A.M.B.A.);4838.71;
Volkswagen;Gol;2013;190000;Coronel Brandsen;Buenos Aires;6129.03;
FIAT;Punto;2010;105000;Hurlingham;Buenos Aires (A.M.B.A.);9500.0;
Ford;Fiesta;2017;97000;Neuquén;Neuquén;11548.39;
Peugeot;208;2022;25800;Caballito;Ciudad Autónoma Buenos Aires;4516.13;
Volkswagen;Escarabajo;1980;70921;La Plata;Buenos Aires;8000.0;
Renault;Kangoo Express;2008;196000;Hurlingham;Buenos Aires (A.M.B.A.);6129.03;
FIAT;Strada Adventure;2016;70000;Chajarí;Entre Ríos;16000.0;
Audi;A4;2018;120000;San Isidro;Buenos Aires (A.M.B.A.);27500.0;
Volvo;S40;1991;177000;Boedo;Ciudad Autónoma Buenos Aires;9000.0;
Peugeot;206;2007;200000;Gualeguay;Entre Ríos;4193.55;
Porsche;911 Carrera;2018;85000;Córdoba;Córdoba;6129.03;
Chery;Tiggo;2015;188000;Villa Carlos Paz;Córdoba;10000.0;
Peugeot;208;2021;21200;Caballito;Ciudad Autónoma Buenos Aires;3870.97;
Peugeot;207 Compact;2013;84500;Córdoba;Córdoba;7741.94;
Peugeot;208;2019;49000;Caballito;Ciudad Autónoma Buenos Aires;6129.03;
Volkswagen;Gol Trend;2017;114000;Córdoba;Córdoba;10000.0;
Ford;EcoSport;2018;70000;Bahía Blanca;Buenos Aires;12903.23;
FIAT;Linea;2012;103000;Córdoba;Córdoba;9032.26;
Porsche;Cayenne;2013;95786;Moron;Buenos Aires (A.M.B.A.);60000.0;
Chevrolet;Cruze;2016;133000;Pilar;Buenos Aires (A.M.B.A.);11612.9;
FIAT;Palio;2017;105000;Neuquén;Neuquén;10000.0;
FIAT;Siena;2009;76000;Lujan de Cuyo;Mendoza;7000.0;
FIAT;Toro;2018;101000;Escobar;Buenos Aires (A.M.B.A.);23000.0;
FIAT;Cronos;2022;85000;Córdoba;Córdoba;13548.39;
Renault;Trafic;1999;186000;Caseros;Buenos Aires (A.M.B.A.);5483.87;
Volkswagen;CC;2015;220000;Nuñez;Ciudad Autónoma Buenos Aires;13500.0;
Renault;Sandero;2021;21500;Palermo;Ciudad Autónoma Buenos Aires;12903.23;
Chevrolet;Meriva;2012;240000;Quilmes;Buenos Aires (A.M.B.A.);6774.19;
Honda;HR-V;2018;74000;Martinez;Buenos Aires (A.M.B.A.);24000.0;
Chevrolet;Tracker;2020;68000;La Paternal;Ciudad Autónoma Buenos Aires;21000.0;
Volkswagen;up!;2017;126000;Munro;Buenos Aires (A.M.B.A.);13000.0;
Mercedes;Sprinter;2010;470000;Ituzaingo;Buenos Aires (A.M.B.A.);24300.0;
Volkswagen;Suran;2015;68000;San Carlos de Bariloche;Río Negro;10322.58;
Volkswagen;Amarok;2015;205000;Gregorio de Laferrere;Buenos Aires (A.M.B.A.);12903.23;
Hyundai;Genesis Coupé;2011;133000;Apostoles;Misiones;23000.0;
Ford;Bronco Sport;2021;82000;Córdoba;Córdoba;27096.77;
Ford;Fiesta Kinetic;2017;96000;Córdoba;Córdoba;9677.42;
Ford;Focus;2018;120000;Paso Del Rey;Buenos Aires (A.M.B.A.);17200.0;
Ford;Ranger;2007;275000;Comodoro Rivadavia;Chubut;10645.16;
FIAT;Idea;2013;145000;Villa Devoto;Ciudad Autónoma Buenos Aires;6451.61;
Volkswagen;Senda;1993;64000;Isidro Casanova;Buenos Aires (A.M.B.A.);6000.0;
Volkswagen;CrossFox;2007;173000;Villa Alsina;Buenos Aires;5483.87;
Ford;Ka;2020;142000;Villa Devoto;Ciudad Autónoma Buenos Aires;9967.74;
Nissan;Tiida;2013;205000;Yerba Buena - Marcos Paz;Tucumán;6451.61;
BMW;Serie 3 Sedán;2005;200000;Moron;Buenos Aires (A.M.B.A.);8900.0;
KIA;Sportage;2012;330000;Palermo;Ciudad Autónoma Buenos Aires;15000.0;
Peugeot;308;2019;110000;Monte Castro;Ciudad Autónoma Buenos Aires;15200.0;
FIAT;Idea;2015;118000;Rosario;Santa Fe;8500.0;
Toyota;Etios Sedán;2017;39900;Florencio Varela;Buenos Aires (A.M.B.A.);15000.0;
FIAT;Uno;1994;260000;Florencio Varela;Buenos Aires (A.M.B.A.);4516.13;
Chevrolet;Trailblazer;2019;95000;Rodeo De La Cruz;Mendoza;35000.0;
Peugeot;208;2021;32500;Caballito;Ciudad Autónoma Buenos Aires;4516.13;
Volkswagen;Gol Country;2011;255000;Saavedra;Ciudad Autónoma Buenos Aires;3870.97;
Volkswagen;Taos;2022;55000;El Talar;Buenos Aires (A.M.B.A.);31000.0;
Ford;EcoSport;2015;77800;Mataderos;Ciudad Autónoma Buenos Aires;10000.0;
FIAT;Toro;2021;120000;Canning;Buenos Aires (A.M.B.A.);15161.29;
FIAT;Palio;2017;65300;Recoleta;Ciudad Autónoma Buenos Aires;9354.84;
Chevrolet;Onix;2015;157000;Temperley;Buenos Aires (A.M.B.A.);8387.1;
FIAT;Palio;2015;95000;Posadas;Misiones;8380.65;
Ford;Bronco Sport;2021;70000;La Tablada;Buenos Aires (A.M.B.A.);25677.42;
Peugeot;208;2017;60000;Córdoba;Córdoba;9677.42;
Peugeot;308;2016;96000;Ituzaingo;Buenos Aires (A.M.B.A.);11612.9;
Chevrolet;Cruze 5;2017;125000;Malvinas Argentinas;Buenos Aires (A.M.B.A.);11612.9;
Peugeot;208;2014;122500;La Plata;Buenos Aires;6774.19;
FIAT;Strada Working;2018;186000;Aristóbulo del Valle;Misiones;10322.58;
Chevrolet;Captiva;2013;160000;Villa Lugano;Ciudad Autónoma Buenos Aires;13700.0;
Ford;EcoSport;2018;43000;Tapiales;Buenos Aires (A.M.B.A.);18750.0;
Citroën;C4 Lounge;2017;151800;El Zanjon;Santiago del Estero;12000.0;
Peugeot;208;2022;19000;Caballito;Ciudad Autónoma Buenos Aires;5161.29;
Daihatsu;Delta Furgon;1981;219000;Córdoba;Córdoba;11000.0;
Volkswagen;Polo;2016;154000;Haedo;Buenos Aires (A.M.B.A.);11000.0;
Volkswagen;Vento;2021;57000;Córdoba;Córdoba;25096.77;
FIAT;Siena;2015;191000;Flores;Ciudad Autónoma Buenos Aires;7096.77;
Volkswagen;Tiguan;2018;180000;Moron;Buenos Aires (A.M.B.A.);23800.0;
Renault;Kangoo Express;2019;93000;Godoy Cruz;Mendoza;13741.94;
Ford;Ranger;2018;15000;Parque Patricios;Ciudad Autónoma Buenos Aires;30000.0;
Ford;Ka;2016;85000;Berazategui;Buenos Aires (A.M.B.A.);11000.0;
Peugeot;208;2018;139000;Gualeguaychú;Entre Ríos;15000.0;
Chevrolet;Agile;2016;38000;Guaymallén;Mendoza;9032.26;
Ford;EcoSport;2018;140000;Villa Giardino;Córdoba;12903.23;
Hyundai;Creta;2016;98000;Mataderos;Ciudad Autónoma Buenos Aires;20000.0;
Peugeot;208;2022;80000;Avellaneda;Buenos Aires (A.M.B.A.);15161.29;
Ford;Falcon;1985;250000;Córdoba;Córdoba;3870.97;
Peugeot;208;2022;18000;Balvanera;Ciudad Autónoma Buenos Aires;4516.13;
Ford;Fiesta;1997;120000;Mar del Plata;Buenos Aires;1032.26;
Volkswagen;Nivus;2021;74000;Posadas;Misiones;20638.71;
FIAT;Cronos;2023;39400;Wilde;Buenos Aires (A.M.B.A.);13741.94;
Citroën;C4 Lounge;2016;150000;San Fernando;Buenos Aires (A.M.B.A.);10000.0;
Dodge;Journey;2010;200000;Esperanza;Misiones;8387.1;
Chevrolet;Spin;2019;106000;Neuquén;Neuquén;15000.0;
FIAT;Palio;2014;150000;Resistencia;Chaco;6000.0;
Chevrolet;Onix Joy;2018;145000;Llavallol;Buenos Aires (A.M.B.A.);10000.0;
Honda;CR-V;2016;140000;Villa Maria;Córdoba;16774.19;
Volkswagen;Gol;2013;80333;Las Heras;Mendoza;6322.58;
Volkswagen;up!;2017;91000;Córdoba;Córdoba;8064.52;
Citroën;C4 Lounge;2018;125600;Recoleta;Ciudad Autónoma Buenos Aires;9354.84;
Volkswagen;Suran;2017;176313;Campana;Buenos Aires;10000.0;
Peugeot;207;2011;152000;La Plata;Buenos Aires;10500.0;
Volkswagen;Voyage;2012;170000;Lujan de Cuyo;Mendoza;8709.68;
FIAT;Cronos;2023;53000;Villa Devoto;Ciudad Autónoma Buenos Aires;17000.0;
Citroën;C4 Lounge;2014;86000;Salta;Salta;16000.0;
Peugeot;408;2014;30300;Villa Devoto;Ciudad Autónoma Buenos Aires;12000.0;
Peugeot;208;2021;31300;Caballito;Ciudad Autónoma Buenos Aires;4193.55;
Geely;515 Sedán;2017;24100;La Rioja;La Rioja;7741.94;
Ford;Ka;2013;114000;San Miguel;Buenos Aires (A.M.B.A.);8500.0;
Peugeot;208;2022;39000;Caballito;Ciudad Autónoma Buenos Aires;9677.42;
Citroën;Berlingo Furgón;2018;160000;San Miguel de Tucumán;Tucumán;8709.68;
BMW;Serie 3 Sedán;2010;119600;Godoy Cruz;Mendoza;15900.0;
Peugeot;208;2018;73000;Rosario;Santa Fe;9741.94;
Ford;EcoSport;2016;113000;San Andres;Buenos Aires (A.M.B.A.);11200.0;
Renault;Captur;2017;90000;La Plata;Buenos Aires;12838.71;
Peugeot;208;2022;23200;Caballito;Ciudad Autónoma Buenos Aires;4193.55;
Mercedes;Vito;2016;350000;San Nicolás de los Arroyos;Buenos Aires;16129.03;
Renault;Sandero;2014;112000;Córdoba;Córdoba;7580.65;
Volkswagen;Fox;2017;97000;La Plata;Buenos Aires;8064.52;
Volkswagen;Suran;2017;71000;Villa Martelli;Buenos Aires (A.M.B.A.);11500.0;
Hyundai;Santa Fe;2008;234000;Adrogue;Buenos Aires (A.M.B.A.);11300.0;
Lifan;X50;2016;109000;Villa Urquiza;Ciudad Autónoma Buenos Aires;8500.0;
BMW;X4;2015;88000;Vicente Lopez;Buenos Aires (A.M.B.A.);37000.0;
Peugeot;208;2022;19800;Caballito;Ciudad Autónoma Buenos Aires;4516.13;
Renault;Sandero Stepway;2017;140000;La Plata;Buenos Aires;9677.42;
Volkswagen;Amarok;2016;135000;Malagueño;Córdoba;22580.65;
Peugeot;208;2020;48000;Balvanera;Ciudad Autónoma Buenos Aires;3548.39;
Ford;Fiesta Kinetic;2012;163000;Lujan de Cuyo;Mendoza;8064.52;
Peugeot;207 Compact;2010;112000;Hurlingham;Buenos Aires (A.M.B.A.);9500.0;
Jeep;Renegade;2017;36500;Posadas;Misiones;17000.0;
Chevrolet;Onix;2024;6500;Villa Ballester;Buenos Aires (A.M.B.A.);16129.03;
Audi;A3 Sportback;2010;64000;Victoria;Entre Ríos;18000.0;
Citroën;Xsara Picasso;2011;249800;Vicente Lopez;Buenos Aires (A.M.B.A.);6000.0;
Renault;Clio;2011;155000;Córdoba;Córdoba;5806.45;
Ford;Fiesta Max;2007;251000;La Plata;Buenos Aires;4838.71;
Ford;Ranger;2016;133400;Córdoba;Córdoba;21225.81;
Citroën;C4 Picasso;2012;182000;Alta Gracia;Córdoba;7741.94;
Volkswagen;up!;2019;139000;San Nicolás;Ciudad Autónoma Buenos Aires;13000.0;
Chevrolet;Corsa Classic;2008;170000;La Plata;Buenos Aires;4000.0;
Ford;EcoSport;2019;63000;Almagro;Ciudad Autónoma Buenos Aires;13548.39;
FIAT;1600;1970;86000;Pila;Buenos Aires;4500.0;
Renault;Duster;2012;180000;Córdoba;Córdoba;8709.68;
Chevrolet;Classic;2015;107000;Carrodilla;Mendoza;6645.16;
Ford;Focus Exe;2012;159000;San Cristóbal;Ciudad Autónoma Buenos Aires;8064.52;
Peugeot;Partner;2021;63000;Caballito;Ciudad Autónoma Buenos Aires;5806.45;
Renault;Clio;2015;139000;Salta;Salta;8709.68;
Volkswagen;Suran;2019;74000;Flores;Ciudad Autónoma Buenos Aires;10322.58;
BMW;X6;2013;114000;La Plata;Buenos Aires;31500.0;
Honda;HR-V;2018;59000;Martinez;Buenos Aires (A.M.B.A.);25000.0;
Ford;Fiesta;2007;156215;Remedios de Escalada;Buenos Aires (A.M.B.A.);5483.87;
Chevrolet;Corsa Classic;2008;173000;Villa Crespo;Ciudad Autónoma Buenos Aires;5500.0;
Chevrolet;Prisma;2018;46000;Lanus;Buenos Aires (A.M.B.A.);13500.0;
Mercedes;Clase C Sedán;2011;213000;Alpachiri;La Pampa;12903.23;
FIAT;Palio;2017;95000;La Tablada;Buenos Aires (A.M.B.A.);8709.68;
Ford;Kuga;2011;87100;Escobar;Buenos Aires (A.M.B.A.);13000.0;
Jeep;Patriot;2014;179000;Haedo;Buenos Aires (A.M.B.A.);13000.0;
Honda;Fit;2011;118500;Floresta;Ciudad Autónoma Buenos Aires;12000.0;
smart;Fortwo;2012;58000;Flores;Ciudad Autónoma Buenos Aires;10500.0;
FIAT;Cronos;2022;50000;San Luis;San Luis;12903.23;
Volkswagen;Suran;2016;110000;La Plata;Buenos Aires;11290.32;
Volkswagen;Suran;2010;172000;La Plata;Buenos Aires;6774.19;
Renault;Sandero;2012;194000;Colonia Tirolesa;Córdoba;7419.35;
FIAT;Siena;2015;180000;Córdoba;Córdoba;9032.26;
Peugeot;408;2017;109000;Franck;Santa Fe;9032.26;
Ford;Fiesta Kinetic;2014;62900;Versalles;Ciudad Autónoma Buenos Aires;11500.0;
Volkswagen;Gol Trend;2013;71200;Gonzalez Catán;Buenos Aires (A.M.B.A.);8100.0;
Nissan;Frontier;2006;312000;Guaymallén;Mendoza;8387.1;
Peugeot;3008 SUV;2012;150000;Córdoba;Córdoba;7096.77;
Peugeot;208;2020;41000;Balvanera;Ciudad Autónoma Buenos Aires;3870.97;
Peugeot;2008;2018;90000;La Plata;Buenos Aires;12838.71;
Jeep;Compass;2023;68900;La Plata;Buenos Aires;35500.0;
Peugeot;208;2020;34000;Avellaneda;Buenos Aires (A.M.B.A.);22000.0;
Ford;Focus;2008;200000;Bermejo;Mendoza;5032.26;
Hyundai;Tucson;2016;125000;Córdoba;Córdoba;22800.0;
Renault;Sandero;2012;119100;Rosario;Santa Fe;6967.74;
Jeep;Renegade;2023;24000;San Nicolás de los Arroyos;Buenos Aires;17419.35;
Ford;Ranger;2005;306000;Villa Carlos Paz;Córdoba;10000.0;
Nissan;Sentra;2017;120000;La Plata;Buenos Aires;11935.48;
Renault;Logan;2013;130000;Campana;Buenos Aires;6967.74;
Peugeot;207 Compact;2012;160000;Pilar;Buenos Aires (A.M.B.A.);6193.55;
Volkswagen;Gol Trend;2012;140000;San Nicolás de los Arroyos;Buenos Aires;9032.26;
Citroën;C4;2018;122000;San Francisco;Córdoba;10645.16;
Citroën;C3 Picasso;2012;160000;Villa Ballester;Buenos Aires (A.M.B.A.);7500.0;
Ford;Ka;2018;111000;Neuquén;Neuquén;10645.16;
Peugeot;208;2018;92000;San Miguel de Tucumán;Tucumán;12000.0;
Volkswagen;Gol Trend;2015;92000;Villa Urquiza;Ciudad Autónoma Buenos Aires;8709.68;
Chevrolet;Corsa Classic;2010;76500;Boedo;Ciudad Autónoma Buenos Aires;8900.0;
Peugeot;208;2022;27500;Caballito;Ciudad Autónoma Buenos Aires;4516.13;
Volkswagen;Vento;2019;59500;Mar del Plata;Buenos Aires;19032.26;
Volkswagen;Amarok;2020;157000;Mendoza;Mendoza;34000.0;
Citroën;C4 Lounge;2016;109000;Leandro N. Alem;Misiones;9677.42;
Volkswagen;Amarok;2023;29000;Campana;Buenos Aires;22580.65;
Chevrolet;Tracker;2015;118000;Olivos;Buenos Aires (A.M.B.A.);12000.0;
Chevrolet;Corsa;2007;223500;Santa Rosa;La Pampa;4838.71;
Chevrolet;Meriva;2011;145000;Santa Fe;Santa Fe;5741.94;
Chevrolet;Cruze;2019;78000;1a. Seccion;Mendoza;20000.0;
Toyota;Corolla;2017;75000;Rosario;Santa Fe;14516.13;
Peugeot;308;2019;53000;Córdoba;Córdoba;14516.13;
Renault;Kwid;2018;117000;Moreno;Buenos Aires (A.M.B.A.);7741.94;
Peugeot;208;2014;153000;San Vicente;Buenos Aires;10000.0;
Ford;Ranger;2021;130000;La Plata;Buenos Aires;27032.26;
Volkswagen;Gol Trend;2020;54500;Villa Urquiza;Ciudad Autónoma Buenos Aires;10644.52;
FIAT;Punto;2010;156000;Cipolletti;Río Negro;6774.19;
Hyundai;Genesis Coupé;2012;61000;Pilar;Buenos Aires (A.M.B.A.);27500.0;
Volkswagen;Suran;2011;185000;Bella Vista;Buenos Aires (A.M.B.A.);8490.0;
Peugeot;208;2024;9500;Caballito;Ciudad Autónoma Buenos Aires;22580.65;
Toyota;Hilux;2015;270000;Laborde;Córdoba;16129.03;
FIAT;Cronos;2023;96000;San Martin;Buenos Aires (A.M.B.A.);11290.32;
Ford;Kuga;2010;282000;Mar del Plata;Buenos Aires;13000.0;
Peugeot;208;2023;9800;Caballito;Ciudad Autónoma Buenos Aires;4838.71;
Peugeot;504;1981;100779;Caucete;San Juan;2258.06;
Chevrolet;Onix;2020;70000;Villa Ballester;Buenos Aires (A.M.B.A.);15000.0;
Ford;Focus;2008;230000;Avellaneda;Buenos Aires (A.M.B.A.);4580.65;
Chevrolet;Onix;2016;100000;Lujan de Cuyo;Mendoza;9161.29;
Volkswagen;Amarok;2022;19000;Concepción Del Uruguay;Entre Ríos;29677.42;
Renault;Clio;2009;218000;Liniers;Ciudad Autónoma Buenos Aires;6300.0;
Ford;Focus Sedán;2014;160000;Tres Arroyos;Buenos Aires;10322.58;
Ford;EcoSport;2017;112000;Villa Crespo;Ciudad Autónoma Buenos Aires;12000.0;
Jeep;Renegade;2022;63000;Unquillo;Córdoba;18709.68;
Peugeot;208;2022;17000;Caballito;Ciudad Autónoma Buenos Aires;10967.74;
Peugeot;207 Compact;2014;60000;Coronel Brandsen;Buenos Aires;9500.0;
Renault;Torino;1974;10000;Pavón;Santa Fe;10000.0;
Renault;Duster;2018;65000;Neuquén;Neuquén;12903.23;
Renault;Sandero;2024;17000;Villa Ballester;Buenos Aires (A.M.B.A.);17000.0;
Nissan;Frontier;2022;52000;Cañuelas;Buenos Aires;31612.9;
Ford;Focus;2017;96000;La Plata;Buenos Aires;16500.0;
Chevrolet;Corsa Classic;2015;106000;Rosario;Santa Fe;7096.77;
Volkswagen;Suran;2015;78000;Paternal;Ciudad Autónoma Buenos Aires;9612.9;
Toyota;Etios Sedán;2018;72000;Villa Ortuzar;Ciudad Autónoma Buenos Aires;12258.06;
Chevrolet;Classic;2013;71000;Mar del Plata;Buenos Aires;8000.0;
Chevrolet;Captiva;2017;149000;Pilar;Buenos Aires (A.M.B.A.);17000.0;
Peugeot;208;2023;17000;Recoleta;Ciudad Autónoma Buenos Aires;17200.0;
Renault;Duster;2014;200000;Lujan de Cuyo;Mendoza;10645.16;
Peugeot;208;2020;34000;Palermo;Ciudad Autónoma Buenos Aires;6451.61;
Renault;Kangoo Express;2016;132000;Cipolletti;Río Negro;7741.94;
Nissan;Frontier;2020;127000;Rosario;Santa Fe;20000.0;
FIAT;Argo;2018;54000;Carlos Pellegrini;Santa Fe;11935.48;
Citroën;C3;2018;56000;Villa Urquiza;Ciudad Autónoma Buenos Aires;12900.0;
Volkswagen;Vento;2014;174000;Caballito;Ciudad Autónoma Buenos Aires;10967.74;
Volkswagen;Gol Trend;2015;135000;Colonia Aurora;Misiones;8709.68;
Toyota;Corolla;2016;114000;Córdoba;Córdoba;17500.0;
Volkswagen;Suran;2007;220000;Godoy Cruz;Mendoza;4838.71;
Volkswagen;Vento;2016;58000;Venado Tuerto;Santa Fe;19900.0;
Peugeot;207 Compact;2011;163500;Mataderos;Ciudad Autónoma Buenos Aires;7000.0;
Honda;HR-V;2017;120000;Belgrano;Ciudad Autónoma Buenos Aires;16129.03;
Chevrolet;Classic;2016;114000;Ciudad Jardín Lomas del Palomar;Buenos Aires (A.M.B.A.);7677.42;
Honda;HR-V;2017;80000;San Andres;Buenos Aires (A.M.B.A.);19800.0;
Peugeot;208;2022;44753;Maipu;Mendoza;15806.45;
Chevrolet;Spin;2017;46000;Allen;Río Negro;12903.23;
Renault;Mégane;1999;187000;La Plata;Buenos Aires;5900.0;
Honda;HR-V;2019;100000;Francisco Alvarez;Buenos Aires (A.M.B.A.);22500.0;
KIA;Carnival;2017;52000;Belgrano;Ciudad Autónoma Buenos Aires;38000.0;
FIAT;Toro;2020;103000;Villa Urquiza;Ciudad Autónoma Buenos Aires;18900.0;
Volkswagen;Gol;2017;65000;Santa Fe;Santa Fe;10193.55;
Renault;Kangoo;2017;230000;Rosario;Santa Fe;9348.39;
Volkswagen;Golf;2016;110000;Escobar;Buenos Aires (A.M.B.A.);21500.0;
Volkswagen;Amarok;2014;236000;Córdoba;Córdoba;14193.55;
Ford;Ranger;2009;100000;1a. Seccion;Mendoza;10645.16;
BMW;Serie 3 Sedán;2014;190000;Godoy Cruz;Mendoza;23000.0;
Renault;Duster Oroch;2017;95000;Monte Grande;Buenos Aires (A.M.B.A.);15000.0;
FIAT;Toro;2017;77700;Córdoba;Córdoba;17354.84;
Ford;Ranger;2018;80000;Grünbein;Buenos Aires;17419.35;
Renault;Captur;2019;83000;Coghlan;Ciudad Autónoma Buenos Aires;13870.97;
Toyota;Corolla Hybrid;2022;60000;Palermo;Ciudad Autónoma Buenos Aires;22580.65;
Peugeot;2008;2023;15000;Rosario;Santa Fe;19032.26;
KIA;Sorento;2013;340000;Boedo;Ciudad Autónoma Buenos Aires;12900.0;
Ford;Ranger;2015;18600;Hurlingham;Buenos Aires (A.M.B.A.);20500.0;
Peugeot;208;2022;22000;Caballito;Ciudad Autónoma Buenos Aires;4516.13;
Toyota;Yaris;2022;28000;Cipolletti;Río Negro;20645.16;
FIAT;Mobi;2017;83000;Córdoba;Córdoba;9677.42;
Ford;Fiesta Kinetic;2018;38000;Floresta;Ciudad Autónoma Buenos Aires;13225.81;
Peugeot;207 Compact;2012;106000;Necochea;Buenos Aires;7612.9;
Renault;Duster;2012;259824;Córdoba;Córdoba;8064.52;
Renault;Clio;2010;210000;Godoy Cruz;Mendoza;5483.87;
Chevrolet;Tracker;2015;180000;José C. Paz;Buenos Aires (A.M.B.A.);11000.0;
Hyundai;Tucson;2013;150000;Neuquén;Neuquén;9032.26;
Honda;Civic;2005;250000;Parque Patricios;Ciudad Autónoma Buenos Aires;5483.87;
FIAT;Pulse;2025;10000;Neuquén;Neuquén;19354.84;
Peugeot;308;2018;114000;Resistencia;Chaco;10967.74;
Hyundai;Genesis Coupé;2013;184000;Villa Devoto;Ciudad Autónoma Buenos Aires;32000.0;
Ford;Ranger;2022;100000;Neuquén;Neuquén;24838.71;
Chery;Tiggo;2015;124000;Boulogne Sur Mer;Buenos Aires (A.M.B.A.);9500.0;
Volkswagen;Suran;2015;152000;Banfield;Buenos Aires (A.M.B.A.);9032.26;
Ford;Focus Sedán;2017;110131;Villa Raffo;Buenos Aires (A.M.B.A.);10967.74;
Peugeot;Partner Patagónica;2014;202000;San Martin de los Andes;Neuquén;7741.94;
Volkswagen;Saveiro;2018;159000;Córdoba;Córdoba;11290.32;
Ford;Kuga;2011;126500;Villa Urquiza;Ciudad Autónoma Buenos Aires;13000.0;
Toyota;SW4;2021;75000;Rosario;Santa Fe;44000.0;
Renault;Kangoo;2012;400000;Floresta;Ciudad Autónoma Buenos Aires;7500.0;
Ford;Kuga;2016;211000;Mataderos;Ciudad Autónoma Buenos Aires;16900.0;
Citroën;C4 Picasso;2014;88016;Flores;Ciudad Autónoma Buenos Aires;8322.58;
Citroën;C3;2018;105000;Santo Tome;Santa Fe;10322.58;
Chevrolet;Celta;2013;165000;Godoy Cruz;Mendoza;6774.19;
Ford;Focus;2014;170000;Córdoba;Córdoba;8580.65;
Ford;Fiesta Kinetic;2011;174000;Villa Madero;Buenos Aires (A.M.B.A.);7258.06;
Hyundai;HD 72;2015;117000;Concepción Del Uruguay;Entre Ríos;23870.97;
Citroën;C4 Lounge;2018;71500;La Paternal;Ciudad Autónoma Buenos Aires;12774.19;
Ford;Ka;2018;130000;Palermo;Ciudad Autónoma Buenos Aires;9677.42;
Ford;Fiesta;2011;69000;Rosario;Santa Fe;5161.29;
Audi;Q3;2013;130000;La Plata;Buenos Aires;19001.0;
Chevrolet;S 10;2017;114500;Córdoba;Córdoba;23025.81;
Volkswagen;Amarok;2017;230000;Córdoba;Córdoba;20500.0;
FIAT;Siena;2015;315000;Rosario;Santa Fe;8129.03;
Chevrolet;Onix;2019;59000;Belgrano;Ciudad Autónoma Buenos Aires;10645.16;
Chevrolet;Cruze;2017;133000;Nuñez;Ciudad Autónoma Buenos Aires;12258.06;
Peugeot;207 Compact;2012;151000;La Plata;Buenos Aires;6645.16;
Nissan;Sentra;2011;159300;Córdoba;Córdoba;5483.87;
Chevrolet;Cruze 5;2018;130000;Velez Sarsfield;Ciudad Autónoma Buenos Aires;13548.39;
Nissan;Sentra;2021;69000;Boedo;Ciudad Autónoma Buenos Aires;24500.0;
Volkswagen;Vento;2017;94500;Parana;Entre Ríos;15806.45;
Ford;Fiesta;2004;185000;Corrientes;Corrientes;4193.55;
Volkswagen;up!;2016;128500;Santa Fe;Santa Fe;8709.68;
Chevrolet;Sonic Sedán;2014;180000;Saavedra;Ciudad Autónoma Buenos Aires;7900.0;
Peugeot;308;2017;73000;Villa Ballester;Buenos Aires (A.M.B.A.);10322.58;
Volkswagen;Amarok;2015;150000;Santa Fe;Santa Fe;17419.35;
KIA;Sorento;2008;209000;Colegiales;Ciudad Autónoma Buenos Aires;8000.0;
Chevrolet;Agile;2012;132000;Villa Gobernador Galvez;Santa Fe;5483.87;
Nissan;March;2018;100000;Vicente Lopez;Buenos Aires (A.M.B.A.);14800.0;
Citroën;Xsara Picasso;2011;86005;Flores;Ciudad Autónoma Buenos Aires;5806.45;
Renault;Duster;2017;160000;Ensenada;Buenos Aires;11290.32;
Toyota;Corolla;2015;131000;Bernal;Buenos Aires (A.M.B.A.);15400.0;
Volkswagen;Gol;2012;130000;Bernal;Buenos Aires (A.M.B.A.);5806.45;
Volkswagen;Suran;2018;79338;Yerba Buena - Marcos Paz;Tucumán;10645.16;
Renault;Sandero;2018;52000;Bernal;Buenos Aires (A.M.B.A.);10645.16;
Ford;EcoSport;2006;200000;Monte Grande;Buenos Aires (A.M.B.A.);6500.0;
Toyota;Hilux;2011;263000;Colonia Aurora;Misiones;17419.35;
FIAT;Grand Siena;2013;400000;Castelar;Buenos Aires (A.M.B.A.);5806.45;
FIAT;Strada Working;2017;106000;Yerba Buena - Marcos Paz;Tucumán;8967.74;
Citroën;C4 Cactus;2021;72000;Mar del Plata;Buenos Aires;18000.0;
Volkswagen;Gol Trend;2021;28000;La Plata;Buenos Aires;13225.81;
Toyota;Etios Sedán;2017;89000;General Lagos;Santa Fe;10967.74;
Chevrolet;Captiva;2008;197000;Nueva Pompeya;Ciudad Autónoma Buenos Aires;7096.77;
Volkswagen;Gol;2007;250000;Pilar;Buenos Aires (A.M.B.A.);2903.23;
FIAT;Uno Fire;2011;130000;Mar del Plata;Buenos Aires;5161.29;
Peugeot;408;2016;118000;Monte Castro;Ciudad Autónoma Buenos Aires;9032.26;
Hyundai;Coupé;2007;105000;Florida;Buenos Aires (A.M.B.A.);10322.58;
Ford;Ka;2011;147000;Saavedra;Ciudad Autónoma Buenos Aires;4838.71;
Audi;A4;2013;175000;Córdoba;Córdoba;19000.0;
Toyota;Corolla;2015;149800;Yerba Buena - Marcos Paz;Tucumán;12580.65;
Hyundai;i10;2013;120000;Luján;Buenos Aires;6774.19;
FIAT;Palio;2014;82000;Banfield;Buenos Aires (A.M.B.A.);7548.39;
Peugeot;206;2009;175000;Berazategui;Buenos Aires (A.M.B.A.);4838.71;
Geely;Emgrand X7 Sport;2018;85000;Santa Fe;Santa Fe;15000.0;
FIAT;Siena;2014;101000;Córdoba;Córdoba;7741.94;
Chevrolet;Cruze;2018;90000;General Roca;Río Negro;14838.71;
Peugeot;307;2007;254000;Maipu;Mendoza;5354.84;
Chevrolet;S 10;2008;210900;La Plata;Buenos Aires;14000.0;
Chevrolet;Onix Joy;2018;119000;Tres Isletas;Chaco;8387.1;
Peugeot;307;2005;107000;Colegiales;Ciudad Autónoma Buenos Aires;7096.77;
Ford;Focus;2007;192000;Guaymallén;Mendoza;4838.71;
Peugeot;2008;2018;76500;Neuquén;Neuquén;13000.0;
Toyota;Yaris;2018;79000;San Miguel de Tucumán;Tucumán;13870.97;
Chevrolet;Classic;2011;116000;Villa Urquiza;Ciudad Autónoma Buenos Aires;4509.68;
Ford;EcoSport;2017;67000;Balvanera;Ciudad Autónoma Buenos Aires;12867.74;
Peugeot;208;2019;52000;Caballito;Ciudad Autónoma Buenos Aires;6451.61;
Subaru;XV;2018;175000;Martinez;Buenos Aires (A.M.B.A.);23500.0;
Jeep;Renegade;2020;186000;Santa Rosa;La Pampa;19354.84;
Renault;Master;2024;30000;25 de Mayo;Buenos Aires;29677.42;
Renault;Clio;2011;153000;La Plata;Buenos Aires;6500.0;
Volvo;C30;2012;130000;Venado Tuerto;Santa Fe;12000.0;
Chery;Tiggo;2010;165000;Del Viso;Buenos Aires (A.M.B.A.);6774.19;
Nissan;Versa;2018;90000;Maipu;Mendoza;10967.74;
Peugeot;2008;2018;130000;San Fernando;Buenos Aires (A.M.B.A.);11935.48;
FIAT;Cronos;2021;41922;Villa Crespo;Ciudad Autónoma Buenos Aires;12529.68;
Volkswagen;Golf;2016;169000;Vicente Lopez;Buenos Aires (A.M.B.A.);16280.0;
FIAT;Cronos;2020;80000;Bermejo;Mendoza;11612.9;
Ford;Fiesta Kinetic;2011;133000;La Plata;Buenos Aires;10500.0;
Ford;S-Max;2013;138500;Monte Castro;Ciudad Autónoma Buenos Aires;11500.0;
FIAT;Punto;2008;290000;Guaymallén;Mendoza;5806.45;
Chevrolet;S 10;2019;135000;Glew;Buenos Aires (A.M.B.A.);18709.68;
Chevrolet;Onix;2019;92000;Plaza Huincul;Neuquén;11612.9;
RAM;1500;2015;78000;Villa Martelli;Buenos Aires (A.M.B.A.);35900.0;
Volkswagen;Virtus;2021;50000;Bahía Blanca;Buenos Aires;14967.74;
Ford;Focus Sedán;2016;110000;Villa Ballester;Buenos Aires (A.M.B.A.);12000.0;
Peugeot;408;2012;180000;Villa Carlos Paz;Córdoba;7032.26;
Toyota;SW4;1999;370000;San Carlos de Bariloche;Río Negro;11612.9;
Chevrolet;Tracker;2013;112000;La Plata;Buenos Aires;10500.0;
Peugeot;Partner;2020;127000;Villa Madero;Buenos Aires (A.M.B.A.);12580.65;
Peugeot;2008;2022;37000;Caballito;Ciudad Autónoma Buenos Aires;10000.0;
Peugeot;208;2022;30000;Palermo;Ciudad Autónoma Buenos Aires;11290.32;
Volkswagen;Polo;2022;42000;Nuñez;Ciudad Autónoma Buenos Aires;15483.87;
Renault;Logan;2011;250000;Florida;Buenos Aires (A.M.B.A.);5483.87;
Peugeot;208;2016;38700;Caballito;Ciudad Autónoma Buenos Aires;15000.0;
Chevrolet;Onix;2020;58000;José C. Paz;Buenos Aires (A.M.B.A.);11935.48;
Chevrolet;Tracker;2020;75000;Vicente Lopez;Buenos Aires (A.M.B.A.);20800.0;
Ford;F-100;1966;500000;La Plata;Buenos Aires;5000.0;
Citroën;C4 Cactus;2022;58000;Vicente Lopez;Buenos Aires (A.M.B.A.);18800.0;
Honda;HR-V;2020;76000;San Isidro;Buenos Aires (A.M.B.A.);22900.0;
Volkswagen;up!;2019;99000;Caballito;Ciudad Autónoma Buenos Aires;11000.0;
Toyota;Corolla Cross;2021;53000;Vicente Lopez;Buenos Aires (A.M.B.A.);30800.0;
Toyota;Hilux;2017;267000;Olavarría;Buenos Aires;26000.0;
Volkswagen;Gol Trend;2020;83500;Adrogue;Buenos Aires (A.M.B.A.);12500.0;
Volkswagen;Suran;2017;192000;San Miguel;Buenos Aires (A.M.B.A.);10322.58;
Renault;Sandero;2023;3300;Lanus;Buenos Aires (A.M.B.A.);14000.0;
Volkswagen;Fox;2016;89500;Isidro Casanova;Buenos Aires (A.M.B.A.);9354.84;
Volkswagen;Virtus;2022;26000;Cipolletti;Río Negro;17419.35;
Toyota;Corolla;2019;83000;Ramos Mejia;Buenos Aires (A.M.B.A.);20000.0;
Toyota;Corolla;2017;179000;Vicente Lopez;Buenos Aires (A.M.B.A.);14800.0;
Chevrolet;Cruze;2014;143000;Maximo Paz;Buenos Aires;8709.68;
Peugeot;208;2016;123000;Banfield;Buenos Aires (A.M.B.A.);10967.74;
FIAT;128;1986;27000;Bernal;Buenos Aires (A.M.B.A.);3225.81;
Honda;Fit;2013;161800;La Plata;Buenos Aires;12000.0;
Ford;Ka +;2019;50000;Tigre;Buenos Aires (A.M.B.A.);14500.0;
FIAT;Cronos;2024;18500;Villa Urquiza;Ciudad Autónoma Buenos Aires;13870.97;
Volkswagen;Polo;2005;33000;Tapiales;Buenos Aires (A.M.B.A.);6200.0;
Volkswagen;Gol Trend;2017;86500;Boedo;Ciudad Autónoma Buenos Aires;9677.42;
Nissan;Tiida;2011;168000;Puerto Iguazú;Misiones;8000.0;
Nissan;NP 300 Frontier;2012;74000;Santa Rosa;La Pampa;10000.0;
Volkswagen;Tiguan;2022;100000;Goya;Corrientes;28387.1;
Jeep;Renegade;2018;109000;Maipu;Mendoza;16774.19;
Ford;EcoSport;2008;250000;Totoras;Santa Fe;5290.32;
Mercedes;Clase A Hatchback;2017;72000;General Pico;La Pampa;30000.0;
Jeep;Renegade;2017;178000;Vicente Lopez;Buenos Aires (A.M.B.A.);15800.0;
FIAT;Linea;2009;301000;Ituzaingo;Corrientes;2033.55;
Volkswagen;Suran;2012;130000;Martin Coronado;Buenos Aires (A.M.B.A.);7741.94;
Volkswagen;Golf;2021;109000;Neuquén;Neuquén;11935.48;
Peugeot;308;2021;44000;Vicente Lopez;Buenos Aires (A.M.B.A.);18800.0;
Peugeot;2008;2019;38500;San Miguel de Tucumán;Tucumán;10322.58;
Peugeot;3008 SUV;2018;110000;Caballito;Ciudad Autónoma Buenos Aires;26500.0;
Citroën;C4 Lounge;2015;132000;Lomas De Zamora;Buenos Aires (A.M.B.A.);8903.23;
Nissan;Kicks;2020;41500;Caballito;Ciudad Autónoma Buenos Aires;17096.77;
Ford;Fiesta Kinetic;2011;185000;Maipu;Mendoza;7096.77;
Volkswagen;Gol Trend;2017;84000;Mar del Plata;Buenos Aires;16500.0;
Volkswagen;Gol Trend;2011;117000;Godoy Cruz;Mendoza;12000.0;
Ford;Ranger;2019;100000;Rosario;Santa Fe;23870.97;
Jeep;Renegade;2023;9100;Caballito;Ciudad Autónoma Buenos Aires;24000.0;
Ford;F-4000;2017;200000;Rosario;Santa Fe;6451.61;
Volkswagen;Gol Country;2005;176000;Pilar;Buenos Aires (A.M.B.A.);3548.39;
Nissan;Versa;2019;73000;Quilmes;Buenos Aires (A.M.B.A.);12500.0;
Ford;Ka;2018;102000;Vicente Lopez;Buenos Aires (A.M.B.A.);13800.0;
Toyota;Etios Sedán;2022;67200;La Plata;Buenos Aires;11612.9;
BMW;Serie 3 Sedán;2014;149000;Vicente Lopez;Buenos Aires (A.M.B.A.);24800.0;
Peugeot;3008;2021;65000;Córdoba;Córdoba;23805.81;
Ford;Ranger;2023;57000;Campana;Buenos Aires;28470.84;
Volkswagen;Amarok;2022;56000;La Calera;Córdoba;44000.0;
Audi;Q3;2021;80000;Belgrano;Ciudad Autónoma Buenos Aires;44000.0;
Renault;Kwid;2018;90000;Vicente Lopez;Buenos Aires (A.M.B.A.);11280.0;
Toyota;Hilux;2019;100000;Rosario;Santa Fe;23225.81;
Peugeot;207 Compact;2015;119000;Ciudad Evita;Buenos Aires (A.M.B.A.);7096.77;
Peugeot;208;2015;55000;Vicente Lopez;Buenos Aires (A.M.B.A.);13800.0;
Nissan;NP 300 Frontier;2018;170000;Neuquén;Neuquén;21290.32;
FIAT;500X;2019;115000;General Cabrera;Córdoba;16800.0;
Toyota;Hilux;2019;96500;Concepción;Tucumán;25161.29;
Renault;19;1993;188000;Buena Nueva;Mendoza;2903.23;
Hyundai;Tucson;2013;136000;Parana;Entre Ríos;18500.0;
Ford;Ka +;2018;150000;Barranqueras;Chaco;9032.26;
Chevrolet;Cruze;2016;100000;Vicente Lopez;Buenos Aires (A.M.B.A.);16800.0;
Peugeot;208;2018;55000;Flores;Ciudad Autónoma Buenos Aires;14516.13;
Renault;Clio;2014;98000;Vicente Lopez;Buenos Aires (A.M.B.A.);9000.0;
Renault;Mégane II;2008;142000;San Luis;San Luis;7096.77;
Volkswagen;Golf Variant;2017;122000;Vicente Lopez;Buenos Aires (A.M.B.A.);15806.45;
Peugeot;308;2014;200000;San Miguel;Buenos Aires (A.M.B.A.);7741.94;
Ford;Focus Sedán;2017;108000;Resistencia;Chaco;10967.74;
Renault;Sandero;2011;77200;Boedo;Ciudad Autónoma Buenos Aires;6767.74;
Chevrolet;Spin;2017;165000;Vicente Lopez;Buenos Aires (A.M.B.A.);13800.0;
Volkswagen;Suran;2010;156000;Villa Del Parque;Ciudad Autónoma Buenos Aires;7700.0;
Chery;Tiggo 3;2017;93000;Vicente Lopez;Buenos Aires (A.M.B.A.);14800.0;
Peugeot;Partner Patagónica;2014;180000;San Luis;San Luis;12000.0;
Toyota;Etios Sedán;2015;140000;Córdoba;Córdoba;8064.52;
Ford;Ranger;2017;110000;Tigre;Buenos Aires (A.M.B.A.);15806.45;
Peugeot;207 Compact;2010;144000;La Plata;Buenos Aires;5805.81;
Ford;Fiesta Kinetic;2014;135000;Vicente Lopez;Buenos Aires (A.M.B.A.);11800.0;
FIAT;Strada Adventure;2011;166000;Posadas;Misiones;7419.35;
Volkswagen;up!;2015;152000;Luján;Buenos Aires;11000.0;
Ford;Ranger;2006;239500;Quilmes;Buenos Aires (A.M.B.A.);11483.87;
Ford;Ranger;2023;30000;Almagro;Ciudad Autónoma Buenos Aires;25096.77;
Renault;Clio Mío;2014;240000;Moreno;Buenos Aires (A.M.B.A.);5806.45;
FIAT;Cronos;2022;92000;Córdoba;Córdoba;13870.97;
Volkswagen;Amarok;2020;77000;Córdoba;Córdoba;25161.29;
Ford;Ka;2013;168000;Trenque Lauquen;Buenos Aires;5806.45;
Volkswagen;Voyage;2015;175000;Villa Urquiza;Ciudad Autónoma Buenos Aires;9354.84;
FIAT;Cronos;2023;25100;Versalles;Ciudad Autónoma Buenos Aires;13541.94;
Peugeot;Partner;2016;205000;Nueva Pompeya;Ciudad Autónoma Buenos Aires;9032.26;
Volkswagen;up!;2014;150667;Escobar;Buenos Aires (A.M.B.A.);7419.35;
Suzuki;Fun;2008;137000;Guaymallén;Mendoza;5161.29;
Toyota;Etios Hatchback;2018;44700;Palermo;Ciudad Autónoma Buenos Aires;13870.97;
Volkswagen;Gol;2007;168000;Temperley;Buenos Aires (A.M.B.A.);4516.13;
Renault;Sandero Stepway;2018;98000;San Luis;San Luis;10322.58;
FIAT;Bravo;2012;91000;Córdoba;Córdoba;12500.0;
Toyota;Etios Sedán;2019;108000;Posadas;Misiones;12580.65;
Mitsubishi;Montero;2000;395000;Anisacate;Córdoba;13000.0;
Volkswagen;Fox;2010;166000;Federacion;Entre Ríos;7419.35;
FIAT;Siena;2014;168000;Río Cuarto;Córdoba;7096.77;
Volkswagen;Fox;2016;94000;Córdoba;Córdoba;10000.0;
Chevrolet;Onix Joy;2021;69900;Turdera;Buenos Aires (A.M.B.A.);11935.48;
Peugeot;208;2022;36000;Flores;Ciudad Autónoma Buenos Aires;15483.87;
Chevrolet;Cruze;2016;100200;Ringuelet;Buenos Aires;11612.9;
Volkswagen;Suran;2016;169000;Vicente Lopez;Buenos Aires (A.M.B.A.);12800.0;
FIAT;Argo;2018;107000;Lujan de Cuyo;Mendoza;9354.84;
Hyundai;Genesis Coupé;2010;114000;Alcorta;Santa Fe;18000.0;
Volkswagen;up!;2018;78000;Córdoba;Córdoba;10709.68;
Citroën;C4 Spacetourer;2018;78000;San Fernando;Buenos Aires (A.M.B.A.);19000.0;
Ford;Ka;2017;122300;San Miguel de Tucumán;Tucumán;9677.42;
Toyota;Etios Hatchback;2023;45600;Balcarce;Buenos Aires;15483.87;
Renault;Clio Mío;2014;87500;Neuquén;Neuquén;7419.35;
Peugeot;207 Compact;2016;150000;Godoy Cruz;Mendoza;7741.94;
Mercedes;Clase B;2012;133000;Parque Chacabuco;Ciudad Autónoma Buenos Aires;10500.0;
Volkswagen;Amarok;2023;11600;Comodoro Rivadavia;Chubut;31000.0;
Peugeot;2008;2023;43000;Caballito;Ciudad Autónoma Buenos Aires;9677.42;
Nissan;March;2015;110000;Palermo;Ciudad Autónoma Buenos Aires;9677.42;
Ford;Focus Exe;2010;230000;Ciudad De San Martin;Mendoza;6322.58;
FIAT;Palio Fire;2016;89000;Monte Castro;Ciudad Autónoma Buenos Aires;9900.0;
Volkswagen;Tiguan;2019;100177;San Francisco;Córdoba;23806.45;
Volkswagen;Voyage;2014;145300;La Paternal;Ciudad Autónoma Buenos Aires;8064.52;
Toyota;Hilux;2017;130000;Resistencia;Chaco;19032.26;
Volkswagen;Gol Trend;2015;98000;Santa Fe;Santa Fe;10000.0;
Peugeot;Partner;2023;51500;Aimogasta;La Rioja;14838.71;
Ford;Ka +;2019;76000;Rosario;Santa Fe;10967.73;
Volkswagen;Amarok;2016;175000;Lago Puelo;Chubut;27000.0;
Volkswagen;Suran;2012;16000;Chilecito;La Rioja;7419.35;
BMW;Serie 3 Sedán;2010;169000;Carrodilla;Mendoza;10838.71;
Peugeot;207 Compact;2013;90000;San Miguel de Tucumán;Tucumán;6451.61;
Ford;EcoSport;2017;126000;Neuquén;Neuquén;12064.52;
Peugeot;207 Compact;2012;239000;Guaymallén;Mendoza;5935.48;
FIAT;Siena;2015;130700;Santa Fe;Santa Fe;7548.39;
Volkswagen;Amarok;2023;30000;Tortuguitas;Buenos Aires (A.M.B.A.);38000.0;
Ford;EcoSport;2019;122000;Bahía Blanca;Buenos Aires;14838.71;
Suzuki;Fun;2007;187000;Córdoba;Córdoba;4387.1;
Jeep;Grand Cherokee;2017;156000;San Antonio De Areco;Buenos Aires;38500.0;
Ford;Focus Exe;2012;215000;Santa Fe;Santa Fe;7096.77;
FIAT;Palio;2017;100000;Mataderos;Ciudad Autónoma Buenos Aires;7096.77;
Ford;Ranger;2023;70000;Guaymallén;Mendoza;27096.77;
Chevrolet;Classic;2010;202000;Mendoza;Mendoza;5483.87;
BMW;Serie 1;2016;88000;Mendoza;Mendoza;24200.0;
Renault;Clio;2009;155000;Maipu;Mendoza;5806.45;
Peugeot;2008;2017;124000;Rio Grande;Tierra del Fuego;10322.58;
Toyota;Hilux;2015;145000;San Nicolás de los Arroyos;Buenos Aires;25000.0;
Ford;Fiesta Kinetic;2017;81000;Crespo;Entre Ríos;10838.71;
FIAT;Strada Adventure;2017;230000;Candelaria;Misiones;9354.84;
Renault;Logan;2013;170000;Chacarita;Ciudad Autónoma Buenos Aires;5741.94;
Volkswagen;Suran;2018;67004;Flores;Ciudad Autónoma Buenos Aires;10322.58;
Ford;Ka;2017;93000;Córdoba;Córdoba;11289.68;
Renault;Clio;2012;240000;Alta Gracia;Córdoba;6451.61;
Chevrolet;Prisma Joy;2018;124000;Bahía Blanca;Buenos Aires;10000.0;
FIAT;Strada;2004;250000;Moreno;Buenos Aires (A.M.B.A.);3354.84;
Toyota;Hilux;2013;192000;Achiras;Córdoba;19032.26;
Volkswagen;Polo;2017;106000;San Francisco;Córdoba;10451.61;
Ford;EcoSport;2014;172000;Resistencia;Chaco;9032.26;
Audi;A1 Sportback;2013;120000;Córdoba;Córdoba;15500.0;
Volkswagen;Suran;2017;58700;Goya;Corrientes;11354.84;
Peugeot;Partner Patagónica;2015;233999;San Luis;San Luis;9354.84;
Peugeot;207 Compact;2013;149000;Presidente Derqui;Buenos Aires (A.M.B.A.);5741.94;
Volkswagen;Amarok;2016;169000;San Antonio De Areco;Buenos Aires;20000.0;
Chevrolet;Cruze;2019;75000;Mendoza;Mendoza;13225.81;
Chevrolet;Classic;2015;150000;Flores;Ciudad Autónoma Buenos Aires;6129.03;
Ford;EcoSport;2012;140000;Rio Gallegos;Santa Cruz;7096.77;
Citroën;C4 Lounge;2014;168000;Neuquén;Neuquén;7741.94;
Renault;Clio;2010;255000;General Fernández Oro;Río Negro;4838.71;
Volkswagen;Amarok;2024;10000;Córdoba;Córdoba;26451.61;
Volkswagen;Bora;2011;231000;Castelar;Buenos Aires (A.M.B.A.);8000.0;
Peugeot;2008;2018;92000;Quilmes;Buenos Aires (A.M.B.A.);10967.74;
Volkswagen;Amarok;2019;127100;Bahía Blanca;Buenos Aires;23400.0;
Audi;A3 Sedán;2017;97000;Posadas;Misiones;25000.0;
Peugeot;207 Compact;2010;121000;Ensenada;Buenos Aires;6000.0;
Renault;Master;2008;400000;Las Heras;Mendoza;10967.74;
Renault;Clio;2009;150000;Maipu;Mendoza;5806.45;
Chery;Tiggo 3;2018;105000;San Lorenzo;Santa Fe;10645.16;
Peugeot;Partner;2004;260000;San Luis;San Luis;5677.42;
Volkswagen;Fox;2017;83900;Eldorado;Misiones;10322.58;
Ford;EcoSport;2017;136000;Barracas;Ciudad Autónoma Buenos Aires;11900.0;
Renault;Kangoo;2012;191000;Pehuajó;Buenos Aires;6322.58;
Peugeot;308;2014;56000;Florencio Varela;Buenos Aires (A.M.B.A.);12000.0;
Renault;Duster Oroch;2016;96500;Castelar;Buenos Aires (A.M.B.A.);12580.65;
FIAT;Idea;2015;82300;Córdoba;Córdoba;7741.94;
Volkswagen;Amarok;2017;173000;Córdoba;Córdoba;21225.16;
FIAT;Linea;2011;180000;Córdoba;Córdoba;9000.0;
Ford;Ranger;2018;110000;Rosario;Santa Fe;14516.13;
Peugeot;208;2022;35000;Berisso;Buenos Aires;12580.65;
Ford;Escort;1997;230000;Luján;Buenos Aires;1935.48;
Volkswagen;up!;2017;105000;Salta;Salta;9677.42;
Ford;Focus;2013;200314;Monte Grande;Buenos Aires (A.M.B.A.);13000.0;
Toyota;SW4;2019;170000;San Francisco;Córdoba;34838.71;
Ford;Focus;2017;123000;Neuquén;Neuquén;12258.06;
Renault;Clio Mío;2013;120000;Pilar;Buenos Aires (A.M.B.A.);6774.19;
Honda;HR-V;2020;154100;Parana;Entre Ríos;20000.0;
Ford;EcoSport;2016;82000;Flores;Ciudad Autónoma Buenos Aires;11000.0;
Peugeot;207 Compact;2014;68200;Dorrego;Mendoza;7354.84;
Chevrolet;Prisma;2019;150000;Santa Fe;Santa Fe;12000.0;
Peugeot;408;2015;91000;Pilar;Buenos Aires (A.M.B.A.);8967.74;
Peugeot;207 Compact;2012;198000;Quilmes;Buenos Aires (A.M.B.A.);5741.94;
Volkswagen;Voyage;2009;22000;Temperley;Buenos Aires (A.M.B.A.);5483.87;
Ford;EcoSport;2014;76000;Córdoba;Córdoba;10000.0;
Ford;EcoSport;2015;148000;Palermo;Ciudad Autónoma Buenos Aires;10645.16;
Toyota;Yaris;2017;144000;Achiras;Córdoba;12580.65;
FIAT;Cronos;2022;35000;Haedo;Buenos Aires (A.M.B.A.);14516.13;
FIAT;Cronos;2022;55000;Almagro;Ciudad Autónoma Buenos Aires;13548.39;
Peugeot;Boxer;2011;300000;Monte Grande;Buenos Aires (A.M.B.A.);20000.0;
Renault;Clio Mío;2014;98000;Vicente Lopez;Buenos Aires (A.M.B.A.);9000.0;
Volkswagen;Gol Trend;2017;74600;City Bell;Buenos Aires (A.M.B.A.);13000.0;
Chevrolet;Celta;2012;134000;Guaymallén;Mendoza;5032.26;
FIAT;Siena;2014;143000;Villa Urquiza;Ciudad Autónoma Buenos Aires;6500.0;
Ford;Ka;2017;30800;Colegiales;Ciudad Autónoma Buenos Aires;13900.0;
Volkswagen;Gol Trend;2015;155000;Maipu;Mendoza;8064.52;
Peugeot;207;2013;160000;Rio Gallegos;Santa Cruz;5161.29;
Ford;Territory;2025;969;Rosario;Santa Fe;39500.0;
Ford;Ka;2016;118000;La Tablada;Buenos Aires (A.M.B.A.);8387.1;
Chevrolet;Onix;2016;80000;San Martin;Buenos Aires (A.M.B.A.);10129.03;
Peugeot;208;2020;69000;Zapala;Neuquén;14838.71;
Renault;Duster;2014;250000;Darwin;Río Negro;9677.42;
Peugeot;2008;2018;73500;City Bell;Buenos Aires;11935.48;
Chevrolet;Onix;2018;100000;San Francisco;Córdoba;10322.58;
Jeep;Renegade;2021;57000;Colón;Entre Ríos;20000.0;
Ford;Focus;2012;139451;Agronomía;Ciudad Autónoma Buenos Aires;7735.48;
Citroën;C4 Lounge;2018;110000;Rosario;Santa Fe;10967.74;
Citroën;Berlingo Multispace;2018;113000;Villa Real;Ciudad Autónoma Buenos Aires;12903.23;
Toyota;Etios Hatchback;2020;74500;San Lorenzo;Santa Fe;16800.0;
Volkswagen;Voyage;2014;165000;Río Cuarto;Córdoba;7612.9;
Chevrolet;Celta;2013;107000;Córdoba;Córdoba;6000.0;
Honda;Civic;1994;243000;Berazategui Oeste;Buenos Aires (A.M.B.A.);7500.0;
Peugeot;308;2018;146000;1a. Seccion;Mendoza;10580.65;
Peugeot;208;2018;88000;Posadas;Misiones;9993.55;
Ford;Ranger;2014;400000;San Rafael;Mendoza;13225.81;
Peugeot;208;2013;118000;Martin Coronado;Buenos Aires (A.M.B.A.);13000.0;
Toyota;Corolla Cross Hybrid;2024;32300;Parana;Entre Ríos;34600.0;
Ford;Ka;2017;88000;San Miguel;Buenos Aires (A.M.B.A.);11500.0;
JAC;S7;2020;80000;Caballito;Ciudad Autónoma Buenos Aires;24000.0;
Chevrolet;Corsa;1999;120000;Bustinza;Santa Fe;2451.61;
Ford;Fiesta Kinetic;2011;150000;Río Cuarto;Córdoba;7741.94;
Volkswagen;Amarok;2024;40000;Liniers;Ciudad Autónoma Buenos Aires;32258.06;
FIAT;Grand Siena;2014;360000;Mataderos;Ciudad Autónoma Buenos Aires;5806.45;
Ford;Ranger;2020;102000;Chacarita;Ciudad Autónoma Buenos Aires;18903.23;
Toyota;Corolla;2016;104000;Santa Fe;Santa Fe;11612.9;
Chevrolet;Celta;2013;63500;Coghlan;Ciudad Autónoma Buenos Aires;8500.0;
FIAT;Uno;2015;230000;Villa Rumipal;Córdoba;6322.58;
Volkswagen;Bora;2009;238000;Córdoba;Córdoba;8321.94;
Citroën;C3;2010;161500;Córdoba;Córdoba;5225.81;
Nissan;Kicks;2018;110000;Palermo;Ciudad Autónoma Buenos Aires;15161.29;
Toyota;Corolla;2022;80000;Rio Grande;Tierra del Fuego;25000.0;
Toyota;Corolla;2020;60000;Río Cuarto;Córdoba;22580.65;
Ford;EcoSport;2009;134000;Villa Constitución;Santa Fe;7096.77;
Ford;Ka;2008;240000;General Rodrguez;Buenos Aires;6000.0;
Volkswagen;Amarok;2024;10200;Barranqueras;Chaco;32258.06;
Renault;Sandero;2013;128000;Córdoba;Córdoba;9612.26;
FIAT;Palio Weekend;2013;127000;Lanus;Buenos Aires (A.M.B.A.);7741.94;
Peugeot;208;2019;69000;Villa Urquiza;Ciudad Autónoma Buenos Aires;6451.61;
Ford;Focus;2017;117000;City Bell;Buenos Aires;15700.0;
Toyota;Yaris;2022;42890;La Consulta;Mendoza;16129.03;
Citroën;C3 Aircross;2013;135000;Banfield;Buenos Aires (A.M.B.A.);8064.52;
Toyota;Etios Hatchback;2017;64000;Resistencia;Chaco;11612.9;
Dodge;Journey;2012;235000;Parque Chacabuco;Ciudad Autónoma Buenos Aires;10000.0;
Peugeot;208;2018;71000;Olivos;Buenos Aires (A.M.B.A.);15300.0;
Peugeot;208;2021;27000;Caballito;Ciudad Autónoma Buenos Aires;7741.94;
