marca,km,provincia,precio_usd,carroceria,antiguedad
Chevrolet,73000,Buenos Aires (A.M.B.A.),6451.61,Hatchback,8
Chevrolet,102000,Ciudad Autónoma Buenos Aires,16129.03,Hatchback,3
Citroën,84000,Ciudad Autónoma Buenos Aires,10903.23,Minivan,9
Renault,84004,Ciudad Autónoma Buenos Aires,8322.58,Furgón,12
Volkswagen,20000,Ciudad Autónoma Buenos Aires,1290.32,Hatchback,6
Volkswagen,25000,Ciudad Autónoma Buenos Aires,2258.06,Hatchback,2
Renault,100000,Buenos Aires (A.M.B.A.),5335.48,Hatchback,8
Volkswagen,22000,Ciudad Autónoma Buenos Aires,3225.81,Hatchback,2
Peugeot,26000,Ciudad Autónoma Buenos Aires,10000.0,Hatchback,3
FIAT,95000,Ciudad Autónoma Buenos Aires,7741.94,Sedán,12
Ford,79000,Buenos Aires (A.M.B.A.),11935.48,SUV,10
Chevrolet,135000,Buenos Aires (A.M.B.A.),7741.94,Hatchback,13
Toyota,3000,Ciudad Autónoma Buenos Aires,30500.0,SUV,0
Ford,10000,Santa Fe,31612.9,SUV,1
Toyota,92000,Córdoba,13548.39,SUV,5
Toyota,92000,Ciudad Autónoma Buenos Aires,13870.97,SUV,15
FIAT,95000,Buenos Aires,13548.39,Pickup,9
Ford,101000,Buenos Aires (A.M.B.A.),11935.48,SUV,8
Citroën,47000,Córdoba,7741.94,SUV,5
Toyota,116000,Ciudad Autónoma Buenos Aires,9677.42,Sedán,13
Ford,95000,Buenos Aires (A.M.B.A.),6291.94,SUV,12
Toyota,118000,Córdoba,18064.52,Pickup,3
Renault,147000,Santa Fe,3870.97,Hatchback,11
Peugeot,2000,Ciudad Autónoma Buenos Aires,5161.29,SUV,1
Citroën,200000,Santa Fe,1935.48,Minivan,21
FIAT,49500,Buenos Aires (A.M.B.A.),10000.0,Hatchback,7
Chevrolet,20000,Ciudad Autónoma Buenos Aires,1935.48,Hatchback,2
Ford,240000,Ciudad Autónoma Buenos Aires,9000.0,Sedán,12
FIAT,104000,Córdoba,4838.71,Sedán,11
Chery,163200,Buenos Aires,9500.0,SUV,11
Volkswagen,150000,Buenos Aires (A.M.B.A.),5483.87,Sedán,11
Volkswagen,22500,Ciudad Autónoma Buenos Aires,1935.48,SUV,2
Chevrolet,955000,Buenos Aires (A.M.B.A.),7096.77,Sedán,3
Ford,270000,Santa Fe,5483.87,Pickup,14
Renault,44000,Córdoba,14193.55,SUV,9
Peugeot,15000,Ciudad Autónoma Buenos Aires,5806.45,SUV,1
Toyota,310000,Buenos Aires (A.M.B.A.),27000.0,SUV,13
Peugeot,870000,Buenos Aires (A.M.B.A.),4838.71,Hatchback,8
Toyota,80000,Mendoza,35000.0,Pickup,8
Peugeot,10000,Ciudad Autónoma Buenos Aires,6451.61,Furgón,0
Ford,132000,Ciudad Autónoma Buenos Aires,8935.48,Hatchback,9
Chevrolet,1399,Ciudad Autónoma Buenos Aires,1935.48,Pickup,1
Peugeot,68000,Buenos Aires,6451.61,Hatchback,14
Volkswagen,2000,Ciudad Autónoma Buenos Aires,1935.48,SUV,0
Honda,89000,Chaco,7741.94,Sedán,18
Volkswagen,74000,Ciudad Autónoma Buenos Aires,9500.0,Hatchback,11
Renault,140000,Córdoba,4516.13,SUV,14
Renault,112000,Córdoba,5096.77,Hatchback,11
Toyota,91700,Buenos Aires,33500.0,SUV,7
Chevrolet,55000,Ciudad Autónoma Buenos Aires,18387.1,SUV,6
Volkswagen,17500,Ciudad Autónoma Buenos Aires,3016.13,SUV,2
Volkswagen,22500,Ciudad Autónoma Buenos Aires,1935.48,Hatchback,2
Peugeot,31000,Ciudad Autónoma Buenos Aires,6451.61,Hatchback,4
Toyota,142000,Córdoba,17419.35,Sedán,7
FIAT,15000,Ciudad Autónoma Buenos Aires,1935.48,Pickup,2
Ford,68000,Salta,28258.06,Pickup,5
Volkswagen,25000,Ciudad Autónoma Buenos Aires,4838.71,SUV,2
Chevrolet,67000,Ciudad Autónoma Buenos Aires,10903.23,Hatchback,7
Volkswagen,22500,Ciudad Autónoma Buenos Aires,2580.64,Hatchback,2
Chevrolet,102000,Buenos Aires (A.M.B.A.),5000.0,Hatchback,17
Volkswagen,17500,Ciudad Autónoma Buenos Aires,2580.64,Hatchback,2
Peugeot,15000,Ciudad Autónoma Buenos Aires,36900.0,SUV,2
Peugeot,75000,Ciudad Autónoma Buenos Aires,10800.0,Hatchback,11
DFSK,15000,Buenos Aires,20000.0,SUV,1
FIAT,84000,Ciudad Autónoma Buenos Aires,8709.68,Minivan,9
Ford,40000,Buenos Aires (A.M.B.A.),27000.0,Pickup,4
Peugeot,59000,Buenos Aires,20516.13,SUV,2
Renault,130000,Buenos Aires,7612.9,SUV,14
Peugeot,119000,Córdoba,8967.74,Hatchback,9
Ford,59000,Mendoza,12645.16,Hatchback,7
Hyundai,110000,Chaco,7419.35,Hatchback,12
Nissan,110000,Ciudad Autónoma Buenos Aires,8967.74,Hatchback,10
Volkswagen,19500,Ciudad Autónoma Buenos Aires,2258.06,SUV,2
Honda,79200,Chaco,15483.87,SUV,8
Renault,160000,Buenos Aires (A.M.B.A.),13000.0,SUV,10
Peugeot,156000,Buenos Aires (A.M.B.A.),8000.0,Hatchback,14
Hyundai,101000,Río Negro,15483.87,SUV,8
Volkswagen,20000,Ciudad Autónoma Buenos Aires,2322.58,Hatchback,2
Volkswagen,94000,Ciudad Autónoma Buenos Aires,5741.94,Hatchback,13
Renault,105000,Mendoza,6967.74,Hatchback,11
Volkswagen,77000,Mendoza,8774.19,Sedán,10
BMW,113000,Ciudad Autónoma Buenos Aires,30900.0,SUV,10
Renault,6794,Buenos Aires (A.M.B.A.),13161.29,Hatchback,1
Volkswagen,17500,Ciudad Autónoma Buenos Aires,3225.81,SUV,2
Ford,125000,Río Negro,13096.77,Hatchback,8
Renault,166000,Ciudad Autónoma Buenos Aires,9677.42,SUV,11
FIAT,7000,Ciudad Autónoma Buenos Aires,4516.13,Pickup,2
Volkswagen,17500,Ciudad Autónoma Buenos Aires,4516.13,SUV,2
Volkswagen,66000,Ciudad Autónoma Buenos Aires,1935.48,Hatchback,6
Renault,500000,Santa Fe,1612.9,Clásico,33
Chevrolet,4500,Ciudad Autónoma Buenos Aires,8387.1,SUV,1
Renault,120000,Córdoba,8709.68,Hatchback,7
Toyota,240000,Santa Fe,7741.94,Pickup,27
Toyota,178000,Ciudad Autónoma Buenos Aires,16903.23,SUV,12
Volkswagen,20000,Ciudad Autónoma Buenos Aires,5806.45,Pickup,2
Toyota,260000,Mendoza,16774.19,SUV,13
Volkswagen,20000,Ciudad Autónoma Buenos Aires,3225.81,SUV,2
Nissan,131000,Córdoba,14838.71,SUV,6
Citroën,14700,Buenos Aires (A.M.B.A.),14000.0,Hatchback,3
Volkswagen,40000,Ciudad Autónoma Buenos Aires,3225.81,Pickup,2
Nissan,156000,Mendoza,19354.84,Pickup,4
Citroën,103000,Buenos Aires (A.M.B.A.),10967.74,SUV,9
Volkswagen,18000,Ciudad Autónoma Buenos Aires,5806.45,Pickup,2
Volkswagen,40000,Ciudad Autónoma Buenos Aires,4516.13,Pickup,2
Peugeot,20000,Ciudad Autónoma Buenos Aires,3225.81,Furgón,2
Volkswagen,20000,Ciudad Autónoma Buenos Aires,3225.81,Pickup,2
Volkswagen,45000,Ciudad Autónoma Buenos Aires,3225.81,Pickup,2
Ford,128650,Buenos Aires (A.M.B.A.),6774.19,SUV,15
Citroën,99000,Santa Fe,11612.9,SUV,7
Toyota,75000,Buenos Aires (A.M.B.A.),11935.48,Hatchback,2
Volkswagen,25000,Ciudad Autónoma Buenos Aires,3225.81,SUV,2
Ford,84000,Buenos Aires (A.M.B.A.),6451.61,Hatchback,15
Volkswagen,17000,Ciudad Autónoma Buenos Aires,4516.13,SUV,2
Chevrolet,130000,Buenos Aires,4516.13,Hatchback,19
Peugeot,81000,Ciudad Autónoma Buenos Aires,5806.45,Furgón,11
Volkswagen,65000,Ciudad Autónoma Buenos Aires,9677.42,Pickup,2
Volkswagen,16500,Ciudad Autónoma Buenos Aires,3225.81,Pickup,2
Volkswagen,12000,Ciudad Autónoma Buenos Aires,2580.64,Pickup,2
Chevrolet,138000,Córdoba,8967.74,Sedán,14
Volkswagen,15000,Ciudad Autónoma Buenos Aires,3225.81,Pickup,2
Peugeot,18000,Ciudad Autónoma Buenos Aires,1935.48,Furgón,2
Volkswagen,20000,Ciudad Autónoma Buenos Aires,3225.81,Hatchback,2
Volkswagen,16000,Ciudad Autónoma Buenos Aires,1935.48,Hatchback,2
Volkswagen,25000,Ciudad Autónoma Buenos Aires,2258.06,Hatchback,2
Mercedes,88800,Corrientes,15483.87,Sedán,12
Volkswagen,89000,Misiones,8516.13,Hatchback,9
Volkswagen,21500,Ciudad Autónoma Buenos Aires,7741.93,Pickup,2
FIAT,129000,Buenos Aires (A.M.B.A.),13700.0,Pickup,8
Volkswagen,25000,Ciudad Autónoma Buenos Aires,3548.39,SUV,2
Peugeot,175500,Buenos Aires (A.M.B.A.),6500.0,Hatchback,21
Volkswagen,30000,Ciudad Autónoma Buenos Aires,3870.97,Pickup,2
Volkswagen,17500,Ciudad Autónoma Buenos Aires,4193.55,SUV,2
Volkswagen,20000,Ciudad Autónoma Buenos Aires,5161.29,SUV,2
Volkswagen,30000,Ciudad Autónoma Buenos Aires,3225.81,SUV,2
Chevrolet,38000,Entre Ríos,15806.45,Hatchback,3
FIAT,25000,Ciudad Autónoma Buenos Aires,3225.81,Pickup,2
Ford,320000,Mendoza,4193.55,Clásico,45
Volkswagen,42000,Ciudad Autónoma Buenos Aires,1612.9,Hatchback,4
Toyota,38000,Buenos Aires,19032.26,Hatchback,1
Renault,168500,Buenos Aires,4193.55,Hatchback,27
Toyota,81000,Mendoza,15161.29,Hatchback,4
Toyota,157000,Córdoba,8500.0,Hatchback,10
Volkswagen,237000,Buenos Aires,16129.03,Pickup,6
Volkswagen,20000,Ciudad Autónoma Buenos Aires,2258.06,Pickup,2
Honda,120000,Buenos Aires (A.M.B.A.),2300.0,Sedán,8
Renault,60000,Salta,17419.35,Pickup,7
Volkswagen,25000,Ciudad Autónoma Buenos Aires,4516.13,Hatchback,2
Renault,338000,Buenos Aires (A.M.B.A.),14709.68,Furgón,15
Volkswagen,25000,Ciudad Autónoma Buenos Aires,3225.81,Pickup,2
FIAT,153000,Buenos Aires (A.M.B.A.),6967.74,Hatchback,9
Volkswagen,134000,Buenos Aires (A.M.B.A.),17000.0,Clásico,9
Volkswagen,20000,Ciudad Autónoma Buenos Aires,1935.48,Pickup,2
Renault,300000,Buenos Aires,7000.0,Sedán,14
Volkswagen,20000,Ciudad Autónoma Buenos Aires,7741.93,Pickup,2
KIA,145000,Buenos Aires,16000.0,Camión,18
Volkswagen,23500,Ciudad Autónoma Buenos Aires,3225.81,Pickup,2
Renault,45000,Ciudad Autónoma Buenos Aires,3225.81,SUV,4
FIAT,25700,Ciudad Autónoma Buenos Aires,14838.71,Sedán,3
Volkswagen,35000,Ciudad Autónoma Buenos Aires,3225.81,Hatchback,3
Volkswagen,24999,Ciudad Autónoma Buenos Aires,4516.13,Pickup,2
Toyota,38000,Córdoba,50322.58,SUV,2
Volkswagen,24000,Ciudad Autónoma Buenos Aires,2580.64,Hatchback,2
Volkswagen,76400,Ciudad Autónoma Buenos Aires,22516.13,SUV,5
Volkswagen,25000,Ciudad Autónoma Buenos Aires,6451.61,Pickup,2
Nissan,78000,Buenos Aires,10967.74,Hatchback,7
Volkswagen,20999,Ciudad Autónoma Buenos Aires,2903.23,Pickup,2
Renault,112000,Córdoba,12838.71,SUV,8
Peugeot,50000,Buenos Aires,16774.19,Hatchback,1
Volkswagen,20000,Ciudad Autónoma Buenos Aires,3548.39,Pickup,2
Renault,104000,Córdoba,5806.45,Sedán,10
Suzuki,245000,Córdoba,10200.0,SUV,34
Citroën,117000,Buenos Aires,8387.1,Hatchback,13
FIAT,170000,Buenos Aires (A.M.B.A.),6709.68,Furgón,12
Nissan,60000,Buenos Aires (A.M.B.A.),23870.97,Pickup,2
Volkswagen,2024,Ciudad Autónoma Buenos Aires,3225.81,Pickup,2
BAIC,33000,Buenos Aires,19354.84,SUV,3
Volkswagen,80000,Ciudad Autónoma Buenos Aires,3870.97,Pickup,2
Chery,110538,Buenos Aires (A.M.B.A.),7741.94,SUV,13
Peugeot,20000,Ciudad Autónoma Buenos Aires,3870.97,SUV,2
Volkswagen,60000,Ciudad Autónoma Buenos Aires,4516.13,Pickup,2
Volkswagen,61000,Buenos Aires (A.M.B.A.),26129.03,Pickup,2
Chevrolet,43000,Buenos Aires (A.M.B.A.),14838.71,Hatchback,6
Toyota,79500,Buenos Aires (A.M.B.A.),20000.0,Sedán,4
Volkswagen,87000,Corrientes,6129.03,Hatchback,14
Toyota,75000,Córdoba,28064.52,SUV,4
Citroën,187000,Santa Fe,6129.03,Hatchback,12
Honda,228000,Ciudad Autónoma Buenos Aires,4967.74,Hatchback,20
Volkswagen,20000,Ciudad Autónoma Buenos Aires,4516.13,Pickup,2
Volkswagen,144000,Buenos Aires (A.M.B.A.),7645.16,Hatchback,28
Volkswagen,23500,Ciudad Autónoma Buenos Aires,3225.81,Pickup,2
Volkswagen,187000,Santa Fe,6064.52,Minivan,17
DS,48500,Ciudad Autónoma Buenos Aires,29800.0,SUV,3
Nissan,73000,Córdoba,29677.42,Pickup,3
Toyota,175000,Buenos Aires (A.M.B.A.),12500.0,SUV,16
Chevrolet,218000,Buenos Aires (A.M.B.A.),7806.45,Sedán,11
Chevrolet,175000,Buenos Aires (A.M.B.A.),6451.61,Pickup,15
Volkswagen,187000,Santa Fe,8709.68,Sedán,13
Ford,178000,Buenos Aires (A.M.B.A.),5935.48,Sedán,16
Volkswagen,136000,Santa Fe,10129.03,Hatchback,9
Toyota,87200,Buenos Aires (A.M.B.A.),16645.16,Sedán,2
Honda,79000,Buenos Aires,25000.0,SUV,2
Citroën,187000,Santa Fe,5935.48,Hatchback,12
Toyota,22500,Buenos Aires,48387.1,Pickup,1
FIAT,200400,Ciudad Autónoma Buenos Aires,7741.94,Pickup,9
Peugeot,40000,Ciudad Autónoma Buenos Aires,15200.0,Hatchback,7
Chevrolet,73000,Buenos Aires (A.M.B.A.),10967.74,Hatchback,8
Nissan,86000,Ciudad Autónoma Buenos Aires,10000.0,Sedán,10
Volkswagen,93000,Buenos Aires,10322.58,Hatchback,8
Ford,90000,Buenos Aires (A.M.B.A.),19300.0,Pickup,4
Nissan,109000,Ciudad Autónoma Buenos Aires,15000.0,SUV,6
Volkswagen,17000,Ciudad Autónoma Buenos Aires,5161.29,Pickup,2
Volkswagen,35600,Ciudad Autónoma Buenos Aires,28387.1,SUV,4
Peugeot,1,Ciudad Autónoma Buenos Aires,23548.39,SUV,0
Citroën,160000,Buenos Aires (A.M.B.A.),10500.0,Sedán,11
Toyota,109000,Ciudad Autónoma Buenos Aires,14000.0,Hatchback,10
Ford,66500,Ciudad Autónoma Buenos Aires,10903.23,Hatchback,9
Ford,147000,Buenos Aires (A.M.B.A.),4193.55,Hatchback,20
Volkswagen,241000,Santa Fe,20500.0,Pickup,10
FIAT,200000,Córdoba,6774.19,Hatchback,12
Peugeot,21000,Buenos Aires,7741.94,Hatchback,3
Chevrolet,89000,Buenos Aires (A.M.B.A.),26000.0,SUV,6
Renault,21500,Córdoba,14516.13,SUV,5
Toyota,200000,Santa Fe,8387.1,Sedán,15
Mercedes,615000,Buenos Aires (A.M.B.A.),26000.0,Furgón,18
Chevrolet,94000,Tucumán,10000.0,SUV,11
Toyota,33000,Ciudad Autónoma Buenos Aires,22000.0,Sedán,2
Peugeot,92000,Santa Fe,10322.58,Sedán,10
Chery,1,Ciudad Autónoma Buenos Aires,29000.0,SUV,0
FIAT,193000,Buenos Aires (A.M.B.A.),5096.77,Sedán,16
Volkswagen,17500,Ciudad Autónoma Buenos Aires,1935.48,Hatchback,2
Volkswagen,50000,Ciudad Autónoma Buenos Aires,2258.06,Pickup,2
Peugeot,187000,Buenos Aires (A.M.B.A.),6451.61,Hatchback,16
Chevrolet,125000,Tucumán,11612.9,Sedán,8
BMW,108000,Misiones,12580.65,Sedán,16
Chevrolet,400000,Buenos Aires,16774.19,Hatchback,1
Volkswagen,190000,Buenos Aires,8387.1,Minivan,11
Honda,96000,Ciudad Autónoma Buenos Aires,11000.0,Hatchback,11
Volkswagen,69900,Ciudad Autónoma Buenos Aires,12451.61,Minivan,9
Ford,108000,Buenos Aires (A.M.B.A.),5290.32,Hatchback,16
Toyota,21100,Ciudad Autónoma Buenos Aires,18645.16,Hatchback,1
FIAT,38730,Buenos Aires,11612.9,Sedán,4
Peugeot,59000,Buenos Aires,5161.29,Hatchback,8
Ford,72000,Ciudad Autónoma Buenos Aires,12258.06,Hatchback,8
Citroën,148000,Tucumán,7096.77,Minivan,12
Renault,81000,Buenos Aires (A.M.B.A.),5161.29,Hatchback,13
Citroën,256012,Buenos Aires (A.M.B.A.),4516.13,Hatchback,19
Nissan,38900,Ciudad Autónoma Buenos Aires,17500.0,SUV,8
Volkswagen,202000,Buenos Aires (A.M.B.A.),5700.0,Pickup,17
Ford,99000,Córdoba,16129.03,Pickup,6
Peugeot,150000,Chaco,10000.0,Hatchback,8
Ford,87000,Ciudad Autónoma Buenos Aires,9548.39,Sedán,9
Peugeot,97000,Buenos Aires (A.M.B.A.),14516.13,SUV,6
Volkswagen,25000,Ciudad Autónoma Buenos Aires,5161.29,SUV,2
Volkswagen,14500,Ciudad Autónoma Buenos Aires,3225.81,SUV,2
smart,95000,Buenos Aires (A.M.B.A.),12800.0,Hatchback,13
Volkswagen,16500,Ciudad Autónoma Buenos Aires,27000.0,SUV,3
DS,70000,Ciudad Autónoma Buenos Aires,11548.39,Hatchback,9
Volkswagen,137000,Ciudad Autónoma Buenos Aires,11500.0,Minivan,11
Peugeot,54000,Ciudad Autónoma Buenos Aires,5548.39,Hatchback,7
Renault,148000,Ciudad Autónoma Buenos Aires,8000.0,Sedán,4
FIAT,38500,Santa Fe,13225.81,Sedán,5
Ford,270000,Mendoza,2774.19,Sedán,29
Chery,151400,Buenos Aires,8967.74,SUV,10
Volkswagen,158000,Buenos Aires (A.M.B.A.),18500.0,Pickup,11
Peugeot,59000,Ciudad Autónoma Buenos Aires,4774.19,Hatchback,7
Chevrolet,58000,Ciudad Autónoma Buenos Aires,7735.48,Hatchback,13
Hyundai,22600,Ciudad Autónoma Buenos Aires,21000.0,SUV,4
Peugeot,267000,Ciudad Autónoma Buenos Aires,6451.61,Furgón,14
FIAT,14300,Buenos Aires (A.M.B.A.),18064.52,Sedán,1
BMW,51000,Ciudad Autónoma Buenos Aires,31000.0,Sedán,9
FIAT,197000,Santa Fe,8258.06,Sedán,9
Peugeot,157000,Buenos Aires (A.M.B.A.),4903.23,Hatchback,13
Honda,150000,Santa Fe,10645.16,Sedán,14
Volkswagen,25000,Ciudad Autónoma Buenos Aires,3870.97,Hatchback,2
Toyota,4000,Ciudad Autónoma Buenos Aires,17419.35,Sedán,3
Mercedes,180000,Buenos Aires (A.M.B.A.),23000.0,Furgón,10
Jeep,95000,Ciudad Autónoma Buenos Aires,21900.0,SUV,13
Mercedes,32000,Ciudad Autónoma Buenos Aires,76900.0,Cabriolet,6
Peugeot,110000,Chaco,9677.42,SUV,9
Renault,170000,Buenos Aires,11290.32,SUV,11
Ford,280000,Buenos Aires (A.M.B.A.),4161.29,Hatchback,19
Peugeot,150000,Mendoza,3419.35,Hatchback,29
FIAT,58500,Mendoza,12903.23,Sedán,5
Nissan,200000,Córdoba,14193.55,SUV,13
Peugeot,93000,Ciudad Autónoma Buenos Aires,10645.16,Hatchback,10
Toyota,102000,Corrientes,13870.97,Sedán,11
Ford,47000,Ciudad Autónoma Buenos Aires,14193.55,SUV,8
Peugeot,62000,Córdoba,17419.35,SUV,3
Volkswagen,7000,Ciudad Autónoma Buenos Aires,3225.81,SUV,2
Renault,85000,Ciudad Autónoma Buenos Aires,5483.87,Hatchback,15
Renault,176000,Buenos Aires (A.M.B.A.),7741.94,Sedán,9
Ford,132500,Buenos Aires (A.M.B.A.),3225.81,Pickup,3
Chevrolet,39000,Ciudad Autónoma Buenos Aires,20000.0,SUV,2
Toyota,44000,Tucumán,20000.0,Sedán,3
Audi,122000,Ciudad Autónoma Buenos Aires,20500.0,Hatchback,9
Citroën,1,Ciudad Autónoma Buenos Aires,17419.35,SUV,0
Mercedes,150000,Buenos Aires (A.M.B.A.),20500.0,Minivan,16
Renault,190000,Buenos Aires (A.M.B.A.),9032.26,Furgón,11
Toyota,161000,Ciudad Autónoma Buenos Aires,36900.0,SUV,5
Citroën,217000,Misiones,8387.1,Furgón,11
FIAT,82000,Buenos Aires,12903.23,Sedán,5
Renault,200000,Ciudad Autónoma Buenos Aires,7096.77,Furgón,16
Honda,84000,Ciudad Autónoma Buenos Aires,35500.0,SUV,5
Dodge,120000,Buenos Aires (A.M.B.A.),12903.23,SUV,15
Ford,84000,Ciudad Autónoma Buenos Aires,10258.06,Hatchback,10
Nissan,39000,Córdoba,34193.55,SUV,2
Volkswagen,87000,Ciudad Autónoma Buenos Aires,21000.0,Hatchback,9
Peugeot,160000,Córdoba,10000.0,Furgón,10
Dodge,138000,Entre Ríos,7741.94,SUV,16
Nissan,20291,Buenos Aires,13000.0,Hatchback,9
Peugeot,82000,Buenos Aires (A.M.B.A.),5800.0,Hatchback,17
Suzuki,215000,Buenos Aires,3419.35,Hatchback,20
Toyota,105000,Córdoba,25677.42,Pickup,8
Renault,146000,Córdoba,8903.23,SUV,13
Chevrolet,105000,Buenos Aires,25741.94,Pickup,8
Volkswagen,12000,Ciudad Autónoma Buenos Aires,3870.97,SUV,2
Nissan,100000,Santa Fe,25741.94,Pickup,4
Renault,309000,Ciudad Autónoma Buenos Aires,7741.94,Sedán,8
Zanella,40000,Buenos Aires (A.M.B.A.),14500.0,Camión,2
Honda,183000,Ciudad Autónoma Buenos Aires,5990.0,Sedán,34
Toyota,13000,Buenos Aires (A.M.B.A.),25500.0,Pickup,1
Volkswagen,180000,Jujuy,16129.03,Pickup,9
FIAT,106000,Buenos Aires (A.M.B.A.),6774.19,Sedán,11
Chevrolet,88000,Misiones,15161.29,Sedán,5
Mercedes,74000,Santa Fe,29500.0,Sedán,6
Toyota,190000,Salta,10000.0,Sedán,13
Chevrolet,66000,Entre Ríos,10000.0,Sedán,6
Toyota,137000,Buenos Aires (A.M.B.A.),25096.77,Pickup,7
Chevrolet,91000,Buenos Aires,19677.42,Pickup,5
Toyota,137294,Córdoba,12258.06,Sedán,12
FIAT,54000,Ciudad Autónoma Buenos Aires,12838.71,Sedán,4
Ford,130000,Córdoba,4451.61,Hatchback,15
Volvo,171000,Ciudad Autónoma Buenos Aires,2580.65,Wagon,29
Mercedes,57108,Salta,21290.32,Cabriolet,13
Nissan,114000,Río Negro,20000.0,Pickup,10
Chevrolet,130000,Buenos Aires,6258.06,Sedán,14
Citroën,105000,Santa Fe,13548.39,SUV,5
Renault,120000,Santa Fe,6774.19,Hatchback,13
Peugeot,155000,Santa Fe,8387.1,Sedán,7
Peugeot,95000,Ciudad Autónoma Buenos Aires,11612.9,Hatchback,8
Renault,102000,Córdoba,10322.58,Sedán,7
Chevrolet,118000,Buenos Aires,27032.26,Pickup,7
Honda,180000,Ciudad Autónoma Buenos Aires,6800.0,Hatchback,18
Peugeot,28900,Buenos Aires (A.M.B.A.),19500.0,Hatchback,1
Volkswagen,93000,Ciudad Autónoma Buenos Aires,11290.32,Hatchback,10
FIAT,122000,Buenos Aires (A.M.B.A.),17900.0,Pickup,8
Peugeot,150000,Córdoba,11548.39,Hatchback,8
Volkswagen,115000,Buenos Aires (A.M.B.A.),7548.39,Hatchback,14
Foton,108000,Buenos Aires (A.M.B.A.),16000.0,Camión,5
Chevrolet,31000,Ciudad Autónoma Buenos Aires,20645.16,SUV,2
Renault,48500,Santa Fe,13548.39,SUV,9
Toyota,29400,Ciudad Autónoma Buenos Aires,23870.97,SUV,5
Chevrolet,72000,Ciudad Autónoma Buenos Aires,7806.45,Hatchback,15
Nissan,150000,Buenos Aires (A.M.B.A.),15161.29,SUV,7
Renault,146000,Santa Fe,11935.48,SUV,6
Volkswagen,61000,Formosa,20322.58,Pickup,4
Renault,133000,Mendoza,10322.58,Furgón,10
Citroën,86000,Córdoba,8064.52,SUV,7
Nissan,152500,Córdoba,19677.42,Pickup,6
Volkswagen,150000,Ciudad Autónoma Buenos Aires,7500.0,Hatchback,15
Ford,85000,Buenos Aires,23000.0,SUV,4
Volkswagen,15000,Ciudad Autónoma Buenos Aires,5161.29,SUV,2
Volkswagen,93000,Buenos Aires (A.M.B.A.),13800.0,Hatchback,7
Peugeot,37000,Ciudad Autónoma Buenos Aires,14838.71,Hatchback,5
Toyota,59000,Córdoba,30967.74,SUV,2
Chevrolet,124000,Ciudad Autónoma Buenos Aires,8064.52,Hatchback,10
Peugeot,294000,Buenos Aires (A.M.B.A.),3612.9,Furgón,23
Ford,170000,Buenos Aires (A.M.B.A.),10580.65,SUV,8
Ford,137600,Buenos Aires (A.M.B.A.),9900.0,Hatchback,12
Ford,75000,Córdoba,10500.0,Hatchback,8
Mercedes,254000,Buenos Aires (A.M.B.A.),20000.0,Furgón,11
Peugeot,143000,Córdoba,6774.19,Hatchback,13
Citroën,168450,Buenos Aires (A.M.B.A.),8000.0,SUV,15
Toyota,1000,Ciudad Autónoma Buenos Aires,32251.61,Sedán,0
FIAT,103000,Córdoba,7677.42,Hatchback,14
Volkswagen,17000,Ciudad Autónoma Buenos Aires,4516.13,SUV,2
Toyota,66200,Ciudad Autónoma Buenos Aires,16000.0,Sedán,9
Ford,164000,Córdoba,8064.52,SUV,14
Ford,86000,Buenos Aires (A.M.B.A.),10000.0,Hatchback,9
Volkswagen,45000,Entre Ríos,31290.32,Pickup,2
FIAT,373382,Córdoba,5677.42,Sedán,13
BAIC,1,Ciudad Autónoma Buenos Aires,34000.0,SUV,0
Volkswagen,67700,Entre Ríos,8709.68,Hatchback,12
Chery,1,Ciudad Autónoma Buenos Aires,29500.0,SUV,0
Renault,121300,Córdoba,14193.55,SUV,3
Chevrolet,74952,Córdoba,17419.35,SUV,3
Volkswagen,139000,Entre Ríos,9354.84,Hatchback,11
Volkswagen,25000,Ciudad Autónoma Buenos Aires,2258.06,SUV,2
Volkswagen,138000,Ciudad Autónoma Buenos Aires,6387.1,Minivan,14
Volkswagen,144200,Entre Ríos,14193.55,Hatchback,11
Peugeot,93000,Mendoza,7419.35,Hatchback,12
Peugeot,67000,Ciudad Autónoma Buenos Aires,10064.52,Sedán,8
Honda,120000,Entre Ríos,16129.03,SUV,9
Citroën,63303,Córdoba,12193.55,Hatchback,7
Ford,50000,Córdoba,11548.39,Hatchback,7
Toyota,106000,Buenos Aires,15500.0,Sedán,11
Toyota,157000,Córdoba,10000.0,Hatchback,10
Renault,116000,Ciudad Autónoma Buenos Aires,8064.52,Sedán,10
Volkswagen,177000,Buenos Aires (A.M.B.A.),4838.71,Hatchback,17
Volkswagen,7500,Buenos Aires,21935.48,Hatchback,2
Audi,131000,Misiones,16129.03,Sedán,13
Peugeot,29300,Buenos Aires (A.M.B.A.),14500.0,Hatchback,6
Volkswagen,21500,Ciudad Autónoma Buenos Aires,3225.81,SUV,2
Chevrolet,54000,Mendoza,18709.68,Sedán,4
Foton,40000,Buenos Aires (A.M.B.A.),17000.0,Camión,4
Volkswagen,87000,Ciudad Autónoma Buenos Aires,10300.0,Hatchback,8
Toyota,112000,Buenos Aires (A.M.B.A.),10967.74,Sedán,8
Toyota,7000,Ciudad Autónoma Buenos Aires,29000.0,Sedán,1
Zanella,40000,Buenos Aires (A.M.B.A.),13200.0,Camión,2
FIAT,20000,Ciudad Autónoma Buenos Aires,3225.81,Pickup,2
Peugeot,4000,Ciudad Autónoma Buenos Aires,7741.94,SUV,1
Mercedes,160000,Buenos Aires (A.M.B.A.),22500.0,Furgón,12
Chevrolet,60000,Córdoba,18580.65,SUV,2
Citroën,74000,Córdoba,14193.55,Sedán,6
Toyota,273000,Mendoza,15483.87,Pickup,13
Suzuki,158000,Buenos Aires (A.M.B.A.),7000.0,Hatchback,17
Volkswagen,13500,Ciudad Autónoma Buenos Aires,3225.81,SUV,2
Toyota,15300,Córdoba,30000.0,Sedán,1
Peugeot,71300,Mendoza,11806.45,Hatchback,9
Renault,110000,Mendoza,10322.58,Sedán,8
Toyota,18500,Córdoba,17500.0,Hatchback,8
Toyota,43353,Buenos Aires,26500.0,Sedán,4
Chevrolet,123000,Buenos Aires,9354.84,Hatchback,10
FIAT,32018,Córdoba,16129.03,Sedán,2
Dodge,132000,Ciudad Autónoma Buenos Aires,11900.0,SUV,13
Ford,158577,Córdoba,5483.87,Hatchback,16
FIAT,25000,Ciudad Autónoma Buenos Aires,5161.29,SUV,2
Volkswagen,35500,Ciudad Autónoma Buenos Aires,17500.0,Sedán,10
Jeep,91500,Buenos Aires,20000.0,SUV,7
Peugeot,73000,Ciudad Autónoma Buenos Aires,4516.13,Hatchback,7
Volkswagen,50000,Ciudad Autónoma Buenos Aires,1935.48,Hatchback,4
Volkswagen,125000,Buenos Aires,8516.13,Minivan,12
Renault,96411,Córdoba,12580.65,Hatchback,6
Suzuki,155000,Buenos Aires (A.M.B.A.),4193.55,Hatchback,18
Volkswagen,80000,Ciudad Autónoma Buenos Aires,17500.0,Hatchback,10
FIAT,245000,Santa Fe,8387.1,Wagon,12
Citroën,177544,Buenos Aires (A.M.B.A.),5300.0,Hatchback,17
Volkswagen,20000,Ciudad Autónoma Buenos Aires,2580.64,Hatchback,2
Renault,79700,Buenos Aires,9677.42,Sedán,8
BAIC,1,Ciudad Autónoma Buenos Aires,31000.0,SUV,0
Toyota,62300,Buenos Aires (A.M.B.A.),33500.0,Pickup,4
Ford,120000,Buenos Aires (A.M.B.A.),19806.45,Furgón,12
Peugeot,156300,Buenos Aires (A.M.B.A.),6680.0,Sedán,14
Ford,159800,Buenos Aires (A.M.B.A.),2903.23,Sedán,32
Ford,296000,Buenos Aires (A.M.B.A.),5900.0,SUV,16
RAM,45800,Buenos Aires (A.M.B.A.),59900.0,Pickup,2
Ford,26300,Ciudad Autónoma Buenos Aires,34129.03,SUV,1
Renault,107000,Córdoba,5483.87,Sedán,9
Ford,42000,Ciudad Autónoma Buenos Aires,11500.0,Hatchback,10
Volkswagen,90000,Buenos Aires (A.M.B.A.),11290.32,Hatchback,6
Citroën,278000,Mendoza,4193.55,Minivan,26
Toyota,138355,Buenos Aires (A.M.B.A.),7419.35,Sedán,11
Chevrolet,6000,Buenos Aires (A.M.B.A.),14000.0,Pickup,66
Chevrolet,152000,Ciudad Autónoma Buenos Aires,7677.42,Hatchback,11
Volkswagen,79000,Buenos Aires (A.M.B.A.),10322.58,Pickup,11
Toyota,105000,Ciudad Autónoma Buenos Aires,16129.03,Sedán,9
Nissan,135500,Buenos Aires,11200.0,Sedán,8
FIAT,17000,Ciudad Autónoma Buenos Aires,3225.81,SUV,2
Volkswagen,14500,Ciudad Autónoma Buenos Aires,3225.81,Hatchback,2
Volkswagen,12000,Ciudad Autónoma Buenos Aires,3225.81,Hatchback,2
Citroën,95000,Buenos Aires (A.M.B.A.),10903.23,SUV,9
Ford,114000,Buenos Aires (A.M.B.A.),10500.0,Hatchback,13
Ford,235000,Santa Fe,3032.26,Hatchback,29
Chevrolet,191000,Ciudad Autónoma Buenos Aires,4516.13,Hatchback,18
Renault,78253,Córdoba,20645.16,Pickup,4
Chevrolet,123559,Buenos Aires (A.M.B.A.),7290.32,Hatchback,13
Citroën,121000,Mendoza,9032.26,SUV,11
FIAT,20000,Ciudad Autónoma Buenos Aires,3870.97,Pickup,2
Renault,92500,Santa Fe,7677.42,Sedán,15
Citroën,200000,Buenos Aires,11612.9,Furgón,5
Peugeot,246000,Buenos Aires (A.M.B.A.),4516.13,Hatchback,20
FIAT,185000,Buenos Aires (A.M.B.A.),5806.45,Sedán,15
Volkswagen,19999,Ciudad Autónoma Buenos Aires,2580.64,SUV,2
Ford,2550,Ciudad Autónoma Buenos Aires,69000.0,Pickup,1
Volkswagen,195700,Buenos Aires,4838.71,SUV,18
Mercedes,90000,Mendoza,33500.0,Furgón,3
Volkswagen,153000,Neuquén,9677.42,Sedán,12
Jeep,98000,Buenos Aires (A.M.B.A.),18064.52,SUV,9
Volkswagen,20000,Ciudad Autónoma Buenos Aires,1935.48,SUV,2
Ford,150000,Buenos Aires (A.M.B.A.),16774.19,Sedán,10
Chevrolet,122000,Buenos Aires,14064.52,SUV,9
Chevrolet,119500,Córdoba,14000.0,SUV,8
Mitsubishi,260000,Tucumán,16129.03,Pickup,11
FIAT,140000,Ciudad Autónoma Buenos Aires,3225.81,Pickup,2
Toyota,16000,Buenos Aires,59000.0,SUV,1
Renault,135000,Buenos Aires (A.M.B.A.),7741.94,Furgón,9
Peugeot,15000,Ciudad Autónoma Buenos Aires,1935.48,Hatchback,2
Mercedes,21000,Ciudad Autónoma Buenos Aires,56000.0,SUV,1
FIAT,101000,Buenos Aires (A.M.B.A.),5806.45,Wagon,20
Volkswagen,66000,Salta,12258.06,Hatchback,7
Chevrolet,170000,Córdoba,13161.29,Sedán,4
Peugeot,41000,Buenos Aires,4193.55,Hatchback,5
Volkswagen,47200,Buenos Aires (A.M.B.A.),15500.0,Hatchback,2
FIAT,91000,Córdoba,16774.19,Pickup,5
FIAT,17500,Ciudad Autónoma Buenos Aires,2309.68,SUV,2
FIAT,22500,Ciudad Autónoma Buenos Aires,4516.13,SUV,2
Renault,92500,Mendoza,20193.55,Pickup,4
Toyota,368000,Mendoza,10645.16,Sedán,11
Nissan,124000,Buenos Aires,10645.16,Hatchback,8
Jeep,59000,Tucumán,12903.23,SUV,7
Peugeot,110000,Buenos Aires (A.M.B.A.),6064.52,Hatchback,16
Volkswagen,75500,Mendoza,12258.06,Hatchback,7
Ford,256000,Río Negro,5290.32,SUV,17
Toyota,36700,Salta,34193.55,Pickup,5
Volkswagen,30000,Ciudad Autónoma Buenos Aires,18000.0,Sedán,8
Citroën,149000,Ciudad Autónoma Buenos Aires,12251.61,SUV,7
Ford,52300,Tucumán,11612.9,Hatchback,6
Chevrolet,90000,Ciudad Autónoma Buenos Aires,7419.35,Hatchback,14
Chevrolet,138000,Buenos Aires,11290.32,Sedán,10
Ford,225000,Mendoza,3741.94,Hatchback,22
Citroën,80000,Buenos Aires (A.M.B.A.),11541.94,SUV,9
Honda,96000,Ciudad Autónoma Buenos Aires,18645.16,SUV,8
Peugeot,135000,Entre Ríos,8064.52,Hatchback,10
FIAT,44857,San Luis,21612.9,SUV,2
Volkswagen,210000,Buenos Aires (A.M.B.A.),17096.77,Pickup,13
Chevrolet,33000,Salta,20645.16,Hatchback,3
Renault,189000,Córdoba,12838.71,SUV,8
Volkswagen,23000,Ciudad Autónoma Buenos Aires,2258.06,Pickup,2
Ford,155000,Corrientes,6451.61,Hatchback,15
FIAT,89000,Córdoba,11548.39,Hatchback,8
Toyota,250000,Ciudad Autónoma Buenos Aires,4838.71,Sedán,28
Nissan,40000,Ciudad Autónoma Buenos Aires,24193.55,Pickup,5
Renault,75000,San Luis,11290.32,Hatchback,9
Volkswagen,86200,Mendoza,9354.84,Hatchback,10
Volkswagen,22500,Ciudad Autónoma Buenos Aires,4200.0,Pickup,2
KIA,163000,Ciudad Autónoma Buenos Aires,13500.0,SUV,13
Volkswagen,150000,Mendoza,9548.39,Sedán,10
Peugeot,166000,Buenos Aires (A.M.B.A.),4838.71,Hatchback,15
MINI,95000,Misiones,1290.32,Hatchback,22
FIAT,70000,Córdoba,1258.06,Sedán,4
Chevrolet,132000,Buenos Aires (A.M.B.A.),11290.32,Hatchback,6
Chevrolet,266000,Salta,16129.03,Pickup,8
Peugeot,17000,Ciudad Autónoma Buenos Aires,3225.81,SUV,2
Toyota,87000,Santa Fe,13870.97,Hatchback,4
FIAT,14500,Ciudad Autónoma Buenos Aires,3225.81,Pickup,2
FIAT,116000,Ciudad Autónoma Buenos Aires,10800.0,Hatchback,15
Citroën,80500,Santa Fe,12709.68,SUV,5
Citroën,140121,Buenos Aires (A.M.B.A.),10645.16,Hatchback,8
Chevrolet,100000,Corrientes,12387.1,Minivan,7
Volkswagen,175000,Buenos Aires (A.M.B.A.),17200.0,Pickup,11
Renault,73000,Buenos Aires (A.M.B.A.),13548.39,Furgón,5
Peugeot,38000,Ciudad Autónoma Buenos Aires,4645.16,Hatchback,5
Peugeot,1,Ciudad Autónoma Buenos Aires,31683.1,Furgón,0
Volkswagen,23500,Ciudad Autónoma Buenos Aires,3870.97,Pickup,2
Volkswagen,25000,Ciudad Autónoma Buenos Aires,2580.64,SUV,2
Toyota,360000,San Luis,20500.0,SUV,17
Ford,160000,Mendoza,9032.26,Hatchback,12
FIAT,23000,Buenos Aires (A.M.B.A.),16058.06,Hatchback,1
FIAT,138000,Córdoba,1064.52,Sedán,7
Chevrolet,230000,Mendoza,4000.0,Wagon,19
Peugeot,89000,Buenos Aires (A.M.B.A.),7225.81,Sedán,13
Ford,83500,Tucumán,10645.16,Hatchback,9
Citroën,108000,Buenos Aires (A.M.B.A.),9354.84,Hatchback,13
Renault,56000,Buenos Aires (A.M.B.A.),17741.94,SUV,5
Volkswagen,163000,Chaco,7096.77,Hatchback,16
Volkswagen,75000,Ciudad Autónoma Buenos Aires,3225.81,Hatchback,4
Volkswagen,15000,Ciudad Autónoma Buenos Aires,4516.13,Pickup,2
Toyota,138000,Ciudad Autónoma Buenos Aires,27500.0,SUV,7
Citroën,195000,Buenos Aires,9032.26,Sedán,9
Ford,170000,Buenos Aires (A.M.B.A.),8500.0,Hatchback,10
Peugeot,1,Ciudad Autónoma Buenos Aires,40455.48,SUV,0
FIAT,10800,Ciudad Autónoma Buenos Aires,15806.45,SUV,1
Honda,80000,Buenos Aires,23000.0,SUV,7
FIAT,20000,Ciudad Autónoma Buenos Aires,4516.13,SUV,2
Peugeot,15000,Ciudad Autónoma Buenos Aires,15483.87,Hatchback,3
Peugeot,15000,Ciudad Autónoma Buenos Aires,3870.97,SUV,2
Citroën,58000,Ciudad Autónoma Buenos Aires,8387.1,Minivan,14
Chevrolet,145000,Tucumán,6774.19,Hatchback,11
Chevrolet,58400,Córdoba,8387.1,Sedán,8
Chevrolet,155000,Córdoba,4516.13,Hatchback,13
Peugeot,88000,Ciudad Autónoma Buenos Aires,7096.77,Sedán,15
Nissan,44000,Entre Ríos,10645.16,Sedán,9
Peugeot,20000,Ciudad Autónoma Buenos Aires,3870.97,Furgón,2
Toyota,32000,Mendoza,15806.45,Sedán,3
Ford,34500,Mendoza,15800.0,Hatchback,10
Volkswagen,20000,Ciudad Autónoma Buenos Aires,4838.71,SUV,2
Chevrolet,97500,Ciudad Autónoma Buenos Aires,11548.39,SUV,10
Dodge,150000,Córdoba,9677.42,SUV,16
Citroën,14400,Ciudad Autónoma Buenos Aires,6500.0,Hatchback,1
Volkswagen,140000,Buenos Aires (A.M.B.A.),9806.45,Hatchback,11
FIAT,91100,Córdoba,8322.58,Sedán,10
Volkswagen,25600,Ciudad Autónoma Buenos Aires,1935.48,Hatchback,2
Ford,35000,Buenos Aires (A.M.B.A.),14000.0,Hatchback,6
Renault,93500,Córdoba,10419.36,SUV,11
Volkswagen,54000,Buenos Aires (A.M.B.A.),3800.0,Hatchback,17
Volkswagen,140000,Ciudad Autónoma Buenos Aires,5354.84,Hatchback,16
Volkswagen,20000,Ciudad Autónoma Buenos Aires,3225.81,SUV,2
Chevrolet,104000,Ciudad Autónoma Buenos Aires,6129.03,Sedán,16
Toyota,84691,Buenos Aires (A.M.B.A.),12580.65,Sedán,7
Ford,10600,Ciudad Autónoma Buenos Aires,29677.42,Pickup,1
Chevrolet,42500,Santa Fe,25806.45,SUV,2
Honda,300000,Mendoza,4193.55,Sedán,27
Citroën,129000,Santa Fe,9935.48,Sedán,8
Peugeot,22500,Ciudad Autónoma Buenos Aires,2580.64,Hatchback,2
Foton,4400,Córdoba,20645.16,Camión,1
MINI,49000,Ciudad Autónoma Buenos Aires,19500.0,SUV,13
Peugeot,18000,Ciudad Autónoma Buenos Aires,5161.29,SUV,2
Volkswagen,78000,Buenos Aires (A.M.B.A.),9500.0,Hatchback,11
Peugeot,17000,Ciudad Autónoma Buenos Aires,1935.48,Hatchback,2
Renault,150000,Buenos Aires (A.M.B.A.),13935.48,SUV,8
Toyota,67100,Entre Ríos,16774.19,Sedán,3
FIAT,33500,Ciudad Autónoma Buenos Aires,15483.87,Sedán,3
Citroën,153000,Buenos Aires (A.M.B.A.),8709.68,Hatchback,12
Chevrolet,166600,Santa Fe,10967.74,SUV,13
Peugeot,97000,Buenos Aires,14838.71,Hatchback,4
Mercedes,240000,Ciudad Autónoma Buenos Aires,28000.0,Minivan,11
FIAT,300000,Buenos Aires,2258.06,Clásico,33
Volkswagen,17500,Ciudad Autónoma Buenos Aires,3225.81,Hatchback,3
Chevrolet,250000,Mendoza,5483.87,Wagon,21
Ford,27000,Buenos Aires,16774.19,SUV,4
Peugeot,60000,Ciudad Autónoma Buenos Aires,11935.48,Hatchback,7
Ford,98000,Buenos Aires (A.M.B.A.),10645.16,SUV,12
BMW,82000,San Luis,39500.0,SUV,7
Volkswagen,45000,Ciudad Autónoma Buenos Aires,4516.13,Hatchback,3
Peugeot,17500,Ciudad Autónoma Buenos Aires,2903.23,Hatchback,2
Volkswagen,25000,Ciudad Autónoma Buenos Aires,4838.71,Pickup,2
Peugeot,64300,Entre Ríos,16129.03,Hatchback,4
FIAT,20000,Ciudad Autónoma Buenos Aires,3225.81,Furgón,2
Peugeot,64000,Ciudad Autónoma Buenos Aires,6903.23,Hatchback,5
Ford,129000,Buenos Aires,18709.68,Pickup,11
Peugeot,32000,Córdoba,7096.77,Hatchback,2
Volkswagen,17500,Ciudad Autónoma Buenos Aires,9677.42,Pickup,2
Audi,157000,Buenos Aires (A.M.B.A.),22000.0,Hatchback,6
FIAT,94000,Buenos Aires,23000.0,Pickup,3
Volkswagen,121200,Entre Ríos,19354.84,SUV,5
Peugeot,38750,Buenos Aires (A.M.B.A.),33500.0,SUV,6
FIAT,20000,Ciudad Autónoma Buenos Aires,1935.48,SUV,2
Toyota,111000,Ciudad Autónoma Buenos Aires,16800.0,Hatchback,8
Volkswagen,80000,Mendoza,14500.0,Hatchback,10
Renault,82000,Mendoza,10500.0,Hatchback,8
Citroën,200000,Santa Fe,4129.03,Minivan,21
Chery,113500,Santa Fe,5096.77,Hatchback,15
Renault,184000,Córdoba,8709.68,Sedán,9
Volkswagen,15000,Ciudad Autónoma Buenos Aires,3870.97,SUV,2
Peugeot,21000,Ciudad Autónoma Buenos Aires,2193.55,Hatchback,2
Audi,140000,Ciudad Autónoma Buenos Aires,44500.0,SUV,9
Nissan,120000,La Rioja,14838.71,Sedán,5
Renault,24000,Buenos Aires (A.M.B.A.),15806.45,SUV,2
Volkswagen,11500,Ciudad Autónoma Buenos Aires,1290.32,Hatchback,2
Ford,185000,Córdoba,4193.55,Hatchback,14
Nissan,145300,Córdoba,10451.61,Sedán,7
Toyota,43000,Ciudad Autónoma Buenos Aires,26900.0,SUV,4
Peugeot,114000,Ciudad Autónoma Buenos Aires,11900.0,Hatchback,10
Peugeot,15000,Ciudad Autónoma Buenos Aires,3870.97,Hatchback,2
Peugeot,62000,Ciudad Autónoma Buenos Aires,4838.71,Hatchback,7
Renault,30000,Santa Fe,20500.0,Furgón,2
Peugeot,55000,Ciudad Autónoma Buenos Aires,16129.03,Hatchback,7
Nissan,71500,Entre Ríos,21290.32,SUV,5
Ford,270000,Santa Fe,11290.32,Pickup,14
Renault,190000,Ciudad Autónoma Buenos Aires,7741.94,SUV,13
Renault,88000,Buenos Aires (A.M.B.A.),8709.68,Hatchback,11
Toyota,550000,Ciudad Autónoma Buenos Aires,17677.42,Hatchback,6
Volkswagen,13500,Ciudad Autónoma Buenos Aires,1935.48,Hatchback,2
Jeep,33400,Entre Ríos,17741.94,SUV,4
Peugeot,109000,Ciudad Autónoma Buenos Aires,6300.0,Hatchback,20
FIAT,146500,Córdoba,7677.42,Sedán,12
Renault,144000,Buenos Aires (A.M.B.A.),6900.0,SUV,17
Ford,71000,Córdoba,8064.52,Hatchback,10
Peugeot,76000,Córdoba,14193.55,Hatchback,5
Ford,40000,Misiones,33541.94,Pickup,2
Volkswagen,17500,Ciudad Autónoma Buenos Aires,1741.94,Hatchback,2
Volkswagen,33000,Ciudad Autónoma Buenos Aires,4516.13,Pickup,2
Peugeot,54000,Buenos Aires (A.M.B.A.),6000.0,Hatchback,16
Volkswagen,138000,Córdoba,7677.42,Hatchback,13
Volkswagen,14000,Ciudad Autónoma Buenos Aires,2258.06,Hatchback,2
Volkswagen,258000,Buenos Aires,13870.97,Pickup,10
Renault,147000,Santa Fe,7612.9,Hatchback,11
Peugeot,22000,Ciudad Autónoma Buenos Aires,4838.71,Hatchback,3
Nissan,94890,Buenos Aires (A.M.B.A.),13500.0,Hatchback,9
FIAT,22000,Ciudad Autónoma Buenos Aires,3225.81,SUV,2
Volkswagen,108000,Salta,9677.42,Hatchback,10
FIAT,167000,Córdoba,11548.39,Pickup,10
KIA,92614,Buenos Aires (A.M.B.A.),18000.0,Hatchback,5
Toyota,125000,Ciudad Autónoma Buenos Aires,23500.0,Sedán,5
Toyota,165000,Corrientes,30258.06,SUV,8
Chevrolet,180000,Buenos Aires,6129.03,Sedán,15
Volkswagen,20000,Ciudad Autónoma Buenos Aires,6451.61,Pickup,2
FIAT,58000,Neuquén,7419.35,Hatchback,10
Audi,203700,Entre Ríos,18700.0,Hatchback,13
Ford,170000,Córdoba,9870.97,Hatchback,10
Ford,100000,Buenos Aires,5483.87,Pickup,42
Peugeot,154357,Córdoba,9677.42,Cabriolet,9
Ford,120529,Buenos Aires (A.M.B.A.),12258.06,Hatchback,7
Volkswagen,145000,San Luis,9354.84,Hatchback,9
Chevrolet,64000,Córdoba,11290.32,Hatchback,8
Citroën,110000,Buenos Aires (A.M.B.A.),9548.39,Sedán,10
Ford,138000,Buenos Aires,12800.0,SUV,13
FIAT,15000,Ciudad Autónoma Buenos Aires,3225.81,SUV,2
Peugeot,38000,Ciudad Autónoma Buenos Aires,8064.52,SUV,5
Citroën,177000,Buenos Aires (A.M.B.A.),6000.0,Hatchback,13
Nissan,59000,Córdoba,16500.0,Sedán,7
Ford,57900,Buenos Aires,25161.29,SUV,3
Peugeot,38000,Ciudad Autónoma Buenos Aires,7096.77,Hatchback,5
Ford,181000,Buenos Aires (A.M.B.A.),7741.94,Sedán,14
Jeep,40000,Buenos Aires (A.M.B.A.),26451.61,SUV,3
Peugeot,180000,Ciudad Autónoma Buenos Aires,5000.0,Hatchback,23
Renault,80000,Mendoza,12483.87,Sedán,3
Ford,240000,Buenos Aires (A.M.B.A.),6774.19,Hatchback,14
Peugeot,58700,Ciudad Autónoma Buenos Aires,3870.97,Hatchback,7
FIAT,35000,Ciudad Autónoma Buenos Aires,5290.32,Sedán,5
Audi,131000,Ciudad Autónoma Buenos Aires,22900.0,Coupé,16
Volkswagen,40000,Ciudad Autónoma Buenos Aires,8064.52,Pickup,2
Ford,78000,Santa Fe,12258.06,Sedán,10
Peugeot,20000,Ciudad Autónoma Buenos Aires,1935.48,Hatchback,2
FIAT,50000,Ciudad Autónoma Buenos Aires,3225.81,Pickup,2
FIAT,40000,Ciudad Autónoma Buenos Aires,1935.48,Furgón,2
Ford,74850,Buenos Aires (A.M.B.A.),9612.9,Hatchback,9
Volkswagen,107000,Buenos Aires (A.M.B.A.),13548.39,Sedán,8
Volkswagen,18000,Ciudad Autónoma Buenos Aires,4516.13,Pickup,2
Ford,112000,Córdoba,8709.68,Hatchback,8
Renault,290000,Buenos Aires (A.M.B.A.),3548.39,Furgón,21
Ford,110000,Córdoba,12258.06,SUV,6
Jeep,116000,Buenos Aires,14709.68,SUV,8
Citroën,144203,Buenos Aires (A.M.B.A.),11290.32,Hatchback,10
Volkswagen,30000,Ciudad Autónoma Buenos Aires,4516.13,Hatchback,3
Volkswagen,17500,Ciudad Autónoma Buenos Aires,3225.81,Hatchback,2
FIAT,214000,Buenos Aires (A.M.B.A.),12580.65,Pickup,10
Volkswagen,118200,Buenos Aires,8258.06,Sedán,13
Ford,199000,Córdoba,9677.42,Pickup,12
Chevrolet,52000,Ciudad Autónoma Buenos Aires,8322.58,Hatchback,9
Peugeot,38000,Ciudad Autónoma Buenos Aires,5483.87,Hatchback,4
Citroën,289000,Buenos Aires (A.M.B.A.),27419.35,Furgón,8
Audi,63000,Tucumán,19290.32,Coupé,14
Chevrolet,159500,Buenos Aires,9677.42,Minivan,9
FIAT,138000,Córdoba,5741.94,Minivan,13
Ford,90000,Córdoba,17354.84,SUV,9
Peugeot,125000,Buenos Aires,12000.0,Cabriolet,10
FIAT,199000,Córdoba,6129.03,Hatchback,13
Ford,129200,Ciudad Autónoma Buenos Aires,9032.26,Hatchback,9
Renault,360000,Buenos Aires (A.M.B.A.),2580.65,Sedán,29
Ford,30000,Neuquén,10000.0,Hatchback,9
Renault,91000,Mendoza,11354.84,Sedán,3
Hyundai,202000,Córdoba,7032.26,SUV,19
Citroën,137000,Buenos Aires,7741.94,Hatchback,12
Ford,126600,Córdoba,9806.45,SUV,12
Volkswagen,20000,Ciudad Autónoma Buenos Aires,3225.81,Hatchback,2
Chevrolet,230000,Santa Fe,2580.65,Hatchback,23
Peugeot,143000,Mendoza,9225.81,Furgón,14
Peugeot,117000,Ciudad Autónoma Buenos Aires,7096.77,Sedán,14
Volkswagen,19200,Ciudad Autónoma Buenos Aires,1483.87,Hatchback,2
Ford,175000,Córdoba,4516.13,Hatchback,16
Chevrolet,86000,Córdoba,29677.42,Pickup,6
Peugeot,1,Ciudad Autónoma Buenos Aires,22322.58,Hatchback,0
Peugeot,28000,Ciudad Autónoma Buenos Aires,18064.52,Hatchback,3
Chevrolet,166000,Ciudad Autónoma Buenos Aires,8500.0,SUV,11
Volkswagen,1,Misiones,19258.06,Hatchback,0
Ford,176500,Santa Fe,11741.94,Sedán,10
Toyota,79000,Córdoba,27096.77,SUV,4
Ford,158700,Buenos Aires (A.M.B.A.),7096.77,SUV,18
Toyota,166000,Tucumán,14838.71,Hatchback,8
Volkswagen,15500,Ciudad Autónoma Buenos Aires,3225.81,Hatchback,2
Lifan,82000,Buenos Aires,19500.0,SUV,7
FIAT,102000,Buenos Aires,7677.42,Hatchback,13
JAC,87000,Ciudad Autónoma Buenos Aires,11000.0,SUV,7
Chevrolet,21000,Buenos Aires (A.M.B.A.),17741.94,Sedán,1
Nissan,47300,Entre Ríos,29354.84,Pickup,3
Toyota,32000,Santa Fe,16451.61,Sedán,6
FIAT,182000,Córdoba,5741.94,Hatchback,16
Citroën,119000,Córdoba,8322.58,Hatchback,9
Nissan,77000,Buenos Aires (A.M.B.A.),14516.13,SUV,7
Toyota,50500,Santa Fe,16774.19,Hatchback,4
FIAT,109000,Santa Fe,9354.84,Hatchback,12
FIAT,135000,Córdoba,7032.26,Hatchback,13
Peugeot,17000,Ciudad Autónoma Buenos Aires,25806.45,Hatchback,2
Chevrolet,108000,Mendoza,13225.81,Sedán,8
Peugeot,13500,Ciudad Autónoma Buenos Aires,3225.81,Hatchback,2
Dodge,159000,Córdoba,10903.23,SUV,14
Volkswagen,79677,San Luis,20000.0,SUV,5
Ford,180000,Buenos Aires (A.M.B.A.),9032.26,SUV,12
Volkswagen,18500,Ciudad Autónoma Buenos Aires,3225.81,Pickup,2
Citroën,143000,Buenos Aires (A.M.B.A.),4967.74,Hatchback,16
Chevrolet,140000,Ciudad Autónoma Buenos Aires,14193.55,SUV,8
Chevrolet,212242,Santa Fe,5806.45,Hatchback,18
Nissan,10000,Entre Ríos,18064.52,Sedán,2
Ford,90000,Buenos Aires (A.M.B.A.),11541.94,SUV,10
Renault,121000,Buenos Aires,11290.32,Sedán,9
Peugeot,155000,Neuquén,8709.68,Hatchback,11
Peugeot,200000,Ciudad Autónoma Buenos Aires,4516.13,Hatchback,2
FIAT,120000,Buenos Aires,9677.42,Furgón,9
Nissan,75400,Buenos Aires (A.M.B.A.),11290.32,Hatchback,9
FIAT,173000,Córdoba,7419.35,Hatchback,13
FIAT,72360,Córdoba,13870.97,Sedán,4
Renault,99800,Buenos Aires,15806.45,Pickup,5
FIAT,17500,Ciudad Autónoma Buenos Aires,2258.06,Furgón,2
Peugeot,49000,Córdoba,8967.74,Hatchback,9
Volkswagen,65000,Buenos Aires (A.M.B.A.),27900.0,SUV,3
Citroën,95000,Córdoba,9548.39,Hatchback,9
FIAT,200000,Buenos Aires (A.M.B.A.),8387.1,Wagon,11
Ford,142662,La Pampa,12903.23,Hatchback,11
Volkswagen,19000,Ciudad Autónoma Buenos Aires,1935.48,Hatchback,2
Peugeot,108000,Córdoba,10322.58,Hatchback,13
FIAT,17000,Ciudad Autónoma Buenos Aires,2258.06,SUV,2
Peugeot,158000,Buenos Aires,8387.1,SUV,10
Volkswagen,234000,Córdoba,5483.87,Hatchback,19
Renault,62400,Buenos Aires,13870.97,SUV,7
BMW,144000,Buenos Aires (A.M.B.A.),23500.0,SUV,9
Ford,162000,Buenos Aires,7096.77,Sedán,15
FIAT,135000,Córdoba,8322.58,Hatchback,12
Ford,50000,Buenos Aires,13000.0,Clásico,46
Volkswagen,20000,Ciudad Autónoma Buenos Aires,3225.81,SUV,2
Toyota,44000,Buenos Aires,28500.0,Sedán,2
Renault,88000,Ciudad Autónoma Buenos Aires,8967.74,Sedán,9
Ford,88000,Tucumán,20580.65,Pickup,5
Volkswagen,229000,Ciudad Autónoma Buenos Aires,16064.52,Pickup,6
Volkswagen,21899,Ciudad Autónoma Buenos Aires,3870.97,SUV,2
FIAT,103000,Ciudad Autónoma Buenos Aires,4900.0,Sedán,20
Peugeot,85000,Mendoza,7419.35,Hatchback,14
Renault,165000,Buenos Aires (A.M.B.A.),11290.32,SUV,8
Volkswagen,19500,Ciudad Autónoma Buenos Aires,5096.77,Pickup,2
Audi,113000,Ciudad Autónoma Buenos Aires,33000.0,Wagon,9
Renault,217140,Córdoba,5161.29,SUV,16
Renault,56000,Ciudad Autónoma Buenos Aires,8387.1,Hatchback,6
Honda,95800,Buenos Aires (A.M.B.A.),18500.0,SUV,8
Peugeot,11000,Córdoba,18064.52,Hatchback,1
Volkswagen,15000,Ciudad Autónoma Buenos Aires,2258.06,Hatchback,2
Citroën,1,Ciudad Autónoma Buenos Aires,18709.68,SUV,0
FIAT,18000,Ciudad Autónoma Buenos Aires,3225.81,SUV,2
Peugeot,85000,Buenos Aires (A.M.B.A.),9000.0,Hatchback,12
Volkswagen,69983,Mendoza,10000.0,Hatchback,9
Honda,83000,Buenos Aires (A.M.B.A.),21935.48,SUV,7
Peugeot,21000,Buenos Aires (A.M.B.A.),16500.0,Hatchback,3
Chevrolet,77000,Buenos Aires (A.M.B.A.),21000.0,Hatchback,4
Chevrolet,54000,Ciudad Autónoma Buenos Aires,9700.0,Hatchback,9
Toyota,123000,Ciudad Autónoma Buenos Aires,12200.0,Hatchback,8
Toyota,78000,Ciudad Autónoma Buenos Aires,20645.16,Sedán,4
Peugeot,17000,Ciudad Autónoma Buenos Aires,3870.97,Hatchback,2
Jeep,132000,Neuquén,10645.16,SUV,10
Peugeot,16000,Ciudad Autónoma Buenos Aires,1935.48,Hatchback,2
Nissan,100000,Santa Fe,12258.06,Sedán,10
Volkswagen,178500,Buenos Aires (A.M.B.A.),9612.9,Wagon,14
Toyota,7800,Ciudad Autónoma Buenos Aires,33612.9,SUV,2
Peugeot,7000,Ciudad Autónoma Buenos Aires,21612.9,SUV,1
Peugeot,20000,Ciudad Autónoma Buenos Aires,1612.9,Hatchback,2
Volkswagen,12000,Ciudad Autónoma Buenos Aires,2258.06,SUV,2
BMW,154000,Santa Fe,14000.0,SUV,14
Jeep,99998,Buenos Aires,10000.0,SUV,63
Citroën,109000,Buenos Aires (A.M.B.A.),10903.23,Minivan,12
Chevrolet,219000,Tucumán,10322.58,SUV,12
Volkswagen,8500,Ciudad Autónoma Buenos Aires,3225.81,SUV,2
Peugeot,90000,Ciudad Autónoma Buenos Aires,11612.9,Furgón,6
Ford,115000,Buenos Aires,17000.0,SUV,10
Renault,200000,Tucumán,7741.94,Sedán,13
Ford,104000,Ciudad Autónoma Buenos Aires,9025.81,Hatchback,9
FIAT,17000,Ciudad Autónoma Buenos Aires,3225.81,SUV,2
Nissan,68000,Entre Ríos,23548.39,SUV,3
Volkswagen,111000,Córdoba,7419.35,Minivan,14
Volkswagen,21500,Ciudad Autónoma Buenos Aires,2580.65,Hatchback,2
Nissan,215000,Buenos Aires,7000.0,Sedán,15
FIAT,145961,Buenos Aires (A.M.B.A.),16129.03,Pickup,7
Peugeot,216000,Córdoba,9032.26,Furgón,9
Renault,210200,Ciudad Autónoma Buenos Aires,5483.87,SUV,16
Peugeot,15700,Ciudad Autónoma Buenos Aires,5161.29,Hatchback,2
Nissan,143000,Córdoba,5806.45,Sedán,16
FIAT,169000,Buenos Aires (A.M.B.A.),5096.77,Hatchback,17
Peugeot,108000,Córdoba,5788.39,Hatchback,15
Chevrolet,123000,Buenos Aires,7741.94,Hatchback,11
KIA,89000,Buenos Aires (A.M.B.A.),20000.0,SUV,9
Volkswagen,15000,Ciudad Autónoma Buenos Aires,1935.48,Hatchback,2
Renault,70000,Buenos Aires,11612.9,Hatchback,4
Chevrolet,80000,Buenos Aires (A.M.B.A.),10322.58,Sedán,8
Volkswagen,17500,Ciudad Autónoma Buenos Aires,2903.23,Pickup,2
Renault,410772,Buenos Aires,12258.06,Furgón,17
FIAT,30000,Ciudad Autónoma Buenos Aires,1935.48,SUV,2
Renault,170000,Buenos Aires (A.M.B.A.),3096.77,Hatchback,26
FIAT,35000,Ciudad Autónoma Buenos Aires,4838.71,Sedán,4
Toyota,55000,Santa Fe,27741.94,SUV,5
Volkswagen,146000,Ciudad Autónoma Buenos Aires,9031.61,Wagon,15
Honda,110000,Córdoba,16000.0,SUV,10
Suzuki,200000,Ciudad Autónoma Buenos Aires,3870.97,Hatchback,16
Ford,171383,Buenos Aires (A.M.B.A.),10322.58,Hatchback,10
Chery,95000,Chubut,11935.48,SUV,7
Citroën,109757,Buenos Aires (A.M.B.A.),8064.52,Hatchback,13
Volkswagen,142600,Ciudad Autónoma Buenos Aires,5800.0,Hatchback,15
Toyota,77000,Buenos Aires (A.M.B.A.),27000.0,SUV,4
Audi,130000,Tucumán,15483.87,SUV,13
FIAT,120000,Buenos Aires,9161.29,Hatchback,9
Peugeot,36000,Ciudad Autónoma Buenos Aires,4838.71,Hatchback,4
Volkswagen,80560,Córdoba,26500.0,Pickup,3
Renault,110600,Buenos Aires,13419.35,Hatchback,7
Volkswagen,40699,San Luis,34516.13,Sedán,1
Volkswagen,17500,Ciudad Autónoma Buenos Aires,2258.06,Hatchback,2
Ford,167000,Santa Fe,11290.32,Hatchback,10
Citroën,164000,Buenos Aires (A.M.B.A.),5483.87,Hatchback,15
Toyota,35000,Ciudad Autónoma Buenos Aires,25000.0,Sedán,5
Chevrolet,357000,Ciudad Autónoma Buenos Aires,8709.68,SUV,20
Jeep,13000,Córdoba,22997.0,SUV,2
Volkswagen,187681,Buenos Aires (A.M.B.A.),10645.16,Hatchback,6
Honda,72000,Córdoba,20645.16,SUV,6
Peugeot,45500,Santa Fe,13548.39,Hatchback,5
Citroën,172000,Buenos Aires,14000.0,Furgón,9
Volkswagen,120000,Buenos Aires (A.M.B.A.),30000.0,Pickup,5
Renault,121000,Santa Fe,8709.68,SUV,14
Volkswagen,17000,Ciudad Autónoma Buenos Aires,3225.81,Pickup,2
Renault,51000,Buenos Aires,14193.55,Sedán,4
Toyota,218000,Córdoba,10516.13,SUV,16
Chevrolet,203000,Córdoba,8516.13,Sedán,10
FIAT,120000,Ciudad Autónoma Buenos Aires,12387.1,Hatchback,6
Peugeot,43000,Ciudad Autónoma Buenos Aires,5483.87,Hatchback,5
Hyundai,75000,Mendoza,27000.0,SUV,7
Chevrolet,105000,Salta,6451.61,Sedán,14
Volkswagen,2670,Buenos Aires (A.M.B.A.),41290.32,Pickup,1
Hyundai,100800,Santa Fe,30000.0,Minivan,11
Chevrolet,120000,Buenos Aires,7419.35,Sedán,13
Honda,95000,Ciudad Autónoma Buenos Aires,17900.0,SUV,9
Volkswagen,98000,Buenos Aires (A.M.B.A.),12000.0,Minivan,11
Volkswagen,115000,Entre Ríos,25806.45,Pickup,4
Peugeot,1,Ciudad Autónoma Buenos Aires,22129.03,SUV,0
Toyota,39000,Buenos Aires (A.M.B.A.),17096.77,Hatchback,5
Chevrolet,357000,Ciudad Autónoma Buenos Aires,8709.68,SUV,20
Renault,58000,Ciudad Autónoma Buenos Aires,9032.26,Sedán,13
Chevrolet,140000,Córdoba,12580.65,Pickup,9
FIAT,91500,Buenos Aires (A.M.B.A.),6451.61,Sedán,5
Volkswagen,150000,Corrientes,10645.16,Sedán,5
FIAT,15000,Ciudad Autónoma Buenos Aires,2903.23,Pickup,2
Volkswagen,20000,Ciudad Autónoma Buenos Aires,5161.29,Pickup,2
Volkswagen,20000,Ciudad Autónoma Buenos Aires,2967.74,Hatchback,2
Nissan,196000,Ciudad Autónoma Buenos Aires,6700.0,Hatchback,15
Peugeot,100000,Ciudad Autónoma Buenos Aires,7419.35,Sedán,10
Volkswagen,85100,Córdoba,7032.26,Hatchback,14
FIAT,116000,Ciudad Autónoma Buenos Aires,7735.48,Hatchback,14
Renault,135480,Córdoba,8709.68,SUV,12
FIAT,106000,Jujuy,10322.58,Pickup,9
Chevrolet,245000,Misiones,4838.71,Hatchback,16
Chevrolet,194000,Buenos Aires (A.M.B.A.),5483.87,Hatchback,14
Toyota,103000,Santa Fe,27741.94,SUV,4
Ford,320000,Mendoza,5161.29,SUV,20
Ford,113000,Santa Fe,10451.61,Sedán,10
Volkswagen,130000,Ciudad Autónoma Buenos Aires,29032.26,Pickup,6
Peugeot,42000,Neuquén,13548.39,Hatchback,6
Volkswagen,440000,Buenos Aires,3225.81,SUV,28
Renault,74000,Buenos Aires (A.M.B.A.),17500.0,SUV,5
Peugeot,52000,Santa Fe,11612.9,Hatchback,9
Ford,55000,Entre Ríos,13483.87,Hatchback,9
FIAT,66000,Neuquén,14193.55,Sedán,4
Toyota,78000,Córdoba,20645.16,Pickup,7
Citroën,85000,Santa Fe,10322.58,Sedán,6
Chevrolet,330000,Buenos Aires,4193.55,Hatchback,20
FIAT,8700,Río Negro,17935.48,Sedán,3
FIAT,10000,Buenos Aires (A.M.B.A.),24193.55,Hatchback,1
Renault,300000,Buenos Aires (A.M.B.A.),4645.16,Sedán,14
Chevrolet,119500,Buenos Aires (A.M.B.A.),11483.87,SUV,10
Renault,141000,Córdoba,8387.1,SUV,9
Citroën,110000,Mendoza,10322.58,SUV,8
Nissan,110000,Mendoza,8387.1,Sedán,12
Honda,149000,Ciudad Autónoma Buenos Aires,16000.0,Sedán,12
Citroën,14000,Ciudad Autónoma Buenos Aires,6500.0,Hatchback,1
FIAT,100000,Entre Ríos,8064.52,Sedán,11
Peugeot,21000,Ciudad Autónoma Buenos Aires,5161.29,SUV,2
Renault,72000,Ciudad Autónoma Buenos Aires,9354.84,Sedán,12
Renault,200000,Buenos Aires (A.M.B.A.),13354.84,Pickup,6
Volkswagen,17000,Ciudad Autónoma Buenos Aires,3870.97,SUV,2
Nissan,170000,Salta,15161.29,SUV,9
FIAT,200000,Buenos Aires,5032.26,Furgón,19
Renault,178000,Santa Fe,9677.42,SUV,12
Toyota,65600,Ciudad Autónoma Buenos Aires,23741.94,Sedán,4
Toyota,278000,Buenos Aires (A.M.B.A.),32000.0,SUV,10
Renault,135000,Santa Fe,6129.04,Hatchback,13
Volkswagen,95000,Ciudad Autónoma Buenos Aires,16200.0,Pickup,11
FIAT,180000,Buenos Aires (A.M.B.A.),10000.0,Furgón,11
Chevrolet,135000,Buenos Aires (A.M.B.A.),9354.84,Sedán,11
Volkswagen,170000,San Luis,6129.03,Hatchback,16
Toyota,342000,Buenos Aires,21290.32,Pickup,11
Renault,126000,Entre Ríos,14516.13,SUV,5
Subaru,260000,Buenos Aires (A.M.B.A.),17000.0,Wagon,16
Citroën,49000,Buenos Aires (A.M.B.A.),16498.71,SUV,4
DS,48000,Ciudad Autónoma Buenos Aires,14000.0,Hatchback,8
Citroën,200000,Ciudad Autónoma Buenos Aires,7419.35,Sedán,8
Peugeot,110000,Ciudad Autónoma Buenos Aires,8709.68,Hatchback,11
Chevrolet,180000,Santa Fe,17500.0,SUV,9
Nissan,215000,Santa Fe,11500.0,SUV,13
FIAT,141000,Ciudad Autónoma Buenos Aires,6774.19,Hatchback,13
Ford,96400,Córdoba,5806.45,Hatchback,14
Volkswagen,23000,Ciudad Autónoma Buenos Aires,4516.13,Pickup,2
Chevrolet,120000,Santa Fe,12580.65,SUV,7
Volkswagen,18000,Ciudad Autónoma Buenos Aires,2258.06,Hatchback,2
Citroën,115000,Córdoba,7677.42,Hatchback,10
Nissan,46000,Neuquén,25806.45,Pickup,5
Citroën,2050,Buenos Aires (A.M.B.A.),34516.13,SUV,0
Citroën,217000,Entre Ríos,9612.9,Furgón,10
FIAT,114906,Buenos Aires,9032.26,Sedán,12
Volkswagen,95000,Ciudad Autónoma Buenos Aires,10645.16,Minivan,11
FIAT,132000,Tucumán,8967.74,Hatchback,12
FIAT,230000,Córdoba,21290.32,Furgón,7
Renault,159000,Mendoza,11612.9,SUV,10
Peugeot,22000,Ciudad Autónoma Buenos Aires,16000.0,Hatchback,2
Toyota,380000,Buenos Aires,14838.71,SUV,20
Peugeot,124000,Ciudad Autónoma Buenos Aires,10600.0,Hatchback,12
Volkswagen,25000,Buenos Aires,10967.74,Hatchback,7
Renault,61000,Buenos Aires (A.M.B.A.),8709.68,Hatchback,8
Ford,174000,Mendoza,7096.77,Sedán,13
Ford,266000,Mendoza,4838.71,Hatchback,19
Renault,118000,Tucumán,10258.06,Sedán,9
Volkswagen,170000,Ciudad Autónoma Buenos Aires,7096.77,Hatchback,14
Toyota,260000,Buenos Aires (A.M.B.A.),27000.0,Pickup,10
Jeep,180000,Córdoba,13870.97,SUV,9
Volkswagen,110000,Ciudad Autónoma Buenos Aires,12000.0,Hatchback,5
Renault,2370,Córdoba,28387.1,SUV,1
Peugeot,3000,Ciudad Autónoma Buenos Aires,8387.1,Hatchback,2
Volkswagen,103000,Santa Fe,5483.87,Hatchback,19
Ford,99000,Santa Fe,10516.13,Hatchback,7
Renault,64500,Buenos Aires,13548.39,SUV,8
Ford,137000,Buenos Aires (A.M.B.A.),4451.61,Hatchback,14
FIAT,10,Buenos Aires (A.M.B.A.),17161.29,Furgón,1
Ford,55000,Buenos Aires (A.M.B.A.),8000.0,Hatchback,8
FIAT,120000,Córdoba,10322.58,Hatchback,11
Mitsubishi,95125,Tucumán,7612.9,SUV,9
Ford,191000,Entre Ríos,5483.87,SUV,19
Peugeot,6850,Buenos Aires (A.M.B.A.),17189.03,Hatchback,3
Peugeot,110300,Entre Ríos,14193.55,SUV,5
Audi,131000,Ciudad Autónoma Buenos Aires,12900.0,Hatchback,13
Toyota,157000,Buenos Aires (A.M.B.A.),10645.16,Sedán,8
Citroën,179000,Ciudad Autónoma Buenos Aires,10580.65,Sedán,8
Renault,100000,Mendoza,8064.52,Hatchback,10
Volkswagen,86000,Ciudad Autónoma Buenos Aires,8064.52,Minivan,12
Renault,31000,Ciudad Autónoma Buenos Aires,18387.1,Furgón,2
Renault,141000,Córdoba,13870.97,Pickup,6
Peugeot,83800,Buenos Aires,14193.55,Hatchback,4
FIAT,15000,Ciudad Autónoma Buenos Aires,3225.81,Pickup,2
Audi,170100,Entre Ríos,11000.0,Hatchback,19
Volkswagen,22500,Ciudad Autónoma Buenos Aires,4516.13,SUV,2
Ford,95000,La Pampa,13548.39,SUV,7
Peugeot,20000,Ciudad Autónoma Buenos Aires,5161.29,Hatchback,1
Toyota,290000,Salta,16129.03,SUV,18
Nissan,480000,Córdoba,12838.71,Sedán,5
Honda,170000,Buenos Aires (A.M.B.A.),8064.52,Sedán,15
Renault,143000,Buenos Aires,13870.97,SUV,8
FIAT,10000,Buenos Aires,19032.26,Pickup,1
Jeep,17000,Córdoba,31000.0,SUV,2
Ford,46000,Buenos Aires (A.M.B.A.),12193.55,Hatchback,8
Ford,199000,Córdoba,7741.94,Hatchback,15
Toyota,84000,Buenos Aires,40000.0,SUV,6
Chevrolet,209000,Neuquén,13300.0,Pickup,15
Volkswagen,17000,Ciudad Autónoma Buenos Aires,3225.81,Hatchback,2
Citroën,82000,Ciudad Autónoma Buenos Aires,14322.58,Minivan,8
Toyota,115000,Mendoza,14000.0,Hatchback,8
Peugeot,109000,Ciudad Autónoma Buenos Aires,28000.0,Furgón,7
Volkswagen,55000,Buenos Aires (A.M.B.A.),23870.97,SUV,5
Peugeot,87000,Córdoba,10645.16,Hatchback,9
Renault,84001,Ciudad Autónoma Buenos Aires,8322.58,Furgón,12
Ford,74000,Corrientes,13500.0,Hatchback,8
FIAT,184000,Mendoza,8387.1,Sedán,12
Toyota,138000,Buenos Aires (A.M.B.A.),35800.0,SUV,8
Chevrolet,31500,Misiones,19032.26,SUV,3
Renault,28300,Buenos Aires,16774.19,SUV,2
Peugeot,100000,Ciudad Autónoma Buenos Aires,12838.71,Hatchback,7
Toyota,91000,Mendoza,15483.87,Sedán,5
Toyota,162200,Buenos Aires,22000.0,Pickup,1
Chevrolet,275000,Buenos Aires (A.M.B.A.),5741.94,Hatchback,21
Chevrolet,6500,Santa Fe,23548.39,Hatchback,0
Peugeot,17000,Ciudad Autónoma Buenos Aires,5161.29,Hatchback,2
Volkswagen,152000,Buenos Aires,14516.13,Sedán,10
Citroën,250000,Tucumán,7741.94,Minivan,13
Toyota,48000,La Pampa,28000.0,Pickup,12
Renault,115100,Entre Ríos,13548.39,SUV,8
FIAT,107000,Buenos Aires (A.M.B.A.),14838.71,SUV,4
Volkswagen,181000,Río Negro,14516.13,Sedán,8
Ford,33000,Ciudad Autónoma Buenos Aires,25806.45,Pickup,3
Volkswagen,205000,Buenos Aires,7677.42,Sedán,14
Citroën,86000,Buenos Aires (A.M.B.A.),10000.0,Sedán,10
Chevrolet,100000,Córdoba,14774.19,Sedán,5
Peugeot,33000,Ciudad Autónoma Buenos Aires,4516.13,Hatchback,5
Citroën,139500,Buenos Aires (A.M.B.A.),8258.06,Hatchback,13
Jeep,120500,Córdoba,15161.29,SUV,8
Jeep,52800,Santa Fe,30000.0,SUV,3
Ford,126299,Buenos Aires (A.M.B.A.),14500.0,Hatchback,9
Volkswagen,14500,Ciudad Autónoma Buenos Aires,5161.29,SUV,2
Citroën,45000,Tucumán,9677.42,Hatchback,9
Renault,126000,Neuquén,7225.81,Sedán,9
Volkswagen,40000,Ciudad Autónoma Buenos Aires,16000.0,Hatchback,9
Ford,600000,Ciudad Autónoma Buenos Aires,13900.0,Hatchback,7
Volkswagen,180000,Buenos Aires (A.M.B.A.),9000.0,Wagon,19
Ford,138100,Córdoba,16645.16,Pickup,9
Chrysler,110000,Ciudad Autónoma Buenos Aires,22000.0,Sedán,12
Nissan,72000,Córdoba,15290.32,SUV,8
Volkswagen,62567,Buenos Aires (A.M.B.A.),13225.81,Hatchback,5
Agrale,60000,Santa Cruz,54750.0,Utilitario,3
Peugeot,148000,Río Negro,5483.87,Hatchback,15
Toyota,79000,Buenos Aires (A.M.B.A.),16900.0,Sedán,9
Chevrolet,186000,Mendoza,6451.61,Sedán,13
Peugeot,160000,Ciudad Autónoma Buenos Aires,5161.29,Hatchback,16
Renault,49000,Santa Fe,12258.06,Hatchback,7
Volkswagen,65000,Buenos Aires,14193.55,Hatchback,6
Chevrolet,104000,Chaco,7741.94,Hatchback,10
Ford,465000,Ciudad Autónoma Buenos Aires,8387.1,Pickup,21
Peugeot,114000,Salta,10000.0,Cabriolet,9
Chevrolet,68000,Santa Fe,15161.29,Minivan,7
Renault,82700,Córdoba,7741.94,Hatchback,11
Ford,57000,Buenos Aires,12903.23,Hatchback,5
Chevrolet,30000,Buenos Aires (A.M.B.A.),8300.0,Sedán,14
FIAT,231000,Mendoza,6129.03,Hatchback,12
Volkswagen,15000,Ciudad Autónoma Buenos Aires,2258.06,Hatchback,2
Chevrolet,165000,Buenos Aires,13225.81,Sedán,9
Ford,174000,San Luis,9161.29,Hatchback,11
Ford,134000,Córdoba,17741.94,Sedán,7
Peugeot,117000,Córdoba,10161.29,SUV,10
Volkswagen,93500,Ciudad Autónoma Buenos Aires,9200.0,Hatchback,11
Volkswagen,22000,Ciudad Autónoma Buenos Aires,1612.9,Hatchback,2
Volkswagen,82200,Buenos Aires (A.M.B.A.),12080.65,Hatchback,6
Volkswagen,92000,Buenos Aires (A.M.B.A.),12258.06,Hatchback,8
Volkswagen,92000,Buenos Aires (A.M.B.A.),11290.32,Hatchback,7
Renault,110000,Ciudad Autónoma Buenos Aires,16064.52,Furgón,6
Nissan,50000,Salta,18000.0,Sedán,5
Citroën,1000,Ciudad Autónoma Buenos Aires,24516.13,Furgón,0
Citroën,173000,Buenos Aires (A.M.B.A.),5806.45,Hatchback,17
Mercedes,360000,Buenos Aires,21000.0,Sedán,8
Citroën,264000,Santa Fe,9290.32,Minivan,8
BMW,48000,Buenos Aires (A.M.B.A.),48000.0,Coupé,8
Toyota,131000,Mendoza,35800.0,Pickup,4
Peugeot,197705,Mendoza,4903.23,Hatchback,14
Mercedes,19000,Santa Fe,33000.0,Hatchback,7
Peugeot,3800,Chaco,14193.55,Hatchback,5
Peugeot,50000,Córdoba,17000.0,Hatchback,3
Jeep,16000,Mendoza,21419.35,SUV,2
Renault,48000,La Rioja,10322.58,Sedán,7
Renault,150000,La Pampa,7290.32,Hatchback,12
Citroën,70000,Buenos Aires (A.M.B.A.),9677.42,Hatchback,9
Nissan,45000,Buenos Aires (A.M.B.A.),20500.0,SUV,6
Volkswagen,134000,Corrientes,20322.58,Pickup,9
Peugeot,169000,Córdoba,8387.1,Hatchback,12
Ford,172000,Chaco,5483.87,Hatchback,15
Chevrolet,143000,Ciudad Autónoma Buenos Aires,7677.42,Sedán,13
Chevrolet,128000,Buenos Aires (A.M.B.A.),11935.48,Sedán,8
Peugeot,98000,Santa Fe,10322.58,Hatchback,9
Chevrolet,110000,Buenos Aires,10000.0,SUV,13
Peugeot,29000,Ciudad Autónoma Buenos Aires,4516.13,Hatchback,4
Toyota,300000,Ciudad Autónoma Buenos Aires,18900.0,Pickup,17
Citroën,54000,Ciudad Autónoma Buenos Aires,14900.0,Sedán,6
Peugeot,109000,Ciudad Autónoma Buenos Aires,8709.68,Hatchback,12
Toyota,67000,San Luis,24000.0,Pickup,4
Ford,52000,Ciudad Autónoma Buenos Aires,16322.58,Hatchback,9
Ford,103000,Santa Fe,19354.84,Sedán,6
Ford,40000,Ciudad Autónoma Buenos Aires,23500.0,SUV,4
Renault,105000,Tierra del Fuego,10322.58,Sedán,6
Toyota,193000,Río Negro,21935.48,Pickup,11
FIAT,1,Buenos Aires (A.M.B.A.),19354.84,Pickup,0
Renault,30000,Buenos Aires (A.M.B.A.),8774.19,Hatchback,7
Chevrolet,66000,Mendoza,15483.87,Hatchback,6
Nissan,1,Misiones,34264.9,SUV,0
Volkswagen,123000,Ciudad Autónoma Buenos Aires,22500.0,Pickup,11
Chevrolet,112808,Córdoba,19354.84,SUV,2
Ford,71000,Neuquén,18709.68,SUV,5
Volkswagen,110000,Mendoza,8064.52,Hatchback,14
Chevrolet,164000,Buenos Aires (A.M.B.A.),4800.0,Sedán,13
Volkswagen,88000,Tucumán,19935.48,SUV,4
Nissan,78000,Tucumán,7096.77,Sedán,15
Jeep,120000,Tucumán,29032.26,SUV,16
FIAT,148500,Buenos Aires (A.M.B.A.),6451.61,Hatchback,11
Peugeot,172000,Buenos Aires (A.M.B.A.),3032.26,Sedán,29
Peugeot,25000,Ciudad Autónoma Buenos Aires,5161.29,Hatchback,5
Volkswagen,165000,Ciudad Autónoma Buenos Aires,7419.35,Minivan,15
Ford,250000,Buenos Aires,4967.74,SUV,21
Ford,130000,Buenos Aires (A.M.B.A.),13000.0,SUV,10
Jeep,2100,Córdoba,28322.58,SUV,0
Jeep,60000,Buenos Aires (A.M.B.A.),18064.52,SUV,5
Audi,81000,Santa Fe,23870.97,Coupé,13
Peugeot,75000,Buenos Aires,14100.0,Hatchback,5
Honda,140000,Ciudad Autónoma Buenos Aires,15483.87,SUV,11
Renault,107000,Ciudad Autónoma Buenos Aires,11612.9,Furgón,8
Renault,165000,Ciudad Autónoma Buenos Aires,2580.65,Hatchback,22
Peugeot,145000,Buenos Aires (A.M.B.A.),10769.03,Hatchback,8
Ford,400000,Buenos Aires,22000.0,Pickup,18
Ford,250000,Santa Fe,3870.97,Hatchback,17
Ford,168000,Mendoza,4187.1,Hatchback,21
Toyota,66900,Buenos Aires (A.M.B.A.),12903.23,Sedán,4
Peugeot,38000,Ciudad Autónoma Buenos Aires,5806.45,Hatchback,5
Hyundai,208000,Buenos Aires,9000.0,SUV,17
Chevrolet,163000,Buenos Aires (A.M.B.A.),9032.26,Minivan,10
Renault,209400,Córdoba,7096.77,SUV,15
Ford,167669,Buenos Aires,4838.71,Hatchback,17
Chevrolet,140000,Buenos Aires (A.M.B.A.),5870.97,SUV,8
Toyota,195000,Córdoba,8387.1,Sedán,14
Honda,213000,Chaco,8000.0,Hatchback,13
Ford,87534,Buenos Aires,10645.16,Hatchback,8
Toyota,13000,Santa Fe,27741.94,Sedán,2
Peugeot,25800,Buenos Aires (A.M.B.A.),13741.94,Hatchback,3
Peugeot,140000,Buenos Aires (A.M.B.A.),6451.61,Hatchback,16
FIAT,85300,Córdoba,14500.0,Hatchback,14
Chevrolet,208163,Ciudad Autónoma Buenos Aires,5483.87,Minivan,19
Honda,135000,Ciudad Autónoma Buenos Aires,19032.26,Sedán,8
Ford,111000,San Luis,10967.74,Hatchback,10
Ford,13000,Buenos Aires,34516.13,Pickup,3
Hyundai,285000,Mendoza,16774.19,Minivan,17
Renault,118000,Ciudad Autónoma Buenos Aires,9354.84,Furgón,14
Volkswagen,12000,Ciudad Autónoma Buenos Aires,20645.16,Sedán,2
Peugeot,52996,Buenos Aires (A.M.B.A.),6451.61,Hatchback,7
Volkswagen,117000,Ciudad Autónoma Buenos Aires,7500.0,Sedán,15
Ford,126000,Buenos Aires,9677.42,SUV,12
Volkswagen,108000,Buenos Aires,9500.0,Hatchback,14
Ford,26500,La Rioja,28387.1,SUV,1
Peugeot,29000,Ciudad Autónoma Buenos Aires,6451.61,Hatchback,4
Volkswagen,134000,Mendoza,6967.74,Hatchback,15
FIAT,35000,Buenos Aires (A.M.B.A.),7741.94,Hatchback,4
Chevrolet,43000,Buenos Aires,21500.0,Sedán,4
Chevrolet,108000,Córdoba,12258.06,Sedán,7
Volkswagen,37000,Buenos Aires (A.M.B.A.),29000.0,SUV,4
Ford,122000,Ciudad Autónoma Buenos Aires,8903.23,Hatchback,8
FIAT,142700,Córdoba,8387.1,Sedán,10
MINI,84000,Santa Fe,20500.0,Hatchback,10
Audi,103000,Buenos Aires,16500.0,Hatchback,14
Ford,95000,Corrientes,12903.23,Hatchback,9
BAIC,54000,Mendoza,30000.0,SUV,2
Volkswagen,157000,Río Negro,9032.26,Sedán,11
Honda,304000,Buenos Aires,6800.0,Hatchback,18
Honda,124000,Buenos Aires (A.M.B.A.),11900.0,Sedán,17
Ford,140000,Buenos Aires (A.M.B.A.),10322.58,SUV,10
Chevrolet,119682,Córdoba,21840.65,Pickup,6
Peugeot,29000,Ciudad Autónoma Buenos Aires,7741.94,SUV,4
Peugeot,53000,Ciudad Autónoma Buenos Aires,5483.87,Hatchback,7
Volkswagen,124500,Buenos Aires (A.M.B.A.),8129.03,Minivan,13
Peugeot,38000,Ciudad Autónoma Buenos Aires,9677.42,SUV,5
Peugeot,120000,Santa Fe,13225.81,Furgón,7
Volkswagen,60000,Ciudad Autónoma Buenos Aires,15000.0,Sedán,7
Chevrolet,57000,Ciudad Autónoma Buenos Aires,9354.84,Hatchback,9
Toyota,88763,San Luis,10967.74,Sedán,9
FIAT,97000,Córdoba,11612.9,Sedán,5
Hyundai,199000,Buenos Aires,11612.9,SUV,15
Chery,95000,Ciudad Autónoma Buenos Aires,11935.48,SUV,9
Renault,49700,Buenos Aires (A.M.B.A.),9500.0,Hatchback,8
Renault,96700,Mendoza,7612.9,Hatchback,10
Ford,127000,Tucumán,11612.9,Hatchback,8
Honda,126000,Córdoba,10322.58,Sedán,12
Chevrolet,134904,Córdoba,13454.84,Minivan,6
Chevrolet,150000,Buenos Aires (A.M.B.A.),4838.71,Hatchback,16
Peugeot,45000,Ciudad Autónoma Buenos Aires,11612.9,Furgón,4
Peugeot,78001,Ciudad Autónoma Buenos Aires,12900.0,Furgón,8
Volkswagen,78000,Ciudad Autónoma Buenos Aires,10258.06,Minivan,9
Nissan,65000,Ciudad Autónoma Buenos Aires,15483.87,Sedán,4
Peugeot,54000,Ciudad Autónoma Buenos Aires,15161.29,Hatchback,4
Renault,120300,Córdoba,5806.45,Furgón,14
Honda,134000,Buenos Aires (A.M.B.A.),18000.0,SUV,10
Chevrolet,115430,Córdoba,11827.74,Minivan,7
Volkswagen,27266,Buenos Aires (A.M.B.A.),32258.06,Sedán,2
FIAT,127000,Mendoza,8064.52,Hatchback,12
Renault,46800,Santa Fe,12900.0,Hatchback,14
Chevrolet,79500,Santa Fe,26500.0,SUV,6
Renault,180000,Buenos Aires,7419.35,Sedán,14
FIAT,29800,Buenos Aires,11935.48,Hatchback,6
Ford,24500,Buenos Aires (A.M.B.A.),36774.19,Pickup,3
Ford,86207,Buenos Aires (A.M.B.A.),15000.0,SUV,9
Lifan,81050,Buenos Aires (A.M.B.A.),13000.0,Hatchback,9
Toyota,253000,Buenos Aires,14800.0,SUV,18
Citroën,17000,Buenos Aires,16774.19,Hatchback,2
Volkswagen,118000,Buenos Aires,11500.0,Hatchback,16
Toyota,21000,Ciudad Autónoma Buenos Aires,30900.0,SUV,4
Toyota,53000,Buenos Aires (A.M.B.A.),16000.0,Hatchback,3
Chevrolet,92500,Buenos Aires (A.M.B.A.),7741.94,Sedán,14
Jeep,300000,Córdoba,9032.26,SUV,19
Chevrolet,109000,Buenos Aires (A.M.B.A.),8000.0,Hatchback,10
Ford,71000,Santa Fe,20322.58,Sedán,6
Volkswagen,29000,Salta,12258.06,Hatchback,6
Peugeot,84000,Ciudad Autónoma Buenos Aires,10000.0,Hatchback,13
Chevrolet,112600,Buenos Aires (A.M.B.A.),5806.45,Hatchback,13
Peugeot,42000,Santa Fe,17354.84,SUV,6
Toyota,121790,Buenos Aires (A.M.B.A.),22580.65,Pickup,10
Renault,88400,Córdoba,7741.94,Hatchback,10
Renault,85000,Buenos Aires (A.M.B.A.),14000.0,Sedán,9
Chevrolet,70821,Córdoba,13454.84,Hatchback,4
Chevrolet,140000,Salta,14193.55,Sedán,8
Chevrolet,36500,Ciudad Autónoma Buenos Aires,19516.13,Sedán,4
Nissan,60000,Córdoba,12258.06,Hatchback,7
Honda,82500,Mendoza,21032.26,SUV,5
Ford,175000,Buenos Aires (A.M.B.A.),22000.0,Pickup,9
Jeep,89000,Ciudad Autónoma Buenos Aires,26387.1,SUV,5
Volkswagen,140000,Buenos Aires,18387.1,Pickup,7
BMW,157000,Ciudad Autónoma Buenos Aires,30500.0,Coupé,19
Subaru,140000,Buenos Aires (A.M.B.A.),22000.0,SUV,9
Volkswagen,81000,Mendoza,11741.94,Hatchback,8
FIAT,39500,Córdoba,14516.13,Sedán,4
Chevrolet,105768,Córdoba,12516.13,Sedán,9
Volkswagen,312000,Buenos Aires,6774.19,Sedán,12
Citroën,135000,Buenos Aires (A.M.B.A.),6774.19,Minivan,15
DFSK,170000,Buenos Aires (A.M.B.A.),11612.9,Pickup,8
Chevrolet,158000,Neuquén,9032.26,Sedán,8
FIAT,140000,Buenos Aires,15483.87,Pickup,9
Renault,124000,Ciudad Autónoma Buenos Aires,11935.48,Sedán,6
Honda,99000,Buenos Aires,17000.0,Hatchback,9
FIAT,148000,Mendoza,7741.94,Furgón,12
FIAT,36500,Ciudad Autónoma Buenos Aires,14516.13,Sedán,3
Ford,140000,Mendoza,4129.03,Hatchback,20
Toyota,305000,Ciudad Autónoma Buenos Aires,24193.55,Pickup,7
Peugeot,34000,Misiones,12896.77,Hatchback,8
Renault,78000,Buenos Aires (A.M.B.A.),13225.81,SUV,7
Honda,162000,Buenos Aires (A.M.B.A.),16500.0,SUV,10
Ford,148000,Buenos Aires (A.M.B.A.),9677.42,Hatchback,9
Renault,191000,Buenos Aires,7612.9,Hatchback,15
Chery,114822,Córdoba,13454.84,SUV,4
Volkswagen,130000,Córdoba,19354.84,Coupé,13
Peugeot,98000,Córdoba,6129.03,Sedán,14
Ford,129500,San Luis,9900.0,SUV,11
Jeep,14000,Buenos Aires,23096.77,SUV,1
MINI,83000,Ciudad Autónoma Buenos Aires,21000.0,Hatchback,9
FIAT,88800,Córdoba,9032.26,Sedán,11
Citroën,137000,Buenos Aires (A.M.B.A.),8064.52,Sedán,11
Renault,102450,Buenos Aires (A.M.B.A.),7096.77,Hatchback,12
Renault,92000,Ciudad Autónoma Buenos Aires,10451.61,SUV,8
Chevrolet,102611,Córdoba,15645.16,Sedán,5
Mercedes,90000,Ciudad Autónoma Buenos Aires,33500.0,Hatchback,8
Volkswagen,181000,Buenos Aires (A.M.B.A.),7419.35,Minivan,13
Volkswagen,192000,Buenos Aires (A.M.B.A.),10967.74,Minivan,11
Volkswagen,62000,Ciudad Autónoma Buenos Aires,8064.52,Hatchback,15
Ford,78000,Ciudad Autónoma Buenos Aires,10500.0,Hatchback,7
Lifan,116000,Buenos Aires (A.M.B.A.),8967.74,Pickup,9
BMW,17000,San Juan,28000.0,Hatchback,10
FIAT,108000,Mendoza,8387.1,Hatchback,8
Volkswagen,45000,Neuquén,10645.16,Hatchback,11
Chevrolet,195000,Buenos Aires (A.M.B.A.),4516.13,Hatchback,18
Citroën,68000,Buenos Aires (A.M.B.A.),13870.97,SUV,6
Renault,200000,Buenos Aires (A.M.B.A.),18451.61,Furgón,14
Audi,69000,Mendoza,34000.0,SUV,7
Peugeot,30000,Córdoba,11935.48,Hatchback,4
Citroën,46000,Buenos Aires (A.M.B.A.),10967.74,Sedán,9
Peugeot,59000,Buenos Aires (A.M.B.A.),10322.58,Sedán,12
Toyota,92000,Salta,14000.0,Hatchback,6
Peugeot,64000,Ciudad Autónoma Buenos Aires,9612.9,Hatchback,7
MG,1000,Ciudad Autónoma Buenos Aires,29900.0,SUV,0
Peugeot,1,Ciudad Autónoma Buenos Aires,6129.03,Furgón,0
MINI,105000,Mendoza,20500.0,Hatchback,7
DS,64000,Ciudad Autónoma Buenos Aires,14900.0,Hatchback,7
Ford,104400,Mendoza,9032.26,Hatchback,15
Chevrolet,175000,Córdoba,5806.45,Sedán,13
Nissan,143000,Tierra del Fuego,7741.94,Hatchback,11
BMW,140788,Buenos Aires (A.M.B.A.),19900.0,Hatchback,10
Jeep,30000,Santa Fe,16129.03,SUV,16
Ford,113000,Buenos Aires,7419.35,Sedán,15
Volkswagen,78600,Ciudad Autónoma Buenos Aires,12258.06,Minivan,7
Volkswagen,166100,Buenos Aires,13000.0,Sedán,15
Honda,198000,Entre Ríos,5161.29,Hatchback,20
Ford,153700,Buenos Aires (A.M.B.A.),2774.19,Sedán,31
Chevrolet,148000,Ciudad Autónoma Buenos Aires,6258.06,Hatchback,14
Nissan,148000,Córdoba,11870.97,Sedán,9
Audi,108936,Córdoba,17209.68,Hatchback,8
Volkswagen,86600,Ciudad Autónoma Buenos Aires,16774.19,SUV,5
Honda,171000,Tierra del Fuego,7741.94,Sedán,13
Peugeot,86000,Ciudad Autónoma Buenos Aires,6451.61,Hatchback,13
Honda,124000,Buenos Aires (A.M.B.A.),13000.0,Hatchback,12
Toyota,56000,Buenos Aires (A.M.B.A.),24967.74,SUV,4
Ford,124000,Buenos Aires (A.M.B.A.),6451.61,Hatchback,10
Ford,74636,Buenos Aires (A.M.B.A.),9677.42,SUV,20
BMW,113000,Buenos Aires,21500.0,Hatchback,9
Renault,130000,Tucumán,10967.74,SUV,10
Volkswagen,186000,Mendoza,11870.97,Sedán,13
Audi,141000,Córdoba,12580.65,SUV,16
Ford,131500,Chaco,11290.32,Sedán,10
Jeep,140000,Buenos Aires (A.M.B.A.),15000.0,SUV,20
Peugeot,59000,Buenos Aires (A.M.B.A.),9677.42,SUV,7
FIAT,37600,Ciudad Autónoma Buenos Aires,15806.45,Sedán,2
Citroën,126000,Santa Fe,9500.0,Sedán,9
Peugeot,194000,Buenos Aires (A.M.B.A.),6774.19,Sedán,15
Toyota,75000,Córdoba,32000.0,SUV,3
Peugeot,56000,Ciudad Autónoma Buenos Aires,15000.0,Hatchback,7
Peugeot,51000,Ciudad Autónoma Buenos Aires,3870.97,Hatchback,6
Chevrolet,35200,Buenos Aires,16000.0,Hatchback,5
Honda,19300,Ciudad Autónoma Buenos Aires,23000.0,SUV,6
Jeep,156000,Tucumán,11612.9,SUV,10
Citroën,74000,Ciudad Autónoma Buenos Aires,15419.35,Sedán,6
Volkswagen,169000,Buenos Aires (A.M.B.A.),6387.1,Minivan,13
Chevrolet,129000,Santa Fe,11935.48,Sedán,9
Peugeot,172000,Buenos Aires (A.M.B.A.),6774.19,Hatchback,13
Jeep,94000,Ciudad Autónoma Buenos Aires,17000.0,SUV,8
Toyota,24500,Córdoba,29032.26,Sedán,1
Toyota,61500,Entre Ríos,16451.61,Sedán,3
Peugeot,48000,Ciudad Autónoma Buenos Aires,14516.13,Hatchback,3
Volkswagen,99000,Buenos Aires (A.M.B.A.),22900.0,Hatchback,8
Volkswagen,109000,Buenos Aires,16129.03,Sedán,9
Mercedes,196000,Catamarca,17000.0,Furgón,26
Toyota,134000,Ciudad Autónoma Buenos Aires,9032.26,Sedán,12
Toyota,30600,Buenos Aires (A.M.B.A.),25741.94,SUV,5
Renault,120000,Chubut,10000.0,SUV,13
Ford,56400,Ciudad Autónoma Buenos Aires,14000.0,Hatchback,7
Volkswagen,102425,San Luis,6193.55,Hatchback,15
FIAT,43000,Buenos Aires,15483.87,Sedán,2
Volkswagen,54000,Buenos Aires (A.M.B.A.),21000.0,SUV,3
Peugeot,340000,Mendoza,2903.23,Hatchback,26
Renault,100000,Tucumán,12258.06,SUV,7
Mercedes,93000,Buenos Aires,24000.0,Sedán,13
Honda,138000,Buenos Aires (A.M.B.A.),8387.1,Sedán,12
Volkswagen,91000,Buenos Aires,11935.48,SUV,10
Ford,218000,Buenos Aires,19000.0,Pickup,8
Citroën,114000,Ciudad Autónoma Buenos Aires,8064.52,Minivan,14
Ford,120000,Ciudad Autónoma Buenos Aires,7500.0,Hatchback,9
Volkswagen,70000,Ciudad Autónoma Buenos Aires,18000.0,Hatchback,11
Volkswagen,130000,Buenos Aires,10967.74,Hatchback,6
Peugeot,15000,Ciudad Autónoma Buenos Aires,8387.1,Hatchback,2
Volkswagen,104000,Ciudad Autónoma Buenos Aires,10645.16,Hatchback,7
FIAT,177000,Córdoba,12580.65,Pickup,9
Toyota,105000,Buenos Aires (A.M.B.A.),15800.0,Hatchback,8
Toyota,114400,San Luis,14838.71,Sedán,11
Volkswagen,71000,Ciudad Autónoma Buenos Aires,17900.0,Hatchback,10
Chevrolet,170000,Ciudad Autónoma Buenos Aires,6451.61,Hatchback,14
Renault,80300,Buenos Aires (A.M.B.A.),10064.52,Sedán,8
Citroën,176000,Buenos Aires,7000.0,Minivan,17
Volkswagen,150000,Córdoba,5483.87,Minivan,17
Peugeot,130000,Buenos Aires,7419.35,Sedán,9
Toyota,80513,Buenos Aires (A.M.B.A.),15483.87,Hatchback,7
Peugeot,187000,Buenos Aires,10500.0,Furgón,10
Toyota,258000,Buenos Aires,9354.84,Sedán,11
Renault,92000,Ciudad Autónoma Buenos Aires,7096.77,Hatchback,12
FIAT,11500,Ciudad Autónoma Buenos Aires,23500.0,Pickup,1
Volkswagen,187000,Ciudad Autónoma Buenos Aires,5935.48,Hatchback,17
Toyota,157000,Mendoza,10903.23,Sedán,14
Volkswagen,127000,Santa Fe,14838.71,SUV,5
Dodge,212000,Ciudad Autónoma Buenos Aires,9000.0,SUV,14
Toyota,171000,Buenos Aires (A.M.B.A.),9225.81,Hatchback,10
Daihatsu,1000,Mendoza,50322.58,Hatchback,32
FIAT,155000,Ciudad Autónoma Buenos Aires,7677.42,Sedán,14
Ford,36000,Ciudad Autónoma Buenos Aires,32500.0,Pickup,3
Ford,137000,Buenos Aires,10645.16,Hatchback,10
FIAT,54001,Ciudad Autónoma Buenos Aires,13500.0,Sedán,4
FIAT,58000,Córdoba,22258.06,Pickup,3
Ford,96000,Ciudad Autónoma Buenos Aires,15806.45,Hatchback,8
Volkswagen,82000,Córdoba,10193.55,Hatchback,7
Volkswagen,89000,Santa Fe,12258.06,Hatchback,8
Mitsubishi,211000,Catamarca,17000.0,SUV,20
Ford,160000,Córdoba,6129.03,SUV,19
Peugeot,82000,Misiones,8967.74,Cabriolet,12
Toyota,84700,Ciudad Autónoma Buenos Aires,14300.0,Hatchback,8
Ford,162200,Entre Ríos,21290.32,Pickup,6
Audi,18000,Ciudad Autónoma Buenos Aires,19500.0,Hatchback,9
Daihatsu,123454,Buenos Aires,14500.0,SUV,46
Chevrolet,81330,Córdoba,18064.52,Sedán,4
Citroën,196000,Ciudad Autónoma Buenos Aires,4387.1,Hatchback,15
FIAT,82000,Ciudad Autónoma Buenos Aires,13500.0,Hatchback,8
DS,83000,Buenos Aires,12903.23,Hatchback,8
Chevrolet,10547,Corrientes,4064.52,Pickup,56
Chevrolet,155000,Santa Fe,8387.1,Sedán,10
Peugeot,24466,Buenos Aires (A.M.B.A.),29032.26,SUV,2
Volkswagen,92000,Ciudad Autónoma Buenos Aires,8709.68,Hatchback,10
Peugeot,100000,Ciudad Autónoma Buenos Aires,3870.97,Sedán,15
Peugeot,21000,Ciudad Autónoma Buenos Aires,2580.65,Hatchback,3
Toyota,700,Buenos Aires,51612.9,Pickup,1
Ford,33200,Buenos Aires (A.M.B.A.),13225.81,SUV,8
Nissan,89000,Buenos Aires (A.M.B.A.),19900.0,SUV,5
Citroën,187635,Buenos Aires (A.M.B.A.),7096.77,Hatchback,12
Jeep,90600,Buenos Aires,15000.0,SUV,9
Peugeot,53000,Ciudad Autónoma Buenos Aires,4516.13,Hatchback,7
Peugeot,115000,Buenos Aires,10000.0,Hatchback,10
Peugeot,293000,Santa Fe,5096.77,Sedán,14
Renault,59000,Ciudad Autónoma Buenos Aires,15161.29,Sedán,2
Chevrolet,173000,Salta,10322.58,Sedán,9
Volkswagen,93400,Entre Ríos,11612.9,Minivan,8
BMW,130000,Córdoba,26000.0,Sedán,13
Toyota,130000,Buenos Aires (A.M.B.A.),4967.74,Sedán,13
Chevrolet,58000,Mendoza,24838.71,Pickup,6
Volkswagen,22000,Buenos Aires (A.M.B.A.),28500.0,SUV,2
Nissan,60000,Buenos Aires (A.M.B.A.),17000.0,Sedán,5
FIAT,11000,Córdoba,22903.23,SUV,1
Ford,230000,Mendoza,8400.0,Hatchback,14
Peugeot,78000,Buenos Aires (A.M.B.A.),11900.0,Hatchback,8
Peugeot,134000,Buenos Aires,7741.94,Hatchback,13
Chevrolet,135000,Ciudad Autónoma Buenos Aires,12838.71,Sedán,9
Volkswagen,54000,Buenos Aires (A.M.B.A.),15483.87,Sedán,3
Chevrolet,52000,Córdoba,18548.39,Hatchback,4
Renault,335000,Buenos Aires (A.M.B.A.),15806.45,Furgón,15
Peugeot,66000,Ciudad Autónoma Buenos Aires,10258.06,Furgón,6
FIAT,275000,Mendoza,6967.74,Hatchback,14
Renault,150000,Buenos Aires (A.M.B.A.),7096.77,Sedán,9
Peugeot,21500,Santa Fe,16774.19,Hatchback,3
FIAT,159000,Córdoba,16000.0,Pickup,8
Toyota,137000,Buenos Aires (A.M.B.A.),28000.0,Pickup,13
Renault,125000,Buenos Aires (A.M.B.A.),10322.58,Sedán,9
FIAT,283000,Entre Ríos,1161.29,Hatchback,32
MG,1000,Ciudad Autónoma Buenos Aires,25900.0,Hatchback,0
Chevrolet,160000,Chaco,4516.13,Hatchback,15
Peugeot,55000,Ciudad Autónoma Buenos Aires,7741.94,Hatchback,2
Chery,198600,Buenos Aires (A.M.B.A.),3096.77,Hatchback,14
Citroën,166000,Ciudad Autónoma Buenos Aires,4838.71,Minivan,18
Volkswagen,25000,Ciudad Autónoma Buenos Aires,3870.97,SUV,2
Ford,144000,Ciudad Autónoma Buenos Aires,9990.0,Hatchback,11
Honda,93000,Mendoza,14000.0,Sedán,15
Audi,186000,Córdoba,25000.0,Coupé,16
Peugeot,20800,Mendoza,16774.19,Hatchback,2
Renault,260000,Córdoba,7741.94,SUV,13
Chevrolet,95000,Santa Fe,12903.23,Sedán,5
Volkswagen,250000,Buenos Aires (A.M.B.A.),6774.19,Hatchback,11
Mercedes,12000,Córdoba,64000.0,SUV,2
Ford,53200,Santa Fe,11000.0,Hatchback,10
Ford,133000,Buenos Aires,9032.26,Hatchback,9
Citroën,75000,Santa Fe,7677.42,Hatchback,12
Peugeot,136000,Ciudad Autónoma Buenos Aires,7090.32,Hatchback,14
Audi,9527,Buenos Aires (A.M.B.A.),42500.0,SUV,2
Chevrolet,150000,Buenos Aires,11290.32,SUV,10
Peugeot,64000,Buenos Aires,10967.74,Hatchback,9
Volkswagen,90000,Ciudad Autónoma Buenos Aires,24500.0,SUV,4
Peugeot,55000,Ciudad Autónoma Buenos Aires,7741.94,Hatchback,7
FIAT,140000,Buenos Aires,7741.94,Hatchback,13
Peugeot,187000,Buenos Aires (A.M.B.A.),9800.0,SUV,10
Chery,137000,Mendoza,10967.74,SUV,7
Ford,20200,Buenos Aires (A.M.B.A.),75000.0,Pickup,2
Ford,57000,Buenos Aires,10838.71,Hatchback,7
Renault,174000,Buenos Aires (A.M.B.A.),7419.35,Sedán,13
Renault,138000,Buenos Aires (A.M.B.A.),9032.26,Sedán,8
Renault,72000,Córdoba,14193.55,SUV,9
Chevrolet,94000,Ciudad Autónoma Buenos Aires,7096.77,Hatchback,12
Volkswagen,92000,Neuquén,10322.58,Minivan,11
FIAT,190000,Buenos Aires (A.M.B.A.),13000.0,Pickup,8
RAM,74000,Buenos Aires (A.M.B.A.),53500.0,Pickup,4
Volkswagen,176000,Mendoza,6129.03,Sedán,17
FIAT,7600,Buenos Aires (A.M.B.A.),14193.55,Sedán,5
Ford,160000,Santa Fe,8129.03,Hatchback,13
Renault,163000,Buenos Aires (A.M.B.A.),3096.77,Hatchback,20
Toyota,361000,Neuquén,17741.94,Pickup,7
Ford,270000,Mendoza,12580.65,Pickup,11
Isuzu,303000,Córdoba,10500.0,SUV,28
Chevrolet,42000,Santa Fe,30000.0,SUV,2
Nissan,53000,Buenos Aires (A.M.B.A.),18387.1,Sedán,5
FIAT,244000,Ciudad Autónoma Buenos Aires,8000.0,Hatchback,15
Renault,156000,Neuquén,7096.77,Hatchback,13
Ford,257000,Ciudad Autónoma Buenos Aires,16129.03,Pickup,12
Volkswagen,83000,Ciudad Autónoma Buenos Aires,9032.26,Hatchback,10
Volkswagen,144000,Mendoza,38500.0,Pickup,7
Citroën,123000,Buenos Aires (A.M.B.A.),7741.94,Minivan,14
Volkswagen,93000,Buenos Aires (A.M.B.A.),10000.0,Hatchback,7
Ford,96000,Buenos Aires (A.M.B.A.),5741.94,Hatchback,13
Chevrolet,65000,Córdoba,10967.74,Hatchback,5
Renault,75000,Ciudad Autónoma Buenos Aires,11290.32,Hatchback,8
Chevrolet,73000,Ciudad Autónoma Buenos Aires,12580.65,Sedán,6
Ford,44000,Córdoba,32000.0,SUV,2
Peugeot,132000,Buenos Aires (A.M.B.A.),9225.81,Hatchback,13
Volkswagen,206273,Buenos Aires (A.M.B.A.),8000.0,Hatchback,11
Ford,48157,Ciudad Autónoma Buenos Aires,9354.84,Hatchback,15
BMW,160500,Buenos Aires (A.M.B.A.),17000.0,Sedán,14
Volkswagen,130000,Córdoba,9677.42,Hatchback,11
Nissan,85000,Ciudad Autónoma Buenos Aires,10000.0,Sedán,9
Peugeot,24000,Córdoba,20000.0,Hatchback,2
Chevrolet,220000,Santa Fe,5354.84,Minivan,16
Toyota,9000,Buenos Aires (A.M.B.A.),33500.0,SUV,2
Chevrolet,98000,Córdoba,6580.65,Sedán,11
Chevrolet,103000,Buenos Aires (A.M.B.A.),13548.39,Sedán,8
FIAT,106000,Ciudad Autónoma Buenos Aires,11612.9,Hatchback,8
Mercedes,83000,Buenos Aires (A.M.B.A.),35500.0,Hatchback,7
Chery,180000,Buenos Aires,12000.0,SUV,9
Volkswagen,13000,Buenos Aires (A.M.B.A.),7032.26,SUV,13
Volkswagen,102000,Tucumán,26129.03,Pickup,3
Peugeot,41000,Córdoba,14838.71,SUV,5
FIAT,165369,Buenos Aires (A.M.B.A.),6193.55,Hatchback,11
Chevrolet,86000,Buenos Aires (A.M.B.A.),7419.35,Hatchback,10
Renault,159000,Ciudad Autónoma Buenos Aires,11900.0,SUV,9
Peugeot,168000,Buenos Aires (A.M.B.A.),9000.0,Hatchback,15
Ford,80000,Mendoza,11290.32,Sedán,12
Volkswagen,202000,Buenos Aires (A.M.B.A.),7419.35,Sedán,13
Volkswagen,210000,Buenos Aires,16774.19,Pickup,12
Toyota,96000,Buenos Aires,38000.0,SUV,9
Ford,102000,Córdoba,10322.58,Hatchback,10
Alfa Romeo,119000,Ciudad Autónoma Buenos Aires,11800.0,Hatchback,15
Toyota,94000,Ciudad Autónoma Buenos Aires,19225.81,Sedán,5
Renault,76000,Mendoza,8129.03,Hatchback,8
Ford,75000,Ciudad Autónoma Buenos Aires,11290.32,Hatchback,6
Peugeot,199000,Buenos Aires (A.M.B.A.),6451.61,Hatchback,14
Peugeot,123000,Buenos Aires (A.M.B.A.),10322.58,Hatchback,12
FIAT,183500,Buenos Aires (A.M.B.A.),8709.68,Furgón,14
Ford,236000,Buenos Aires (A.M.B.A.),9000.0,SUV,13
Ford,148000,Buenos Aires (A.M.B.A.),17500.0,Pickup,9
FIAT,96000,Córdoba,11161.29,Sedán,6
Toyota,77500,Córdoba,24838.71,SUV,5
Chevrolet,72272,Córdoba,20232.26,SUV,3
Mercedes,147000,Ciudad Autónoma Buenos Aires,18000.0,Minivan,22
Chevrolet,315000,Buenos Aires,10645.16,Pickup,14
Ford,160000,Buenos Aires,27419.35,Pickup,5
Volkswagen,95600,Tucumán,8064.52,Sedán,10
Peugeot,86500,Ciudad Autónoma Buenos Aires,10967.74,SUV,9
FIAT,2100,Ciudad Autónoma Buenos Aires,20451.61,Sedán,1
Peugeot,114000,Buenos Aires (A.M.B.A.),9935.48,Hatchback,12
Citroën,106000,Buenos Aires (A.M.B.A.),8064.52,Hatchback,13
Ford,193000,Buenos Aires (A.M.B.A.),8000.0,Hatchback,17
Citroën,120000,Buenos Aires (A.M.B.A.),10516.13,Furgón,8
Ford,101000,Santa Fe,8709.68,Hatchback,12
Toyota,65000,Neuquén,43870.97,Pickup,4
Renault,210000,Ciudad Autónoma Buenos Aires,7419.35,Hatchback,10
Jeep,53356,San Luis,18387.1,SUV,6
Toyota,55000,Ciudad Autónoma Buenos Aires,13548.39,Sedán,6
BMW,142000,Buenos Aires (A.M.B.A.),16000.0,SUV,13
Peugeot,65000,Córdoba,7419.35,Hatchback,11
Volkswagen,117000,Santa Fe,8064.52,Hatchback,14
Hyundai,40000,Ciudad Autónoma Buenos Aires,22000.0,Coupé,16
Volkswagen,90000,Ciudad Autónoma Buenos Aires,11806.45,Hatchback,5
Audi,91800,Ciudad Autónoma Buenos Aires,27990.0,SUV,7
Renault,99000,Córdoba,7096.77,Hatchback,13
Ford,109000,Ciudad Autónoma Buenos Aires,9225.81,Hatchback,8
Renault,190000,Entre Ríos,9032.26,Hatchback,10
Citroën,133000,Salta,10967.74,Hatchback,7
Ford,35000,Mendoza,20645.16,Pickup,7
FIAT,117000,Córdoba,16645.16,Pickup,8
Toyota,234000,Santa Fe,15161.29,Pickup,11
Volkswagen,123500,Buenos Aires (A.M.B.A.),10838.71,Sedán,11
Ford,154000,Córdoba,8967.1,Hatchback,12
Lifan,108000,Ciudad Autónoma Buenos Aires,11290.32,Pickup,6
Volkswagen,9200,Ciudad Autónoma Buenos Aires,27419.35,SUV,1
Chevrolet,80000,Buenos Aires (A.M.B.A.),16451.61,Sedán,4
Peugeot,70533,Santa Fe,14000.0,Furgón,6
Renault,133000,Córdoba,10322.58,SUV,9
Subaru,99000,Buenos Aires,25500.0,SUV,10
Citroën,133500,Ciudad Autónoma Buenos Aires,10500.0,SUV,12
FIAT,109285,San Luis,9032.26,Hatchback,10
Ford,87000,Salta,14193.55,SUV,8
Audi,77500,Ciudad Autónoma Buenos Aires,34900.0,Sedán,5
FIAT,200000,Buenos Aires,6774.19,Wagon,15
Peugeot,50000,Ciudad Autónoma Buenos Aires,4838.71,Hatchback,5
Ford,4900,Ciudad Autónoma Buenos Aires,35500.0,Pickup,1
Volkswagen,30000,Santa Fe,6322.58,Hatchback,19
Honda,136000,Buenos Aires (A.M.B.A.),15500.0,SUV,9
Toyota,95000,Misiones,16129.03,Pickup,5
Peugeot,15000,Ciudad Autónoma Buenos Aires,1935.48,Hatchback,2
Volkswagen,148000,Entre Ríos,27741.94,Pickup,5
Toyota,211000,Salta,17741.94,Pickup,18
Nissan,78000,Salta,23225.81,SUV,2
Renault,186000,Ciudad Autónoma Buenos Aires,7741.94,Furgón,13
Peugeot,114243,San Luis,7096.77,Hatchback,14
Renault,90000,Buenos Aires (A.M.B.A.),17741.94,Furgón,4
Peugeot,50000,Ciudad Autónoma Buenos Aires,12903.23,SUV,8
FIAT,180000,Mendoza,5322.58,Hatchback,12
FIAT,136000,Buenos Aires (A.M.B.A.),8225.81,Hatchback,11
Renault,116000,Buenos Aires,10967.74,Hatchback,8
Volkswagen,78500,Mendoza,20645.16,Pickup,7
Renault,128000,Buenos Aires (A.M.B.A.),11741.94,Hatchback,7
Renault,62660,Ciudad Autónoma Buenos Aires,7935.48,Hatchback,8
Ford,143000,Buenos Aires,11500.0,SUV,9
Peugeot,85000,Córdoba,23500.0,SUV,8
Volkswagen,149000,Buenos Aires (A.M.B.A.),12500.0,Sedán,13
Peugeot,23000,Buenos Aires (A.M.B.A.),21000.0,SUV,8
FIAT,90000,Misiones,10645.16,Hatchback,8
Renault,85000,Buenos Aires (A.M.B.A.),11900.0,Hatchback,7
Peugeot,30000,Ciudad Autónoma Buenos Aires,4193.55,Hatchback,4
Audi,171000,Corrientes,14516.13,SUV,15
Suzuki,187000,Buenos Aires (A.M.B.A.),4645.16,Hatchback,19
FIAT,31,Córdoba,26428.39,SUV,1
Ford,214000,Buenos Aires,25000.0,Pickup,33
Peugeot,32000,Ciudad Autónoma Buenos Aires,5806.45,Hatchback,5
Citroën,21000,Buenos Aires (A.M.B.A.),17419.35,SUV,1
Peugeot,37000,Ciudad Autónoma Buenos Aires,4193.55,Hatchback,5
Chevrolet,148000,Mendoza,4838.71,Hatchback,18
Toyota,93500,Chaco,16129.03,Hatchback,5
Citroën,204000,Buenos Aires (A.M.B.A.),7200.0,Minivan,13
Volkswagen,159400,Buenos Aires,9500.0,Sedán,13
Volkswagen,141768,Ciudad Autónoma Buenos Aires,6774.19,Minivan,16
Citroën,131500,Córdoba,8903.23,Sedán,10
KIA,220000,Santa Fe,7741.94,SUV,16
Renault,210000,Mendoza,6903.23,SUV,16
Citroën,170000,Santa Fe,13225.81,Minivan,9
Peugeot,15000,Córdoba,17354.84,Hatchback,1
Ford,400000,San Luis,6580.65,Pickup,46
Nissan,188000,Córdoba,9032.26,Sedán,12
Peugeot,160000,Salta,7096.77,Pickup,13
Nissan,430000,Buenos Aires,4838.71,SUV,34
Peugeot,34000,Ciudad Autónoma Buenos Aires,3870.97,Furgón,7
Nissan,98000,Mendoza,18500.0,SUV,6
FIAT,110000,Misiones,12903.23,Pickup,9
Peugeot,50000,Ciudad Autónoma Buenos Aires,5806.45,SUV,4
Renault,1,Córdoba,25161.29,SUV,0
Ford,49000,Córdoba,12903.23,SUV,5
Peugeot,32000,Ciudad Autónoma Buenos Aires,4516.13,Hatchback,4
Citroën,48000,Santa Fe,10903.23,Hatchback,7
Volkswagen,177500,Buenos Aires,13870.97,Sedán,8
Toyota,167000,Buenos Aires (A.M.B.A.),15000.0,Sedán,10
Jeep,56000,Santa Fe,19677.42,SUV,5
Mercedes,19000,Ciudad Autónoma Buenos Aires,27000.0,Hatchback,12
Ford,95500,Mendoza,10000.0,SUV,11
Peugeot,45000,Ciudad Autónoma Buenos Aires,4516.13,Hatchback,5
Peugeot,233765,Mendoza,4838.71,Hatchback,19
FIAT,76000,Córdoba,11612.9,Sedán,7
Audi,86000,Ciudad Autónoma Buenos Aires,68900.0,Hatchback,8
Peugeot,162692,Buenos Aires (A.M.B.A.),7741.94,Furgón,14
FIAT,173000,Córdoba,4838.71,Hatchback,16
Ford,44000,Buenos Aires,45096.77,Pickup,1
FIAT,130000,Mendoza,16064.52,Pickup,4
Renault,168000,Entre Ríos,4516.13,Hatchback,20
Peugeot,700000,Misiones,10322.58,Hatchback,9
Renault,171000,Córdoba,15161.29,Furgón,17
Renault,52000,Buenos Aires (A.M.B.A.),12903.23,SUV,4
Volkswagen,22500,Ciudad Autónoma Buenos Aires,2258.06,SUV,2
Honda,130300,Neuquén,13500.0,Hatchback,12
KIA,107000,La Pampa,25000.0,SUV,8
Ford,188000,Buenos Aires,12000.0,Hatchback,11
Volkswagen,20000,Ciudad Autónoma Buenos Aires,2258.06,SUV,2
Toyota,50000,Ciudad Autónoma Buenos Aires,12516.13,Sedán,8
Honda,186000,Buenos Aires (A.M.B.A.),13000.0,Sedán,12
Volkswagen,168500,Buenos Aires,10000.0,Sedán,12
Chevrolet,148000,Buenos Aires (A.M.B.A.),15000.0,Hatchback,9
Peugeot,38000,Ciudad Autónoma Buenos Aires,28000.0,SUV,4
Ford,181215,Córdoba,20000.0,Pickup,10
Ford,176800,Córdoba,16129.03,Pickup,11
Citroën,142000,Buenos Aires (A.M.B.A.),7200.0,Minivan,17
Ford,260000,Mendoza,3548.39,Hatchback,22
Hyundai,195000,Ciudad Autónoma Buenos Aires,6900.0,Hatchback,15
Ford,90000,Tucumán,23225.81,Pickup,8
Ford,198000,Ciudad Autónoma Buenos Aires,18900.0,Pickup,12
Nissan,9700,Buenos Aires (A.M.B.A.),18064.52,Sedán,3
Peugeot,36000,Ciudad Autónoma Buenos Aires,4516.13,Hatchback,4
Chevrolet,139000,Córdoba,9999.35,SUV,12
Chevrolet,175000,Ciudad Autónoma Buenos Aires,12500.0,Sedán,8
Ford,29000,Entre Ríos,22903.23,Pickup,2
FIAT,202000,Buenos Aires (A.M.B.A.),5612.9,Wagon,19
Ford,153000,Buenos Aires (A.M.B.A.),11741.94,SUV,11
Alfa Romeo,132000,Córdoba,11290.32,Hatchback,13
Hyundai,10000,Ciudad Autónoma Buenos Aires,20000.0,Hatchback,1
Volkswagen,134000,Santa Fe,9354.84,Hatchback,10
Nissan,82000,Buenos Aires (A.M.B.A.),10193.55,Hatchback,9
Chevrolet,88514,Buenos Aires,10000.0,Sedán,11
Chevrolet,2500,Misiones,23870.97,SUV,1
MINI,123000,Ciudad Autónoma Buenos Aires,21900.0,SUV,9
Volkswagen,82000,Córdoba,11096.77,Hatchback,7
Renault,96000,Salta,9677.42,Hatchback,8
Peugeot,115000,Ciudad Autónoma Buenos Aires,9677.42,SUV,10
Mercedes,47000,Tucumán,24516.13,Cabriolet,8
Volkswagen,50000,Ciudad Autónoma Buenos Aires,18000.0,Sedán,10
Ford,173000,Córdoba,9677.42,SUV,12
Citroën,34890,Misiones,11612.9,Sedán,8
Peugeot,112000,Ciudad Autónoma Buenos Aires,11000.0,SUV,10
DS,16000,Tucumán,14900.0,Hatchback,8
Chevrolet,66000,Ciudad Autónoma Buenos Aires,9800.0,Hatchback,9
Chevrolet,118000,Ciudad Autónoma Buenos Aires,7870.97,Sedán,11
Jeep,80100,Córdoba,19900.0,SUV,5
Citroën,85500,Buenos Aires,8709.68,Sedán,12
Ford,1000,Mendoza,19500.0,Clásico,97
Chevrolet,233765,Mendoza,7741.94,Pickup,14
Chevrolet,267000,Córdoba,6774.19,Hatchback,18
Renault,161700,Córdoba,12192.9,SUV,8
Peugeot,64000,Ciudad Autónoma Buenos Aires,9967.74,Furgón,7
Renault,78000,Chaco,12258.06,SUV,10
Renault,146000,Buenos Aires (A.M.B.A.),6451.61,Furgón,14
Toyota,17000,Ciudad Autónoma Buenos Aires,48900.0,Hatchback,5
Volkswagen,118000,Ciudad Autónoma Buenos Aires,2580.65,Hatchback,30
FIAT,163867,Buenos Aires (A.M.B.A.),7741.94,Sedán,11
Citroën,54000,Córdoba,10838.71,Hatchback,6
Volkswagen,135100,Mendoza,8387.1,Minivan,12
Peugeot,87000,Ciudad Autónoma Buenos Aires,7677.42,Sedán,12
Peugeot,59000,Ciudad Autónoma Buenos Aires,11806.45,Hatchback,8
Ford,100000,Ciudad Autónoma Buenos Aires,11290.32,Hatchback,8
FIAT,150000,Córdoba,16116.13,Pickup,3
FIAT,280000,Ciudad Autónoma Buenos Aires,9032.26,Hatchback,8
Toyota,106000,Ciudad Autónoma Buenos Aires,20500.0,Sedán,6
FIAT,103700,Jujuy,10322.58,Hatchback,7
Renault,220000,Buenos Aires (A.M.B.A.),3500.0,Hatchback,21
Toyota,46200,Córdoba,12903.23,Sedán,3
Renault,153000,Mendoza,5806.45,Hatchback,11
Volkswagen,141000,Santa Fe,16774.19,Sedán,10
Ford,175000,Buenos Aires,8322.58,Hatchback,15
Chevrolet,69500,Chaco,9032.26,Sedán,10
Chevrolet,162812,Entre Ríos,4516.13,Hatchback,17
Peugeot,90000,Buenos Aires (A.M.B.A.),13500.0,Hatchback,8
Mercedes,160000,Buenos Aires,18000.0,Sedán,8
Chevrolet,113000,Buenos Aires (A.M.B.A.),14150.0,Sedán,9
Renault,129000,Córdoba,10516.13,SUV,9
Chevrolet,120000,Buenos Aires,12580.65,SUV,8
Volkswagen,170000,Ciudad Autónoma Buenos Aires,21500.0,Pickup,11
Volkswagen,47000,Ciudad Autónoma Buenos Aires,9548.39,Hatchback,2
Ford,200000,San Juan,9677.42,Pickup,40
Citroën,46000,Neuquén,14838.71,SUV,4
Hyundai,190000,Ciudad Autónoma Buenos Aires,26500.0,SUV,9
Renault,780000,Ciudad Autónoma Buenos Aires,11612.9,Hatchback,6
Renault,121000,Córdoba,8903.23,SUV,12
Audi,102000,Ciudad Autónoma Buenos Aires,21900.0,Hatchback,9
Jeep,41804,Córdoba,28322.58,SUV,4
Chevrolet,43000,Ciudad Autónoma Buenos Aires,20000.0,Sedán,3
Chevrolet,48500,Santiago del Estero,16774.19,Sedán,6
Mercedes,92000,Ciudad Autónoma Buenos Aires,23899.0,Sedán,18
Peugeot,21000,Ciudad Autónoma Buenos Aires,13870.97,Hatchback,5
Chevrolet,65000,Santa Fe,16129.03,Sedán,4
Ford,76200,Mendoza,9300.0,Hatchback,11
Volkswagen,175000,Buenos Aires,9032.26,Minivan,12
FIAT,127500,Buenos Aires (A.M.B.A.),6129.03,Hatchback,15
Toyota,7000,Buenos Aires (A.M.B.A.),20000.0,Hatchback,1
Citroën,160000,Buenos Aires (A.M.B.A.),6774.19,Minivan,13
Peugeot,86000,Chaco,9677.42,Hatchback,12
Ford,98500,Ciudad Autónoma Buenos Aires,27000.0,Pickup,10
FIAT,152000,Buenos Aires (A.M.B.A.),7741.94,Sedán,5
Peugeot,165000,Buenos Aires (A.M.B.A.),5032.26,Hatchback,19
Chevrolet,126500,Buenos Aires (A.M.B.A.),8193.55,Sedán,10
Ford,47000,Ciudad Autónoma Buenos Aires,26387.1,SUV,3
Citroën,83000,Ciudad Autónoma Buenos Aires,10990.0,Sedán,12
Peugeot,75000,Buenos Aires (A.M.B.A.),10193.55,Furgón,8
Volkswagen,109000,Ciudad Autónoma Buenos Aires,5490.0,Hatchback,32
Audi,102000,Ciudad Autónoma Buenos Aires,28500.0,Sedán,6
Chevrolet,152000,Ciudad Autónoma Buenos Aires,5677.42,Minivan,15
Peugeot,56000,Ciudad Autónoma Buenos Aires,5161.29,Hatchback,7
Peugeot,45000,Ciudad Autónoma Buenos Aires,4516.13,Hatchback,7
Peugeot,86000,Buenos Aires,9870.97,Hatchback,10
Volkswagen,198000,Mendoza,1225.81,Sedán,15
Peugeot,7000,Ciudad Autónoma Buenos Aires,19500.0,Hatchback,1
Citroën,155000,San Luis,10000.0,Sedán,9
Ford,65500,Ciudad Autónoma Buenos Aires,15290.32,SUV,8
Peugeot,86000,Ciudad Autónoma Buenos Aires,5806.45,Hatchback,10
Peugeot,158000,Ciudad Autónoma Buenos Aires,7735.48,Hatchback,12
Renault,118500,Ciudad Autónoma Buenos Aires,5161.29,Hatchback,20
Audi,135000,Ciudad Autónoma Buenos Aires,56000.0,SUV,8
Toyota,130000,Ciudad Autónoma Buenos Aires,13870.97,Sedán,10
Chevrolet,96000,Ciudad Autónoma Buenos Aires,8032.26,Sedán,11
Ford,154000,Buenos Aires (A.M.B.A.),5741.94,Hatchback,14
Volkswagen,125600,Ciudad Autónoma Buenos Aires,7805.81,Sedán,17
FIAT,118000,Ciudad Autónoma Buenos Aires,8064.52,Hatchback,11
Toyota,110000,Córdoba,14000.0,Sedán,10
Peugeot,127000,Buenos Aires (A.M.B.A.),8645.16,Hatchback,13
Renault,60400,Entre Ríos,15483.87,Hatchback,5
RAM,95010,Entre Ríos,43000.0,Pickup,6
FIAT,95000,Buenos Aires (A.M.B.A.),8967.74,Hatchback,10
Chevrolet,165000,Mendoza,6129.03,Sedán,14
Peugeot,17460,Córdoba,15806.45,Hatchback,4
Mercedes,95000,Buenos Aires,27000.0,Hatchback,13
Ford,108000,Córdoba,12258.06,Hatchback,6
Peugeot,40000,Ciudad Autónoma Buenos Aires,4193.55,Hatchback,5
Toyota,99000,Córdoba,15419.35,Hatchback,5
Honda,61000,Mendoza,25161.29,SUV,4
Renault,122500,Córdoba,11290.32,SUV,11
Chevrolet,175000,San Luis,15161.29,Sedán,9
Hyundai,142000,Buenos Aires,29000.0,Minivan,10
Ford,102300,Entre Ríos,11612.9,Hatchback,11
FIAT,53000,Buenos Aires (A.M.B.A.),20129.03,SUV,3
Volkswagen,151000,Buenos Aires,8709.68,Sedán,13
Toyota,49000,Buenos Aires (A.M.B.A.),17096.77,Sedán,5
Volkswagen,192000,Mendoza,7419.35,Hatchback,13
FIAT,154000,Córdoba,11612.9,Pickup,10
Peugeot,21000,Córdoba,17419.35,Hatchback,2
Audi,124000,Mendoza,16500.0,Sedán,13
FIAT,35000,Misiones,18064.52,Pickup,2
Volkswagen,163000,Córdoba,26000.0,Pickup,11
Mercedes,88000,Ciudad Autónoma Buenos Aires,45000.0,Sedán,8
RAM,18500,Ciudad Autónoma Buenos Aires,39500.0,Pickup,2
Peugeot,62000,Buenos Aires (A.M.B.A.),15500.0,Hatchback,8
Chevrolet,109000,Mendoza,4516.13,Hatchback,24
Citroën,119000,Mendoza,9354.19,Hatchback,12
Ford,200000,Córdoba,5419.35,Hatchback,22
Chevrolet,112000,Buenos Aires (A.M.B.A.),5161.29,Hatchback,15
Nissan,183000,Ciudad Autónoma Buenos Aires,6064.52,Sedán,15
Chevrolet,88500,Santa Fe,13548.39,SUV,8
Ford,40000,Ciudad Autónoma Buenos Aires,12645.16,Hatchback,6
Geely,99000,Buenos Aires (A.M.B.A.),12000.0,SUV,8
Renault,104000,Buenos Aires (A.M.B.A.),7741.94,Hatchback,13
Toyota,85700,Ciudad Autónoma Buenos Aires,18500.0,Sedán,8
Renault,20000,Ciudad Autónoma Buenos Aires,9900.0,Hatchback,11
Chevrolet,50000,Buenos Aires,16451.61,Sedán,5
Volkswagen,25000,Ciudad Autónoma Buenos Aires,4516.13,SUV,2
FIAT,177000,Córdoba,5483.87,Sedán,18
Renault,104000,Ciudad Autónoma Buenos Aires,11900.0,Pickup,10
Volkswagen,121850,Entre Ríos,17741.94,SUV,5
Volkswagen,130000,Córdoba,22580.65,Pickup,4
Peugeot,50000,Ciudad Autónoma Buenos Aires,4193.55,Hatchback,7
Peugeot,37000,Ciudad Autónoma Buenos Aires,12903.23,Furgón,4
Peugeot,25000,Ciudad Autónoma Buenos Aires,5806.45,Hatchback,3
Peugeot,25500,Ciudad Autónoma Buenos Aires,5290.32,Hatchback,3
Renault,230000,Buenos Aires,7096.77,Furgón,15
Volkswagen,128000,Buenos Aires (A.M.B.A.),10645.16,Hatchback,6
FIAT,146000,Mendoza,7096.77,Sedán,11
Ford,59000,Córdoba,2774.19,Pickup,52
Citroën,1100,Formosa,17419.35,SUV,1
Chevrolet,37500,Buenos Aires (A.M.B.A.),13354.84,Minivan,9
FIAT,65000,Santa Fe,10967.74,Sedán,7
Volkswagen,210000,Buenos Aires,6774.19,Sedán,15
Hyundai,92000,Salta,21000.0,Pickup,9
Volkswagen,195000,Mendoza,5483.87,Hatchback,14
Renault,77000,Mendoza,7735.48,Hatchback,13
Peugeot,16000,Ciudad Autónoma Buenos Aires,4838.71,Hatchback,2
FIAT,89351,Córdoba,11548.39,Hatchback,8
FIAT,125000,Chubut,9548.39,Wagon,10
FIAT,46500,Ciudad Autónoma Buenos Aires,13096.77,Sedán,3
FIAT,179000,Ciudad Autónoma Buenos Aires,12129.03,Pickup,9
Ford,122000,Buenos Aires (A.M.B.A.),14451.61,SUV,7
Volkswagen,140000,Buenos Aires (A.M.B.A.),22800.0,Pickup,11
Volkswagen,164000,San Luis,9870.97,Sedán,12
Peugeot,12000,Ciudad Autónoma Buenos Aires,15161.29,Hatchback,3
Ford,38000,Buenos Aires,31000.0,Pickup,3
Renault,142000,Buenos Aires,11677.42,SUV,9
Chevrolet,284000,Buenos Aires (A.M.B.A.),1935.48,Hatchback,22
Volkswagen,157000,Entre Ríos,31290.32,Pickup,2
Jeep,12500,Ciudad Autónoma Buenos Aires,30967.74,SUV,1
FIAT,30000,Buenos Aires (A.M.B.A.),18064.52,Sedán,1
KIA,169000,Ciudad Autónoma Buenos Aires,17000.0,SUV,9
Mercedes,6400,Mendoza,45000.0,Sedán,6
Ford,155000,Buenos Aires,11999.0,SUV,12
Peugeot,125000,Mendoza,10322.58,Hatchback,13
Volkswagen,195000,Buenos Aires,7096.77,Sedán,18
Peugeot,72000,Ciudad Autónoma Buenos Aires,7096.77,Furgón,4
Chevrolet,125000,Buenos Aires (A.M.B.A.),10903.23,Sedán,8
Peugeot,100000,Ciudad Autónoma Buenos Aires,11290.32,SUV,10
Chevrolet,85000,Córdoba,9548.39,Hatchback,7
Renault,130000,Buenos Aires (A.M.B.A.),27000.0,Pickup,5
Renault,86000,Córdoba,9032.26,Hatchback,8
Renault,299000,Buenos Aires (A.M.B.A.),3741.94,Hatchback,19
Volkswagen,95700,Buenos Aires,15354.84,Sedán,8
Chevrolet,45000,Mendoza,12903.23,Minivan,8
Volkswagen,35000,Buenos Aires (A.M.B.A.),22700.0,SUV,6
Ford,129700,Mendoza,3032.26,Hatchback,19
Volkswagen,140000,Buenos Aires,16129.03,Pickup,12
Volkswagen,500,Buenos Aires (A.M.B.A.),28500.0,SUV,0
Chevrolet,162000,Córdoba,4838.71,Hatchback,13
Ford,172000,Buenos Aires,3806.45,Hatchback,23
Peugeot,3000,Buenos Aires (A.M.B.A.),17741.94,Hatchback,1
Volkswagen,153000,San Luis,8903.23,Hatchback,14
Ford,206700,Mendoza,17096.77,Pickup,12
Hyundai,108000,Tucumán,18129.03,SUV,9
Ford,172000,Buenos Aires,9032.26,SUV,13
FIAT,106000,Ciudad Autónoma Buenos Aires,6129.03,Hatchback,13
Toyota,223000,Santa Fe,11935.48,SUV,23
Renault,600000,Santa Fe,2774.19,Clásico,33
Ford,23000,Buenos Aires (A.M.B.A.),44000.0,Pickup,3
Citroën,134800,Buenos Aires (A.M.B.A.),4838.71,Hatchback,16
Renault,31000,Ciudad Autónoma Buenos Aires,10903.23,Hatchback,7
Chevrolet,103000,Buenos Aires (A.M.B.A.),9000.0,Hatchback,12
Chevrolet,117000,Ciudad Autónoma Buenos Aires,10322.58,Sedán,10
Renault,102000,Buenos Aires,33000.0,Sedán,10
Volkswagen,99000,Córdoba,25806.45,Pickup,6
Peugeot,108000,Buenos Aires (A.M.B.A.),7500.0,Hatchback,12
Toyota,175000,Buenos Aires (A.M.B.A.),26645.16,Pickup,10
Jeep,50000,Ciudad Autónoma Buenos Aires,17032.26,SUV,6
FIAT,85000,Ciudad Autónoma Buenos Aires,8967.74,Hatchback,10
Ford,123000,Buenos Aires,9000.0,Hatchback,11
Toyota,75000,Ciudad Autónoma Buenos Aires,33900.0,SUV,4
FIAT,80000,Ciudad Autónoma Buenos Aires,9354.84,Hatchback,8
Chevrolet,191000,Buenos Aires,8800.0,Minivan,13
Peugeot,141000,Ciudad Autónoma Buenos Aires,4451.61,Hatchback,23
Renault,74000,Buenos Aires (A.M.B.A.),13225.81,SUV,8
Chevrolet,128000,Buenos Aires,13225.81,Sedán,9
Renault,82000,Buenos Aires (A.M.B.A.),10903.23,SUV,9
Peugeot,50000,Ciudad Autónoma Buenos Aires,18709.68,SUV,4
Volkswagen,190000,Buenos Aires,16000.0,Pickup,11
Chevrolet,230000,Buenos Aires (A.M.B.A.),10400.0,Minivan,9
Volkswagen,96300,Buenos Aires,9354.84,Sedán,13
Citroën,92000,Córdoba,12451.61,SUV,4
Ford,1100,Buenos Aires (A.M.B.A.),32258.06,SUV,1
Ford,145000,Buenos Aires,7612.9,Hatchback,14
Peugeot,22000,Ciudad Autónoma Buenos Aires,6129.03,Hatchback,4
Renault,98000,Formosa,8380.65,SUV,14
Volkswagen,110000,Mendoza,17741.94,Pickup,9
Peugeot,60000,Ciudad Autónoma Buenos Aires,5806.45,Hatchback,7
FIAT,167000,Buenos Aires (A.M.B.A.),7096.77,Sedán,13
Volkswagen,180000,Neuquén,6500.0,Minivan,17
Ford,149000,San Luis,10709.68,Sedán,9
Peugeot,156000,Buenos Aires (A.M.B.A.),8064.52,Furgón,13
Suzuki,116000,Santa Fe,7412.9,Hatchback,16
Ford,71000,Tucumán,14000.0,SUV,5
Ford,86950,Buenos Aires,12000.0,Hatchback,13
Volkswagen,82000,Misiones,13225.81,Hatchback,4
Renault,115500,La Pampa,7419.35,SUV,14
FIAT,145000,Córdoba,8064.52,Hatchback,13
Volkswagen,119000,Mendoza,11290.32,Hatchback,9
DS,108000,Ciudad Autónoma Buenos Aires,23000.0,SUV,5
Volkswagen,86600,Santa Fe,8193.55,Hatchback,12
Toyota,39500,Ciudad Autónoma Buenos Aires,24500.0,SUV,4
Peugeot,260000,Mendoza,5161.29,Hatchback,17
Jeep,24000,Buenos Aires (A.M.B.A.),31000.0,SUV,2
Honda,180000,Ciudad Autónoma Buenos Aires,8500.0,Hatchback,17
Ford,172000,San Luis,10193.55,SUV,13
Dodge,87000,Buenos Aires,44800.0,Pickup,6
Ford,150000,Ciudad Autónoma Buenos Aires,8387.1,SUV,12
FIAT,127000,Santa Fe,7419.35,Hatchback,11
Chevrolet,91000,Santa Fe,16064.52,Hatchback,5
Volkswagen,125000,Mendoza,9677.42,Hatchback,8
Honda,230000,Buenos Aires (A.M.B.A.),6387.1,SUV,28
Ford,105000,Ciudad Autónoma Buenos Aires,13500.0,Hatchback,9
Ford,82000,Córdoba,9354.84,Hatchback,11
Ford,115000,Buenos Aires (A.M.B.A.),11300.0,Hatchback,12
Renault,145000,Córdoba,7096.77,Furgón,13
Peugeot,48000,Chaco,9354.84,SUV,8
KIA,218000,Chubut,11612.9,SUV,18
Citroën,100000,Entre Ríos,5161.29,Hatchback,19
Chery,73349,Buenos Aires,4516.13,Hatchback,11
Renault,850000,Misiones,2903.23,Furgón,2
Honda,95000,Ciudad Autónoma Buenos Aires,18064.52,SUV,8
Citroën,202000,Buenos Aires (A.M.B.A.),8064.52,Hatchback,12
Renault,40700,Santa Fe,13870.97,SUV,6
Ford,157000,Ciudad Autónoma Buenos Aires,7612.9,Hatchback,15
Peugeot,16000,Ciudad Autónoma Buenos Aires,9677.42,Hatchback,4
Renault,95000,Buenos Aires,17000.0,SUV,13
Citroën,144000,Chubut,10000.0,Sedán,8
Suzuki,194000,Santa Fe,4838.71,Hatchback,17
Nissan,196000,Ciudad Autónoma Buenos Aires,5483.87,Sedán,15
Peugeot,100000,Buenos Aires,12193.55,Hatchback,7
Jeep,800000,Ciudad Autónoma Buenos Aires,23870.97,SUV,5
Peugeot,54000,Ciudad Autónoma Buenos Aires,14193.55,SUV,5
Toyota,134000,Ciudad Autónoma Buenos Aires,17800.0,SUV,12
Peugeot,100000,Santa Fe,13548.39,Hatchback,6
Volkswagen,103000,Ciudad Autónoma Buenos Aires,12500.0,Sedán,13
Mercedes,125000,Ciudad Autónoma Buenos Aires,23900.0,SUV,8
Ford,105002,Entre Ríos,10645.16,Hatchback,9
Renault,34000,Buenos Aires (A.M.B.A.),13870.97,Hatchback,3
Volkswagen,160000,Córdoba,6774.19,Hatchback,15
Chevrolet,120100,Salta,9032.26,Hatchback,9
BMW,56000,Santa Fe,29000.0,Sedán,9
Peugeot,118000,Mendoza,9354.84,Sedán,13
Renault,65300,Buenos Aires,7300.0,Hatchback,13
Citroën,69616,San Luis,15483.87,Sedán,7
Toyota,59000,Buenos Aires,34000.0,SUV,2
Renault,156000,Mendoza,7096.77,SUV,1
FIAT,62000,Ciudad Autónoma Buenos Aires,13225.81,Sedán,4
Toyota,120000,Santa Fe,37800.0,SUV,7
Ford,270000,Mendoza,7741.94,Sedán,15
Peugeot,107000,Ciudad Autónoma Buenos Aires,10900.0,SUV,9
Ford,125000,Ciudad Autónoma Buenos Aires,11000.0,Hatchback,11
Volkswagen,72000,Ciudad Autónoma Buenos Aires,28322.58,Pickup,6
Peugeot,46000,Tucumán,12903.23,SUV,7
Peugeot,79000,Mendoza,12000.0,Hatchback,8
Volkswagen,155000,Ciudad Autónoma Buenos Aires,20500.0,Hatchback,14
Jeep,166000,Buenos Aires (A.M.B.A.),16774.19,SUV,8
Jeep,92000,Santa Fe,28709.68,SUV,4
Ford,49700,Chubut,26500.0,SUV,5
FIAT,97000,Buenos Aires (A.M.B.A.),12903.23,Hatchback,7
Volkswagen,75000,Mendoza,12258.06,Hatchback,7
Ford,187000,Mendoza,7741.94,SUV,17
Peugeot,78900,Neuquén,10967.74,SUV,8
FIAT,72000,Tucumán,16129.03,Pickup,8
Nissan,90000,Buenos Aires (A.M.B.A.),12500.0,Hatchback,8
Peugeot,241000,Buenos Aires (A.M.B.A.),6129.03,Furgón,13
Ford,89000,Buenos Aires,11000.0,Hatchback,9
Volkswagen,85000,Salta,19354.84,Pickup,6
FIAT,107000,Buenos Aires,7548.39,Hatchback,11
Renault,180000,Mendoza,2258.06,Clásico,36
Volkswagen,75000,Río Negro,10967.74,Hatchback,8
Peugeot,78000,Ciudad Autónoma Buenos Aires,12580.65,Furgón,8
Ford,66400,La Rioja,13870.97,Hatchback,8
Toyota,190000,Entre Ríos,30967.74,SUV,7
Peugeot,127000,Ciudad Autónoma Buenos Aires,11000.0,Hatchback,10
Ford,72000,Buenos Aires (A.M.B.A.),34000.0,Pickup,5
Volkswagen,173000,Río Negro,4967.74,SUV,14
Peugeot,65000,Ciudad Autónoma Buenos Aires,7741.94,Furgón,6
FIAT,77000,Buenos Aires,8064.52,Hatchback,12
FIAT,215000,Córdoba,12903.23,Pickup,9
Peugeot,100000,Tucumán,10000.0,SUV,8
Peugeot,170000,Santa Fe,5161.29,Hatchback,16
Volkswagen,145000,Santa Fe,19032.26,SUV,4
Peugeot,112000,Mendoza,11612.9,Sedán,7
Chevrolet,103600,Córdoba,13870.97,Sedán,9
Honda,141000,Ciudad Autónoma Buenos Aires,17500.0,SUV,10
Jeep,120000,Ciudad Autónoma Buenos Aires,20800.0,SUV,5
Jeep,67000,Santa Fe,59000.0,SUV,5
Toyota,40000,Ciudad Autónoma Buenos Aires,29900.0,Sedán,3
Renault,10000,Salta,4193.55,Clásico,41
Renault,192000,Santa Fe,20645.16,Furgón,12
Mercedes,126000,Ciudad Autónoma Buenos Aires,30322.58,Furgón,8
Citroën,125000,Mendoza,9677.42,Minivan,11
Renault,98800,Buenos Aires,8000.0,Hatchback,13
Nissan,93000,Buenos Aires (A.M.B.A.),17419.35,SUV,6
Chevrolet,78000,Córdoba,14838.71,Sedán,3
Toyota,120000,Santa Fe,40000.0,SUV,7
Honda,141000,Ciudad Autónoma Buenos Aires,12500.0,Sedán,15
Renault,94500,Córdoba,15600.0,SUV,8
Peugeot,80720,Córdoba,11290.32,Hatchback,9
Peugeot,34000,Ciudad Autónoma Buenos Aires,3870.97,Hatchback,4
Ford,32730,Ciudad Autónoma Buenos Aires,16000.0,SUV,10
Hyundai,91000,Buenos Aires (A.M.B.A.),22000.0,Coupé,13
Renault,40000,Ciudad Autónoma Buenos Aires,17419.35,Furgón,3
Nissan,100000,Buenos Aires,19500.0,SUV,6
BMW,81010,La Pampa,42900.0,Sedán,5
Volkswagen,146300,Mendoza,8387.1,Minivan,12
Volkswagen,142100,Buenos Aires (A.M.B.A.),10000.0,Hatchback,9
Toyota,12000,Buenos Aires (A.M.B.A.),32500.0,SUV,2
Volkswagen,27400,Mendoza,29500.0,SUV,2
Peugeot,18000,Buenos Aires (A.M.B.A.),15806.45,Hatchback,3
Ford,174130,Córdoba,10967.74,Hatchback,11
Peugeot,20000,Santa Fe,16774.19,Hatchback,2
Ford,86000,Buenos Aires (A.M.B.A.),11612.9,Hatchback,6
Peugeot,23000,Ciudad Autónoma Buenos Aires,7741.94,Hatchback,3
Ford,115000,Santa Fe,9677.42,Hatchback,9
Peugeot,150000,Buenos Aires (A.M.B.A.),10258.06,Hatchback,11
Peugeot,94000,Mendoza,1000.0,Hatchback,10
Renault,68000,Ciudad Autónoma Buenos Aires,10967.74,Sedán,7
Toyota,150000,Misiones,29032.26,Pickup,3
Toyota,19800,Ciudad Autónoma Buenos Aires,24516.13,Sedán,4
Chevrolet,56000,Santa Fe,16000.0,Sedán,7
Honda,110000,Santa Fe,8900.0,Hatchback,15
Ford,59000,Córdoba,8967.74,Hatchback,8
Chevrolet,75787,Córdoba,19916.13,SUV,7
Renault,29200,Ciudad Autónoma Buenos Aires,16129.03,SUV,9
Chevrolet,86236,Buenos Aires (A.M.B.A.),5000.0,Sedán,15
Citroën,64000,Santa Fe,10000.0,Hatchback,7
Renault,50000,Ciudad Autónoma Buenos Aires,12580.65,Sedán,6
Renault,138000,Córdoba,8064.52,Hatchback,10
Chevrolet,76337,Córdoba,29483.87,Pickup,2
Toyota,24500,Neuquén,25806.45,Sedán,2
FIAT,142000,San Luis,9612.9,Hatchback,12
Peugeot,156000,Córdoba,9354.84,Hatchback,14
FIAT,73000,Chubut,11677.42,Pickup,8
Renault,230000,Ciudad Autónoma Buenos Aires,7741.94,Sedán,14
Audi,160000,Buenos Aires (A.M.B.A.),12000.0,Hatchback,15
Citroën,116000,Ciudad Autónoma Buenos Aires,8290.32,SUV,13
Ford,72700,Buenos Aires (A.M.B.A.),14193.55,SUV,4
Volkswagen,125000,Chaco,11161.29,Hatchback,9
Nissan,146000,Buenos Aires (A.M.B.A.),11500.0,Sedán,13
Chevrolet,183000,Ciudad Autónoma Buenos Aires,5290.32,Sedán,16
Citroën,248000,Buenos Aires (A.M.B.A.),4387.1,Hatchback,20
Chevrolet,137000,Buenos Aires (A.M.B.A.),12258.06,Sedán,6
Renault,42000,Ciudad Autónoma Buenos Aires,17741.94,Furgón,3
Peugeot,120000,Ciudad Autónoma Buenos Aires,4677.42,Furgón,9
Renault,85000,Buenos Aires,10838.71,Hatchback,6
Ford,55800,Ciudad Autónoma Buenos Aires,12580.65,Hatchback,7
Peugeot,135000,Mendoza,8709.68,Sedán,11
Peugeot,187000,San Luis,10193.55,SUV,12
Peugeot,71000,Ciudad Autónoma Buenos Aires,7419.35,Hatchback,12
Ford,95000,Ciudad Autónoma Buenos Aires,6129.03,Hatchback,13
Renault,200000,Buenos Aires (A.M.B.A.),10903.23,SUV,10
Toyota,120000,Córdoba,35000.0,Pickup,5
Ford,117000,Corrientes,13548.39,Sedán,9
Ford,85000,Buenos Aires (A.M.B.A.),9032.26,Sedán,7
Peugeot,131000,Ciudad Autónoma Buenos Aires,4838.71,Hatchback,15
BMW,110000,Mendoza,22000.0,Hatchback,14
Peugeot,52000,Ciudad Autónoma Buenos Aires,5161.29,Hatchback,7
Volkswagen,106000,Santa Fe,12903.23,Sedán,12
Honda,107000,Santa Fe,8709.68,Hatchback,14
Citroën,61000,Buenos Aires (A.M.B.A.),17600.0,SUV,5
Volkswagen,57000,Ciudad Autónoma Buenos Aires,11451.61,Hatchback,8
Peugeot,160000,Buenos Aires (A.M.B.A.),10400.0,Hatchback,9
Citroën,144000,Buenos Aires,9400.0,Sedán,12
Citroën,163000,Buenos Aires (A.M.B.A.),8516.13,Sedán,12
Renault,183000,Santa Fe,4580.65,Hatchback,19
Toyota,150000,Ciudad Autónoma Buenos Aires,6322.58,Sedán,19
Peugeot,342000,Santa Fe,6967.74,Furgón,12
Chevrolet,32997,Entre Ríos,18350.0,Sedán,2
Volkswagen,195000,Buenos Aires (A.M.B.A.),6645.16,Hatchback,16
Renault,10000,Ciudad Autónoma Buenos Aires,14838.71,SUV,5
Honda,190000,Mendoza,4838.71,Sedán,30
FIAT,90000,Buenos Aires (A.M.B.A.),13800.0,Sedán,4
Chevrolet,92000,Chaco,7096.77,Hatchback,14
Chevrolet,70000,Buenos Aires (A.M.B.A.),10000.0,Hatchback,8
Peugeot,251000,Buenos Aires (A.M.B.A.),7741.94,Hatchback,14
Chevrolet,135000,Buenos Aires (A.M.B.A.),8200.0,Sedán,13
Ford,100000,Buenos Aires,12580.65,SUV,6
Nissan,90000,Córdoba,19677.42,SUV,10
Peugeot,36000,Ciudad Autónoma Buenos Aires,7741.94,SUV,5
Peugeot,188000,Buenos Aires (A.M.B.A.),6774.19,Sedán,15
Ford,113000,Buenos Aires (A.M.B.A.),8967.74,Hatchback,14
Peugeot,68000,Ciudad Autónoma Buenos Aires,10322.58,Sedán,8
Volkswagen,69000,Buenos Aires,24000.0,Pickup,5
Ford,105900,Chaco,10000.0,Hatchback,12
Nissan,72000,Ciudad Autónoma Buenos Aires,11935.48,Hatchback,10
Toyota,188500,Mendoza,24000.0,Pickup,12
Jeep,20000,Ciudad Autónoma Buenos Aires,25161.29,SUV,2
Volkswagen,155000,Buenos Aires (A.M.B.A.),8000.0,Hatchback,14
Renault,140000,Santa Fe,7096.77,Hatchback,13
Nissan,38000,Misiones,23864.52,SUV,3
Volkswagen,400000,Buenos Aires,4838.71,Hatchback,21
FIAT,250000,Córdoba,1612.9,Clásico,63
Peugeot,30000,Ciudad Autónoma Buenos Aires,15161.29,Hatchback,2
Volkswagen,149000,Córdoba,8064.52,Hatchback,10
Toyota,44761,Buenos Aires (A.M.B.A.),53000.0,Pickup,3
Renault,110000,Córdoba,11483.87,SUV,9
RAM,19300,Buenos Aires,37500.0,Pickup,1
DS,42400,Buenos Aires (A.M.B.A.),41000.0,SUV,2
Peugeot,42000,Ciudad Autónoma Buenos Aires,7741.94,SUV,5
Volkswagen,106992,Buenos Aires (A.M.B.A.),11548.39,Sedán,10
FIAT,175000,Río Negro,7096.77,Hatchback,11
Jeep,89000,Corrientes,16000.0,SUV,10
Peugeot,255000,Buenos Aires (A.M.B.A.),17832.26,Furgón,12
Peugeot,33000,Buenos Aires (A.M.B.A.),33000.0,Furgón,3
Ford,23500,Mendoza,25741.94,Pickup,2
Volkswagen,210000,Santa Fe,5806.45,Minivan,14
Peugeot,77000,Ciudad Autónoma Buenos Aires,14193.55,SUV,7
Volkswagen,195000,Buenos Aires (A.M.B.A.),6322.58,Hatchback,13
Chevrolet,36000,Santa Fe,30967.74,SUV,2
Peugeot,87500,Buenos Aires,25500.0,SUV,8
Volkswagen,184000,Mendoza,7548.39,Minivan,13
Peugeot,41000,Buenos Aires (A.M.B.A.),19032.26,SUV,5
FIAT,51000,Entre Ríos,14516.13,Sedán,2
Peugeot,55000,Ciudad Autónoma Buenos Aires,7741.94,SUV,7
Ford,90000,Tucumán,16129.03,SUV,5
Toyota,156000,Buenos Aires (A.M.B.A.),6967.74,Sedán,19
Toyota,30000,Buenos Aires (A.M.B.A.),27900.0,SUV,3
Peugeot,33000,Ciudad Autónoma Buenos Aires,6451.61,Hatchback,6
Toyota,91000,Córdoba,22515.48,Sedán,5
Peugeot,62000,Ciudad Autónoma Buenos Aires,9354.84,SUV,6
Renault,56790,San Juan,12258.06,SUV,9
Peugeot,71000,Ciudad Autónoma Buenos Aires,6774.19,Furgón,5
Ford,156000,Ciudad Autónoma Buenos Aires,7096.77,SUV,16
Peugeot,67000,Ciudad Autónoma Buenos Aires,7741.94,Furgón,6
Ford,27000,Santa Fe,27000.0,Pickup,4
Renault,160000,Misiones,5290.32,Hatchback,16
FIAT,222000,Córdoba,8967.74,Sedán,9
Peugeot,39000,Ciudad Autónoma Buenos Aires,7000.0,Hatchback,3
Nissan,126000,Ciudad Autónoma Buenos Aires,7300.0,Sedán,16
Volkswagen,126000,Buenos Aires,16800.0,Clásico,10
Citroën,134000,Ciudad Autónoma Buenos Aires,15000.0,Minivan,12
Peugeot,95000,Ciudad Autónoma Buenos Aires,5612.9,Furgón,6
Renault,175000,Córdoba,10645.16,SUV,13
Chevrolet,65000,Ciudad Autónoma Buenos Aires,16000.0,Sedán,9
Jeep,397000,Río Negro,15000.0,SUV,29
Renault,162000,San Luis,8064.52,Sedán,10
Toyota,22200,Buenos Aires (A.M.B.A.),36500.0,SUV,2
Ford,118000,Córdoba,6451.61,Hatchback,19
Ford,59000,Córdoba,14838.71,SUV,6
Volkswagen,156000,Córdoba,8709.68,Sedán,17
Chevrolet,36500,Buenos Aires (A.M.B.A.),19290.32,SUV,3
Renault,66000,Buenos Aires (A.M.B.A.),15161.29,SUV,8
Renault,52000,Corrientes,14838.71,SUV,3
Peugeot,10700,Tierra del Fuego,14193.55,SUV,3
Honda,157000,Buenos Aires (A.M.B.A.),14500.0,SUV,13
Suzuki,220000,Ciudad Autónoma Buenos Aires,5000.0,Hatchback,18
Ford,82651,Córdoba,10967.74,Hatchback,7
Renault,202000,Córdoba,4838.71,Hatchback,16
Chevrolet,132000,Mendoza,21000.0,Pickup,9
Peugeot,80000,Ciudad Autónoma Buenos Aires,5322.58,Hatchback,8
Citroën,200000,Ciudad Autónoma Buenos Aires,4122.58,Hatchback,19
Ford,40000,Buenos Aires,22580.65,SUV,5
Nissan,130000,Buenos Aires (A.M.B.A.),12193.55,SUV,8
FIAT,115000,Córdoba,7935.48,Hatchback,8
Ford,98000,Santa Fe,10838.71,Hatchback,10
FIAT,90000,Ciudad Autónoma Buenos Aires,11290.32,Pickup,8
Volkswagen,172000,Córdoba,19032.26,Pickup,11
Volkswagen,41000,Buenos Aires (A.M.B.A.),13354.84,Minivan,9
Peugeot,25000,Ciudad Autónoma Buenos Aires,7741.94,Hatchback,4
Hyundai,182000,Tucumán,9000.0,SUV,15
Peugeot,61000,Ciudad Autónoma Buenos Aires,10322.58,Furgón,6
Hyundai,165000,Santa Fe,14193.55,SUV,13
Toyota,120000,Buenos Aires (A.M.B.A.),29032.26,SUV,7
Citroën,10,Buenos Aires (A.M.B.A.),16322.58,Hatchback,0
Renault,130000,Entre Ríos,9677.42,Sedán,11
Renault,140000,Ciudad Autónoma Buenos Aires,13500.0,Furgón,10
Volkswagen,78000,Mendoza,10322.58,Hatchback,10
Volkswagen,130000,Mendoza,13000.0,Hatchback,9
Ford,65000,Chubut,9354.84,Hatchback,9
Nissan,130000,Neuquén,9161.29,Hatchback,12
Honda,97000,Mendoza,17096.77,SUV,9
Ford,151000,Buenos Aires,8200.0,Hatchback,17
Volkswagen,183500,Córdoba,24838.71,Pickup,8
Ford,118500,Buenos Aires,10322.58,Sedán,9
Chevrolet,188000,Córdoba,13548.39,SUV,8
Renault,93000,Córdoba,6000.0,Hatchback,17
Peugeot,37000,Ciudad Autónoma Buenos Aires,8500.0,Furgón,2
Peugeot,74000,Ciudad Autónoma Buenos Aires,8129.03,SUV,7
FIAT,87300,Buenos Aires,9000.0,Sedán,9
Volkswagen,125000,Ciudad Autónoma Buenos Aires,4419.35,Hatchback,15
Jeep,60000,Córdoba,16677.42,SUV,7
Ford,360000,Buenos Aires (A.M.B.A.),4516.13,Sedán,13
Renault,92000,Buenos Aires (A.M.B.A.),5161.29,SUV,10
Peugeot,35000,Ciudad Autónoma Buenos Aires,4516.13,Hatchback,5
Renault,160000,Santa Fe,10700.0,SUV,12
FIAT,300000,Córdoba,3548.39,Sedán,20
Volkswagen,53000,Buenos Aires (A.M.B.A.),18500.0,SUV,5
Peugeot,74000,Ciudad Autónoma Buenos Aires,6064.52,Hatchback,7
Ford,203500,Entre Ríos,4516.13,Hatchback,17
Chevrolet,195000,Buenos Aires (A.M.B.A.),5548.39,Hatchback,16
Peugeot,222000,Entre Ríos,6129.03,Hatchback,13
Audi,83000,Córdoba,31612.9,SUV,8
Renault,91000,Mendoza,6741.94,Hatchback,14
Renault,172000,Córdoba,8064.52,Hatchback,13
Honda,127000,Santa Fe,15483.87,SUV,10
Volkswagen,97000,Ciudad Autónoma Buenos Aires,9500.0,Hatchback,8
Toyota,42000,Salta,35000.0,SUV,6
Renault,72000,Ciudad Autónoma Buenos Aires,11935.48,Sedán,4
FIAT,70800,Buenos Aires (A.M.B.A.),17900.0,Sedán,4
BMW,64500,Córdoba,26000.0,Coupé,16
FIAT,110000,Buenos Aires (A.M.B.A.),14200.0,Hatchback,11
Peugeot,25000,Ciudad Autónoma Buenos Aires,7741.94,Hatchback,5
Toyota,35000,Ciudad Autónoma Buenos Aires,30316.13,SUV,3
Hyundai,7600,Buenos Aires (A.M.B.A.),26000.0,SUV,2
Ford,20000,Buenos Aires (A.M.B.A.),49000.0,Pickup,3
FIAT,42000,Ciudad Autónoma Buenos Aires,10645.16,Sedán,4
Toyota,15000,Ciudad Autónoma Buenos Aires,37500.0,SUV,1
Renault,204000,Buenos Aires,6129.03,Hatchback,19
Renault,145000,Buenos Aires (A.M.B.A.),11548.39,SUV,9
Renault,82000,Mendoza,6645.16,Hatchback,11
Peugeot,83000,Ciudad Autónoma Buenos Aires,7741.94,Sedán,14
Mercedes,125318,Buenos Aires (A.M.B.A.),20000.0,Furgón,19
FIAT,152000,Córdoba,8709.68,Sedán,10
Ford,90000,Ciudad Autónoma Buenos Aires,16774.19,Pickup,9
Peugeot,102000,Entre Ríos,25000.0,SUV,7
Toyota,110000,Buenos Aires,28064.52,Pickup,7
Renault,83000,Buenos Aires,14193.55,SUV,7
Renault,9,Córdoba,33548.39,Pickup,0
Renault,230000,Buenos Aires,4193.55,Hatchback,17
Peugeot,42000,Ciudad Autónoma Buenos Aires,11612.9,Furgón,6
Toyota,168000,La Pampa,13870.97,Sedán,10
Chevrolet,170000,Buenos Aires (A.M.B.A.),9950.0,SUV,12
Ford,195000,Buenos Aires (A.M.B.A.),10967.74,SUV,14
FIAT,51000,Buenos Aires (A.M.B.A.),12903.23,Sedán,4
FIAT,36000,Entre Ríos,23225.81,SUV,2
Toyota,99500,Entre Ríos,13548.39,Sedán,9
Nissan,150000,Buenos Aires (A.M.B.A.),6451.61,Sedán,15
Renault,94000,Ciudad Autónoma Buenos Aires,7096.77,Sedán,12
Renault,83000,Corrientes,10322.58,SUV,8
Citroën,28600,Buenos Aires (A.M.B.A.),11612.9,Hatchback,6
Mercedes,103000,Buenos Aires (A.M.B.A.),19900.0,Sedán,17
Toyota,109969,San Luis,15161.29,Sedán,10
Peugeot,156000,Buenos Aires (A.M.B.A.),8000.0,Hatchback,13
FIAT,75100,Buenos Aires,8258.06,Hatchback,11
Renault,45000,Ciudad Autónoma Buenos Aires,18500.0,SUV,6
FIAT,220000,Ciudad Autónoma Buenos Aires,4516.13,Sedán,8
Toyota,166000,Mendoza,8967.74,Hatchback,12
FIAT,65500,Buenos Aires (A.M.B.A.),22000.0,Pickup,4
Citroën,176000,Córdoba,5161.29,Hatchback,15
Peugeot,120000,Ciudad Autónoma Buenos Aires,5645.16,Hatchback,18
Peugeot,96500,Neuquén,9032.26,Sedán,11
Nissan,54000,Buenos Aires,19032.26,SUV,6
Renault,120000,Ciudad Autónoma Buenos Aires,8258.06,Sedán,11
Renault,150000,Buenos Aires (A.M.B.A.),10000.0,SUV,10
Citroën,142000,Buenos Aires (A.M.B.A.),8709.68,Sedán,11
Peugeot,225000,Córdoba,6129.03,Hatchback,16
FIAT,253000,Buenos Aires (A.M.B.A.),5161.29,Wagon,16
Ford,120000,Santa Fe,11000.0,Hatchback,11
Ford,178000,Ciudad Autónoma Buenos Aires,14000.0,Hatchback,9
Peugeot,38000,Buenos Aires,20000.0,Hatchback,5
Peugeot,20000,Buenos Aires (A.M.B.A.),24838.71,SUV,1
Volkswagen,230000,Buenos Aires (A.M.B.A.),7741.94,Minivan,14
Peugeot,68000,Córdoba,11161.29,Hatchback,10
Chevrolet,146000,Santa Fe,11000.0,Minivan,12
FIAT,25000,Buenos Aires (A.M.B.A.),15483.87,Sedán,5
Peugeot,165000,Buenos Aires (A.M.B.A.),12580.65,SUV,10
Renault,104000,Buenos Aires,9000.0,Hatchback,10
Mercedes,135000,Buenos Aires,19900.0,Hatchback,10
Peugeot,25000,Ciudad Autónoma Buenos Aires,18064.52,Hatchback,3
Chery,78000,Ciudad Autónoma Buenos Aires,11548.39,SUV,8
Renault,183000,Buenos Aires,8387.1,Furgón,15
Peugeot,53000,Ciudad Autónoma Buenos Aires,7096.77,Hatchback,5
FIAT,114000,Ciudad Autónoma Buenos Aires,11935.48,Hatchback,6
Ford,163500,Ciudad Autónoma Buenos Aires,8602.15,Hatchback,11
Ford,82000,Santa Fe,23806.45,SUV,6
FIAT,37000,Misiones,8703.23,Hatchback,11
FIAT,14000,Santa Fe,16129.03,Sedán,3
Renault,198000,Mendoza,9700.0,Sedán,12
Volkswagen,92800,Buenos Aires,14500.0,Hatchback,10
Citroën,103091,Ciudad Autónoma Buenos Aires,8967.74,Hatchback,10
Toyota,26000,Buenos Aires (A.M.B.A.),37000.0,Pickup,7
FIAT,205000,Buenos Aires,6451.61,Hatchback,15
Renault,77000,Ciudad Autónoma Buenos Aires,9612.9,Sedán,7
Volkswagen,125000,Santa Fe,14838.71,Hatchback,7
Volkswagen,83000,Buenos Aires (A.M.B.A.),11290.32,Hatchback,6
Citroën,47000,Ciudad Autónoma Buenos Aires,9612.9,Sedán,12
Toyota,69000,Mendoza,10322.58,Hatchback,10
Volkswagen,100000,Buenos Aires,19225.81,SUV,7
Citroën,100000,Ciudad Autónoma Buenos Aires,9032.26,Minivan,14
Toyota,92000,Córdoba,16500.0,Hatchback,8
Chevrolet,78000,Santa Fe,8451.61,Hatchback,11
Audi,91000,Córdoba,25000.0,Sedán,9
Chevrolet,300000,Río Negro,9677.42,SUV,13
Ford,159000,Buenos Aires (A.M.B.A.),10322.58,SUV,11
Ford,117250,Buenos Aires,12129.03,SUV,13
Volkswagen,140000,Corrientes,19354.84,Pickup,10
Volkswagen,210000,Buenos Aires (A.M.B.A.),6000.0,Hatchback,15
Nissan,87000,Santa Fe,16774.19,SUV,8
Ford,80000,Ciudad Autónoma Buenos Aires,10967.74,SUV,10
Nissan,95000,Buenos Aires (A.M.B.A.),11612.9,Sedán,9
Volkswagen,116000,Tucumán,11935.48,Hatchback,8
FIAT,155500,Córdoba,8064.52,Hatchback,12
Citroën,118000,Córdoba,6967.74,Hatchback,12
FIAT,45011,Córdoba,23393.55,SUV,2
Honda,180000,Chaco,10967.74,SUV,15
Renault,120000,Buenos Aires (A.M.B.A.),6322.58,Hatchback,13
Ford,84000,Buenos Aires (A.M.B.A.),11548.39,Hatchback,7
Volkswagen,1,Neuquén,33483.87,SUV,0
Volkswagen,22500,Ciudad Autónoma Buenos Aires,1935.48,SUV,2
FIAT,140000,Buenos Aires (A.M.B.A.),4838.71,Pickup,13
Honda,145000,Tierra del Fuego,14500.0,SUV,15
Jeep,60000,Buenos Aires (A.M.B.A.),23500.0,SUV,8
Chevrolet,108000,Chaco,12064.52,Sedán,7
Peugeot,20000,Ciudad Autónoma Buenos Aires,6129.03,SUV,2
BMW,182000,Buenos Aires,22900.0,SUV,9
Renault,59200,Ciudad Autónoma Buenos Aires,8967.74,Hatchback,6
Citroën,350000,San Luis,2580.65,Hatchback,25
Ford,115000,Buenos Aires (A.M.B.A.),11225.81,Hatchback,11
KIA,103000,Buenos Aires,20000.0,SUV,9
Chevrolet,94000,Buenos Aires,11548.39,Sedán,8
Renault,82500,Buenos Aires (A.M.B.A.),7741.94,Sedán,8
Chevrolet,184000,Santa Fe,5161.29,Hatchback,14
Volkswagen,114000,Buenos Aires (A.M.B.A.),19354.84,SUV,6
Toyota,47395,Santa Fe,20645.16,Hatchback,3
Audi,180000,Buenos Aires,15000.0,Hatchback,13
Peugeot,77418,Ciudad Autónoma Buenos Aires,13200.0,Hatchback,9
Chevrolet,12000,Neuquén,14193.55,Hatchback,6
Volkswagen,150000,Ciudad Autónoma Buenos Aires,7096.77,Minivan,14
Chevrolet,200000,Córdoba,4903.23,Hatchback,14
Nissan,43000,Neuquén,19935.48,SUV,5
Peugeot,130000,Santa Fe,10000.0,SUV,8
Toyota,54000,Tucumán,27612.9,SUV,4
BMW,1000,Ciudad Autónoma Buenos Aires,50500.0,SUV,0
FIAT,237000,Córdoba,8709.03,Furgón,9
Chevrolet,65500,Chubut,9354.84,Hatchback,10
Ford,20000,Ciudad Autónoma Buenos Aires,40500.0,SUV,3
Renault,105000,Mendoza,14193.55,SUV,8
Peugeot,217000,Córdoba,2903.23,Hatchback,26
BMW,110700,Buenos Aires,28500.0,SUV,9
Honda,228000,Buenos Aires,11225.81,SUV,15
Peugeot,118479,Buenos Aires (A.M.B.A.),6322.58,Hatchback,15
Chevrolet,77000,Entre Ríos,30000.0,Sedán,79
Nissan,97000,Chaco,11290.32,Hatchback,9
Chevrolet,59000,Ciudad Autónoma Buenos Aires,10500.0,Sedán,14
KIA,150000,Santa Fe,11612.9,SUV,13
Peugeot,106000,Ciudad Autónoma Buenos Aires,11096.77,SUV,9
Peugeot,120000,Santa Fe,12000.0,SUV,13
Chevrolet,220000,Buenos Aires (A.M.B.A.),3548.39,Hatchback,25
Volkswagen,154000,Mendoza,11612.9,SUV,14
Volkswagen,179945,Ciudad Autónoma Buenos Aires,11290.32,Sedán,15
Toyota,70000,Córdoba,28387.1,SUV,3
Renault,124400,Buenos Aires,7096.77,Hatchback,12
SWM,82000,Ciudad Autónoma Buenos Aires,12903.23,SUV,7
Ford,120000,Buenos Aires,6129.03,Hatchback,15
Peugeot,1,Neuquén,29032.26,SUV,0
Chevrolet,143000,Buenos Aires,8064.52,Sedán,12
Ford,55392,Buenos Aires,25677.42,SUV,4
Ford,78000,Neuquén,13870.97,SUV,8
Renault,140000,Neuquén,13870.97,SUV,7
Volkswagen,82000,Buenos Aires (A.M.B.A.),7741.94,Hatchback,13
Peugeot,189000,Santa Fe,3548.39,Hatchback,23
Toyota,2700,Ciudad Autónoma Buenos Aires,30903.23,Sedán,1
Chevrolet,181000,Buenos Aires,6500.0,Sedán,18
Nissan,78000,Buenos Aires (A.M.B.A.),18387.1,SUV,5
Volkswagen,15200,Buenos Aires (A.M.B.A.),21290.32,Sedán,3
FIAT,10000,Ciudad Autónoma Buenos Aires,1935.48,Hatchback,2
Chevrolet,160000,Santa Fe,8709.68,Hatchback,10
Toyota,38500,Buenos Aires,25161.29,Sedán,3
Nissan,141000,Buenos Aires,8387.1,Hatchback,11
Peugeot,156000,Córdoba,7741.94,SUV,14
Jeep,68000,Santa Fe,36000.0,SUV,9
Audi,160000,Buenos Aires (A.M.B.A.),15700.0,Hatchback,14
Volkswagen,163000,Córdoba,14193.55,Pickup,8
Peugeot,85000,Córdoba,10064.52,Hatchback,8
Toyota,64000,Buenos Aires (A.M.B.A.),14516.13,Hatchback,6
Chevrolet,165000,Mendoza,1000.0,Sedán,9
FIAT,88500,Ciudad Autónoma Buenos Aires,11290.32,Sedán,8
FIAT,138000,Ciudad Autónoma Buenos Aires,8064.52,Hatchback,13
Chevrolet,68000,Ciudad Autónoma Buenos Aires,9354.84,Hatchback,8
Citroën,42000,Ciudad Autónoma Buenos Aires,11290.32,SUV,8
Volkswagen,85000,Neuquén,10322.58,Hatchback,9
Volkswagen,24500,Ciudad Autónoma Buenos Aires,2258.06,Hatchback,2
Toyota,71000,Mendoza,23870.97,Sedán,4
Peugeot,118000,Ciudad Autónoma Buenos Aires,9500.0,Hatchback,11
Toyota,145000,Corrientes,10967.74,Sedán,14
Chery,236000,Chaco,5806.45,SUV,15
Chevrolet,150000,Entre Ríos,6451.61,Hatchback,12
Peugeot,48000,Ciudad Autónoma Buenos Aires,17800.0,SUV,7
Volkswagen,88034,Buenos Aires,14700.0,Hatchback,18
Shineray,50000,Ciudad Autónoma Buenos Aires,16000.0,Minivan,8
BMW,42000,Ciudad Autónoma Buenos Aires,59900.0,Coupé,8
Peugeot,105000,Ciudad Autónoma Buenos Aires,8709.68,Hatchback,12
Peugeot,120873,Buenos Aires,12258.06,Sedán,7
Honda,147200,Buenos Aires,18387.1,SUV,7
Ford,150000,Buenos Aires (A.M.B.A.),30000.0,Pickup,4
Peugeot,67000,Buenos Aires (A.M.B.A.),16129.03,SUV,4
Renault,38000,Ciudad Autónoma Buenos Aires,13800.0,Hatchback,7
KIA,166000,Buenos Aires (A.M.B.A.),8709.68,Hatchback,13
Renault,104000,Buenos Aires (A.M.B.A.),11935.48,SUV,6
Ford,80000,Buenos Aires (A.M.B.A.),19000.0,Sedán,9
Peugeot,28000,Ciudad Autónoma Buenos Aires,7096.77,Hatchback,3
Jeep,50000,Neuquén,18000.0,SUV,6
Jeep,100800,Córdoba,14193.55,SUV,8
Ford,70000,Buenos Aires (A.M.B.A.),12700.0,Hatchback,11
FIAT,50000,Buenos Aires (A.M.B.A.),7096.77,Hatchback,12
Jeep,52000,Neuquén,20000.0,SUV,4
Volkswagen,133486,Córdoba,8774.19,Hatchback,9
Honda,247000,Buenos Aires (A.M.B.A.),7741.94,Sedán,18
Renault,220000,Buenos Aires,3096.77,Hatchback,28
Ford,99498,Buenos Aires (A.M.B.A.),10000.0,Hatchback,7
Chevrolet,175000,Mendoza,6451.61,Hatchback,14
Volkswagen,150800,Buenos Aires,8064.52,Minivan,14
Citroën,140000,Mendoza,6774.19,Hatchback,14
Peugeot,196000,Córdoba,8967.1,Cabriolet,12
Citroën,125000,Santa Fe,7419.35,Hatchback,13
Renault,134729,Buenos Aires (A.M.B.A.),9354.84,SUV,13
Toyota,200000,Mendoza,69000.0,SUV,13
Toyota,230000,Entre Ríos,11612.9,SUV,16
Peugeot,35000,Ciudad Autónoma Buenos Aires,5161.29,Furgón,6
Ford,115991,Buenos Aires (A.M.B.A.),9032.26,Hatchback,9
Renault,128000,Buenos Aires,15096.77,Furgón,6
Toyota,271500,Buenos Aires,20400.0,Pickup,19
Volkswagen,73500,Corrientes,11612.9,Minivan,8
Renault,138172,Córdoba,10116.13,Hatchback,8
Citroën,113000,Ciudad Autónoma Buenos Aires,11548.39,Minivan,8
Toyota,11700,Ciudad Autónoma Buenos Aires,35500.0,Sedán,1
FIAT,95000,Misiones,8064.52,Hatchback,8
Peugeot,130000,Buenos Aires (A.M.B.A.),9990.0,Sedán,12
Ford,88000,Buenos Aires (A.M.B.A.),10064.52,Sedán,11
Chevrolet,62000,Buenos Aires,25800.0,Hatchback,3
Peugeot,63000,Ciudad Autónoma Buenos Aires,14774.19,Hatchback,4
Hyundai,132000,Entre Ríos,21500.0,SUV,9
Renault,106000,San Juan,7096.77,Hatchback,11
Peugeot,24000,Ciudad Autónoma Buenos Aires,5483.87,Hatchback,4
FIAT,120000,Córdoba,9161.29,Sedán,11
Peugeot,78000,Buenos Aires,9032.26,Hatchback,12
Citroën,69000,Buenos Aires (A.M.B.A.),12903.23,Sedán,7
Nissan,103000,Ciudad Autónoma Buenos Aires,10500.0,Sedán,16
Volkswagen,110000,Neuquén,10322.58,Minivan,9
Citroën,243000,Buenos Aires,9032.26,Minivan,12
Renault,140667,Ciudad Autónoma Buenos Aires,15000.0,Furgón,10
Volkswagen,81000,Mendoza,8387.1,Hatchback,10
Renault,250000,Mendoza,1935.48,Hatchback,27
Peugeot,139000,Buenos Aires (A.M.B.A.),8387.1,Hatchback,12
FIAT,17000,Córdoba,25741.29,Pickup,1
Renault,150000,Mendoza,8064.52,SUV,13
Nissan,200000,Neuquén,20645.16,Pickup,6
Chevrolet,150000,Ciudad Autónoma Buenos Aires,5548.39,Hatchback,16
Ford,67000,Buenos Aires,23500.0,SUV,6
Chevrolet,190000,Río Negro,5806.45,Sedán,14
Volkswagen,370000,Santa Fe,4032.26,Sedán,13
FIAT,11000,Buenos Aires,27419.35,Pickup,1
Chevrolet,148000,Buenos Aires (A.M.B.A.),6438.71,Hatchback,16
Mitsubishi,400000,Buenos Aires (A.M.B.A.),11500.0,Pickup,28
Chevrolet,88000,Buenos Aires (A.M.B.A.),10645.16,Hatchback,7
Peugeot,184009,Córdoba,11696.77,SUV,8
Renault,250000,Buenos Aires (A.M.B.A.),4193.55,Minivan,17
Renault,123000,Córdoba,7741.94,Hatchback,11
Honda,180000,Córdoba,15806.45,SUV,12
Jeep,4000,Buenos Aires (A.M.B.A.),36000.0,SUV,1
Peugeot,215036,Buenos Aires (A.M.B.A.),12258.06,SUV,7
Chevrolet,1,Neuquén,30967.74,SUV,1
Mercedes,60700,Ciudad Autónoma Buenos Aires,42000.0,Sedán,3
FIAT,190000,Tucumán,6451.61,Hatchback,11
Renault,131500,Córdoba,7612.9,Hatchback,12
Volkswagen,200334,Mendoza,7612.9,Hatchback,15
FIAT,11000,Córdoba,25677.42,SUV,2
Ford,165000,Buenos Aires,10258.06,SUV,10
Jeep,89000,Neuquén,29032.26,SUV,9
Ford,110000,Neuquén,10645.16,Hatchback,10
RAM,54000,Buenos Aires,32903.23,Pickup,2
Peugeot,136098,Córdoba,8219.35,Hatchback,13
Peugeot,59500,Ciudad Autónoma Buenos Aires,3870.97,Hatchback,7
Volkswagen,100000,Entre Ríos,10967.74,Minivan,11
Toyota,65000,Buenos Aires (A.M.B.A.),14800.0,Sedán,14
Toyota,52000,Ciudad Autónoma Buenos Aires,19032.26,Hatchback,4
Volkswagen,65000,Corrientes,15741.94,Hatchback,3
FIAT,100000,Entre Ríos,1935.48,Clásico,39
Volkswagen,110000,Córdoba,7031.61,Hatchback,15
Jeep,51000,Tucumán,14838.71,SUV,6
Peugeot,43000,Neuquén,17225.81,Hatchback,2
Peugeot,63000,Ciudad Autónoma Buenos Aires,4838.71,Hatchback,7
Toyota,7000,Mendoza,24516.13,Hatchback,1
Volkswagen,95000,Córdoba,33483.87,Pickup,3
Toyota,120000,Córdoba,26100.0,Pickup,8
Toyota,75000,Entre Ríos,21612.9,Sedán,6
Renault,110000,Chaco,11935.48,Sedán,8
Volkswagen,185000,Buenos Aires (A.M.B.A.),15500.0,Pickup,12
Chevrolet,108000,Mendoza,6322.58,Hatchback,12
Ford,29200,Ciudad Autónoma Buenos Aires,11500.0,Hatchback,12
Peugeot,102600,Buenos Aires,9000.0,Hatchback,12
Volkswagen,133000,Buenos Aires (A.M.B.A.),12258.06,Hatchback,6
Jeep,62000,Ciudad Autónoma Buenos Aires,25161.29,SUV,4
BMW,160000,Entre Ríos,32000.0,SUV,16
Peugeot,43000,Córdoba,14774.19,Hatchback,5
Peugeot,49000,Ciudad Autónoma Buenos Aires,5806.45,Hatchback,7
Peugeot,57000,Ciudad Autónoma Buenos Aires,3870.97,Hatchback,7
Honda,117000,Tucumán,19354.84,Sedán,8
FIAT,83000,Córdoba,9677.42,Hatchback,7
Nissan,86000,Buenos Aires (A.M.B.A.),9354.84,Sedán,10
Chevrolet,105000,Buenos Aires (A.M.B.A.),18000.0,Hatchback,9
Renault,100000,Córdoba,11290.32,Sedán,5
KIA,141000,Ciudad Autónoma Buenos Aires,17000.0,SUV,9
Jeep,116270,Córdoba,35000.0,SUV,10
Citroën,1,Neuquén,21290.32,SUV,1
Peugeot,95000,Buenos Aires (A.M.B.A.),11900.0,Hatchback,11
Toyota,190000,Córdoba,10000.0,Sedán,10
Volkswagen,106000,Ciudad Autónoma Buenos Aires,19000.0,Hatchback,7
Renault,240000,San Luis,9612.9,Furgón,11
FIAT,160000,Santa Fe,7741.94,Minivan,10
Volkswagen,133000,Santa Fe,20645.16,Pickup,8
Renault,127000,Córdoba,11548.39,SUV,9
Peugeot,205000,Buenos Aires,10000.0,Cabriolet,14
Volkswagen,360000,Santa Fe,13870.97,Pickup,11
FIAT,197500,Buenos Aires (A.M.B.A.),7741.94,Furgón,13
Chevrolet,116300,Buenos Aires,10838.71,Hatchback,8
Ford,71000,Santa Fe,10645.16,Hatchback,8
Volkswagen,42000,Neuquén,18709.68,SUV,6
Volkswagen,151000,Neuquén,23161.29,SUV,7
Volkswagen,117000,Neuquén,10967.74,Minivan,8
Chevrolet,29100,Córdoba,24000.0,Hatchback,3
Renault,89000,Buenos Aires (A.M.B.A.),8064.52,Hatchback,12
Volkswagen,175000,Santa Fe,6774.19,Hatchback,14
Chevrolet,68000,Buenos Aires (A.M.B.A.),8701.94,Sedán,10
Peugeot,20000,Ciudad Autónoma Buenos Aires,4838.71,Hatchback,3
Ford,137500,Buenos Aires,9612.9,Hatchback,10
Volkswagen,110000,Ciudad Autónoma Buenos Aires,10645.16,Minivan,7
Mercedes,42800,Buenos Aires,31700.0,Hatchback,12
Ford,145000,Buenos Aires (A.M.B.A.),12193.55,Pickup,20
KIA,80300,Ciudad Autónoma Buenos Aires,32900.0,SUV,7
Alfa Romeo,27000,Buenos Aires (A.M.B.A.),65000.0,SUV,3
Volkswagen,121000,Mendoza,11548.39,Hatchback,9
Citroën,125000,Córdoba,6774.19,Hatchback,13
Toyota,364000,Mendoza,18000.0,SUV,20
Ford,40000,Ciudad Autónoma Buenos Aires,16400.0,Hatchback,7
Chevrolet,162000,Ciudad Autónoma Buenos Aires,3225.81,Hatchback,19
Ford,1,Neuquén,36064.52,SUV,0
Mercedes,109000,Tucumán,35000.0,SUV,8
Chevrolet,170000,Buenos Aires (A.M.B.A.),14838.71,Pickup,9
FIAT,123000,Córdoba,10902.58,Pickup,10
Toyota,148000,Salta,10967.74,Sedán,8
Volkswagen,73000,Buenos Aires (A.M.B.A.),39900.0,Pickup,5
Peugeot,109600,Buenos Aires,9900.0,Hatchback,11
Volkswagen,135000,Santa Fe,6129.03,Hatchback,14
FIAT,3200,Buenos Aires (A.M.B.A.),4516.13,Hatchback,1
Toyota,83000,Ciudad Autónoma Buenos Aires,9677.42,Hatchback,12
Toyota,189000,Córdoba,21290.32,Pickup,10
Volkswagen,23000,Neuquén,30000.0,SUV,2
Citroën,539000,Buenos Aires,6000.0,Furgón,13
Chevrolet,150000,Mendoza,9870.97,SUV,12
Renault,285000,Tucumán,7741.94,Hatchback,12
Volkswagen,26000,Córdoba,31935.48,SUV,2
FIAT,180000,Mendoza,7096.77,Hatchback,11
Peugeot,48000,Ciudad Autónoma Buenos Aires,3870.97,Hatchback,7
Volkswagen,20000,Ciudad Autónoma Buenos Aires,3870.97,Pickup,2
Honda,50000,Buenos Aires,21000.0,SUV,7
Volkswagen,176000,Córdoba,23500.0,Pickup,14
Citroën,116000,Neuquén,8387.1,Hatchback,11
Toyota,170000,Santa Cruz,17419.35,Pickup,8
Volkswagen,182000,Salta,6451.61,Minivan,13
Renault,233000,Buenos Aires (A.M.B.A.),17741.94,Furgón,13
Chevrolet,20900,Ciudad Autónoma Buenos Aires,15800.0,Sedán,9
Toyota,123000,Chaco,18064.52,Sedán,7
Volkswagen,144000,Buenos Aires (A.M.B.A.),9032.26,Minivan,9
Chery,56000,Salta,15806.45,SUV,4
Audi,122222,Santiago del Estero,17000.0,Sedán,14
Honda,125000,Corrientes,15161.29,SUV,9
Peugeot,128000,Santa Fe,9806.45,Sedán,9
Toyota,109000,Salta,10451.61,Hatchback,8
Peugeot,52000,Ciudad Autónoma Buenos Aires,13548.39,Hatchback,6
Nissan,165000,Mendoza,7096.77,Sedán,16
Renault,91000,Santa Fe,14193.55,Furgón,4
KIA,87000,Neuquén,9612.9,Hatchback,14
Chevrolet,35000,Ciudad Autónoma Buenos Aires,13800.0,Hatchback,4
Peugeot,185000,Ciudad Autónoma Buenos Aires,8967.74,Hatchback,13
FIAT,330000,Santa Fe,2903.23,Wagon,28
Chery,125000,Buenos Aires (A.M.B.A.),5483.87,Hatchback,14
Ford,112000,Santa Fe,10193.55,Hatchback,9
Volkswagen,42000,Buenos Aires (A.M.B.A.),29500.0,Pickup,2
Chevrolet,140000,Santa Fe,8064.52,Hatchback,12
Ford,109000,Córdoba,11483.87,Sedán,8
Renault,110000,Neuquén,13870.97,Furgón,5
Volkswagen,90000,Ciudad Autónoma Buenos Aires,12258.06,Hatchback,8
Audi,168000,Buenos Aires (A.M.B.A.),12903.23,SUV,15
Peugeot,58300,Ciudad Autónoma Buenos Aires,4516.13,Hatchback,7
Ford,94700,Neuquén,10967.74,Hatchback,8
Ford,185000,Ciudad Autónoma Buenos Aires,12838.71,Pickup,9
Jeep,190421,Buenos Aires (A.M.B.A.),15000.0,SUV,12
Peugeot,44000,Ciudad Autónoma Buenos Aires,5483.87,Hatchback,6
Volkswagen,217000,Buenos Aires (A.M.B.A.),7096.77,Hatchback,18
Peugeot,92000,Córdoba,10000.0,Hatchback,9
BMW,140000,Mendoza,16000.0,Hatchback,16
Chery,88000,Neuquén,14193.55,SUV,6
Chevrolet,132000,Ciudad Autónoma Buenos Aires,11741.94,SUV,9
Nissan,17800,Ciudad Autónoma Buenos Aires,26451.61,Sedán,2
Peugeot,143000,Buenos Aires (A.M.B.A.),8500.0,Hatchback,13
Citroën,29000,Santa Fe,18000.0,SUV,5
FIAT,60000,Buenos Aires (A.M.B.A.),14709.68,Sedán,3
Volkswagen,138000,San Luis,10500.0,Hatchback,14
Toyota,28000,Buenos Aires (A.M.B.A.),31612.9,Pickup,4
Renault,86000,Tucumán,7741.94,Hatchback,10
Citroën,230000,Córdoba,8387.1,Sedán,12
Chevrolet,160000,Buenos Aires,14000.0,Sedán,9
Chevrolet,71000,Ciudad Autónoma Buenos Aires,10322.58,Hatchback,6
Chevrolet,124700,Ciudad Autónoma Buenos Aires,12500.0,Sedán,8
FIAT,165000,Ciudad Autónoma Buenos Aires,10258.06,Sedán,5
Renault,25000,Neuquén,10322.58,Hatchback,6
Peugeot,157445,Buenos Aires (A.M.B.A.),6000.0,Hatchback,13
Peugeot,29000,Ciudad Autónoma Buenos Aires,6387.1,Hatchback,4
Renault,130000,Mendoza,8387.1,Hatchback,6
Mercedes,95000,Buenos Aires (A.M.B.A.),32800.0,Sedán,8
Volkswagen,146000,Santa Fe,4838.71,Sedán,15
Peugeot,42000,Ciudad Autónoma Buenos Aires,4516.13,Hatchback,7
Nissan,93000,Córdoba,15806.45,SUV,7
Ford,114000,Buenos Aires (A.M.B.A.),10000.0,SUV,12
Peugeot,39000,Ciudad Autónoma Buenos Aires,5096.77,Furgón,5
Volkswagen,70000,Chubut,24516.13,Pickup,4
Ford,60000,Buenos Aires (A.M.B.A.),15600.0,SUV,8
Renault,200000,Ciudad Autónoma Buenos Aires,4193.55,Minivan,27
Peugeot,207970,Misiones,5483.87,Hatchback,16
Volkswagen,88000,Santa Fe,10193.55,Hatchback,9
Toyota,73000,Buenos Aires (A.M.B.A.),44000.0,Pickup,3
Mercedes,187000,Ciudad Autónoma Buenos Aires,23000.0,Furgón,12
Subaru,180000,Buenos Aires (A.M.B.A.),5000.0,Wagon,22
Volkswagen,92000,Buenos Aires (A.M.B.A.),12258.06,Hatchback,8
Volkswagen,33000,Neuquén,30258.06,SUV,3
Ford,140000,Buenos Aires,11612.9,SUV,9
Chery,131000,Buenos Aires (A.M.B.A.),12700.0,SUV,8
Peugeot,38000,Ciudad Autónoma Buenos Aires,5161.29,Hatchback,6
Chevrolet,14800,Córdoba,19032.26,SUV,4
Peugeot,46800,Ciudad Autónoma Buenos Aires,4516.13,Hatchback,7
Volkswagen,165000,Buenos Aires,30000.0,Pickup,4
Peugeot,153000,San Luis,6774.19,Hatchback,14
Toyota,33000,Corrientes,30967.74,SUV,3
Volkswagen,111000,Buenos Aires (A.M.B.A.),13000.0,Sedán,7
Ford,47700,Neuquén,14516.13,Hatchback,5
Peugeot,201000,Santa Fe,9354.84,Sedán,8
Volkswagen,152000,Ciudad Autónoma Buenos Aires,3225.81,Hatchback,24
Chevrolet,186818,Buenos Aires (A.M.B.A.),10322.58,Hatchback,8
Renault,73000,Neuquén,11548.39,Hatchback,8
FIAT,91000,Buenos Aires (A.M.B.A.),12903.23,Sedán,4
Volkswagen,86000,Neuquén,10000.0,Hatchback,11
FIAT,65000,Buenos Aires (A.M.B.A.),10314.84,Hatchback,7
Toyota,50000,San Luis,33000.0,Pickup,4
Peugeot,90000,Entre Ríos,10322.58,SUV,10
Peugeot,61000,Ciudad Autónoma Buenos Aires,10322.58,Hatchback,7
Peugeot,42000,Ciudad Autónoma Buenos Aires,5161.29,Hatchback,4
Volkswagen,119000,Buenos Aires (A.M.B.A.),13419.35,Sedán,8
Renault,175000,Chaco,5161.29,Hatchback,15
Toyota,173000,Chaco,10000.0,Sedán,13
Chevrolet,94000,Ciudad Autónoma Buenos Aires,6774.19,Sedán,12
Volkswagen,202000,San Luis,9612.9,SUV,13
Volkswagen,200000,Buenos Aires,5161.29,Minivan,19
Peugeot,54000,Ciudad Autónoma Buenos Aires,8387.1,Hatchback,7
Ford,33000,Chaco,7096.77,Hatchback,7
Volkswagen,125000,Entre Ríos,20645.16,Sedán,6
KIA,99000,Chaco,10000.0,Hatchback,11
Volkswagen,240000,Buenos Aires (A.M.B.A.),9500.0,Sedán,14
BMW,149000,Buenos Aires,36000.0,SUV,9
Peugeot,150000,Misiones,6129.03,Hatchback,13
Chevrolet,69000,Chaco,10645.16,Sedán,7
Renault,150100,Santa Fe,10000.0,Sedán,11
Volkswagen,90000,Neuquén,9612.9,Hatchback,10
Volkswagen,119000,Buenos Aires (A.M.B.A.),11600.0,Hatchback,8
Chevrolet,38900,Ciudad Autónoma Buenos Aires,17419.35,Sedán,5
Renault,220000,Córdoba,8709.68,SUV,13
Chevrolet,159000,Buenos Aires (A.M.B.A.),8709.68,Hatchback,12
Volkswagen,71000,Mendoza,19032.26,SUV,4
KIA,145000,Buenos Aires,22500.0,SUV,9
Volkswagen,125000,Santa Fe,22580.65,Pickup,8
Volkswagen,129000,Buenos Aires (A.M.B.A.),10000.0,Hatchback,9
FIAT,220000,Buenos Aires (A.M.B.A.),16121.29,Sedán,3
FIAT,68000,Buenos Aires (A.M.B.A.),10322.58,Sedán,9
Peugeot,27300,Buenos Aires (A.M.B.A.),14516.13,Hatchback,3
KIA,157000,Buenos Aires (A.M.B.A.),14500.0,SUV,14
Citroën,237000,Mendoza,4838.71,Hatchback,14
Honda,195000,Buenos Aires (A.M.B.A.),4193.55,Sedán,31
Peugeot,184000,Buenos Aires (A.M.B.A.),9677.42,Sedán,12
BMW,37300,Buenos Aires (A.M.B.A.),31500.0,Hatchback,7
FIAT,98000,Buenos Aires,8903.23,Hatchback,10
Jeep,110000,Tucumán,20967.74,SUV,8
FIAT,174000,Córdoba,9612.26,Hatchback,11
Toyota,136000,Mendoza,34838.71,SUV,8
Peugeot,200000,Buenos Aires,1935.48,Sedán,28
Peugeot,180000,Ciudad Autónoma Buenos Aires,12890.0,Furgón,8
Volkswagen,146300,Buenos Aires (A.M.B.A.),9032.26,Minivan,11
Ford,61800,Ciudad Autónoma Buenos Aires,10967.74,Hatchback,10
Volkswagen,145000,Buenos Aires,15500.0,Wagon,11
Volkswagen,4000,San Juan,26451.61,SUV,1
Citroën,64000,Buenos Aires,13225.81,Sedán,7
Ford,80000,Córdoba,10322.58,Hatchback,10
Renault,30000,Córdoba,14193.55,SUV,3
Nissan,149000,La Pampa,10967.74,Sedán,8
FIAT,99000,Córdoba,21500.0,Pickup,6
Citroën,210000,Buenos Aires (A.M.B.A.),9225.81,Sedán,11
Peugeot,62323,Neuquén,11612.9,Hatchback,10
Toyota,126000,Buenos Aires (A.M.B.A.),26000.0,Pickup,10
Peugeot,49600,Buenos Aires,9500.0,Hatchback,13
Toyota,177000,Buenos Aires (A.M.B.A.),18500.0,Pickup,14
Volkswagen,83000,Santa Fe,8258.06,Sedán,12
Peugeot,58000,Ciudad Autónoma Buenos Aires,11290.32,Furgón,4
Chery,109000,Ciudad Autónoma Buenos Aires,4193.55,Hatchback,13
Ford,137000,Buenos Aires,6129.03,SUV,14
Renault,16500,Chaco,6129.03,Clásico,29
Ford,220000,Buenos Aires (A.M.B.A.),4774.19,Hatchback,16
Ford,134000,Santa Fe,9677.42,Hatchback,12
Volkswagen,55800,Santa Fe,12129.03,Hatchback,5
Chery,48000,Buenos Aires,13000.0,SUV,9
Volkswagen,147000,Entre Ríos,10000.0,Minivan,12
Peugeot,58000,Ciudad Autónoma Buenos Aires,5161.29,Hatchback,8
Ford,40000,Buenos Aires,37354.84,SUV,2
Toyota,170000,Neuquén,26451.61,SUV,12
Volkswagen,169800,Mendoza,7096.77,Hatchback,13
Toyota,190000,Ciudad Autónoma Buenos Aires,14516.13,Sedán,8
Toyota,18500,Tucumán,25806.45,Sedán,2
Renault,177000,Mendoza,6548.39,Hatchback,12
Ford,165000,Córdoba,9677.42,SUV,12
Toyota,29500,La Rioja,34193.55,SUV,2
Volkswagen,106000,Neuquén,29677.42,Pickup,4
Chery,94800,Ciudad Autónoma Buenos Aires,10129.03,SUV,10
Ford,107000,Ciudad Autónoma Buenos Aires,9161.29,Hatchback,10
Volkswagen,220000,Buenos Aires,9000.0,Hatchback,12
Volkswagen,255000,Mendoza,4516.13,Hatchback,17
Chevrolet,25000,Ciudad Autónoma Buenos Aires,12000.0,Sedán,10
FIAT,85000,Ciudad Autónoma Buenos Aires,11290.32,Hatchback,8
Renault,125000,Ciudad Autónoma Buenos Aires,7500.0,Hatchback,13
Peugeot,140000,Córdoba,10645.16,Furgón,11
Renault,209000,Santa Fe,5161.29,Sedán,16
Peugeot,167000,Buenos Aires (A.M.B.A.),12580.65,Furgón,9
Citroën,105000,Buenos Aires (A.M.B.A.),5161.29,Hatchback,19
Peugeot,50000,Buenos Aires,17354.84,Hatchback,4
Renault,295000,Buenos Aires (A.M.B.A.),17900.0,Furgón,15
Ford,109000,Buenos Aires (A.M.B.A.),15806.45,Pickup,12
Volkswagen,175000,Mendoza,5806.45,Hatchback,20
Renault,90000,Mendoza,9548.39,Sedán,8
Toyota,2100,Ciudad Autónoma Buenos Aires,31500.0,Sedán,2
Ford,101471,Buenos Aires (A.M.B.A.),43000.0,Pickup,5
FIAT,104946,San Luis,11290.32,Pickup,10
FIAT,173000,Buenos Aires,7225.81,Sedán,13
FIAT,165000,Santa Fe,6129.03,Hatchback,14
Volkswagen,190000,Buenos Aires,8903.23,Minivan,12
Jeep,62000,Santa Fe,19354.84,SUV,8
Ford,185000,Neuquén,5806.45,Hatchback,16
Peugeot,65000,Ciudad Autónoma Buenos Aires,13000.0,SUV,8
FIAT,49000,Buenos Aires (A.M.B.A.),10967.74,Hatchback,5
Peugeot,60000,Ciudad Autónoma Buenos Aires,6129.03,Hatchback,6
Renault,57000,Entre Ríos,9677.42,Hatchback,11
Volkswagen,177000,Entre Ríos,12000.0,Sedán,15
FIAT,16000,Buenos Aires,9900.0,Hatchback,12
Ford,82000,Córdoba,12903.23,SUV,8
Toyota,170000,Buenos Aires,26451.61,Pickup,7
Chevrolet,93000,Córdoba,15806.45,Sedán,4
BMW,142500,Buenos Aires (A.M.B.A.),47900.0,SUV,9
Peugeot,57000,Ciudad Autónoma Buenos Aires,5161.29,Furgón,5
Peugeot,45000,Ciudad Autónoma Buenos Aires,6129.03,SUV,6
Peugeot,46000,Ciudad Autónoma Buenos Aires,5225.81,Hatchback,6
Renault,264000,Buenos Aires,7741.94,SUV,13
FIAT,123969,Córdoba,9612.9,Hatchback,14
Jeep,109000,Neuquén,19290.32,SUV,5
Peugeot,160000,Buenos Aires,10000.0,Sedán,16
Peugeot,132000,Buenos Aires (A.M.B.A.),13290.32,SUV,6
Chevrolet,78000,Buenos Aires,14225.81,Sedán,8
Ford,70100,Ciudad Autónoma Buenos Aires,9990.0,Hatchback,12
Volkswagen,64500,Mendoza,16129.03,SUV,4
Peugeot,45000,Ciudad Autónoma Buenos Aires,6129.03,Hatchback,8
Volkswagen,113000,Mendoza,5225.81,Hatchback,18
Ford,145300,Ciudad Autónoma Buenos Aires,17900.0,Sedán,10
Peugeot,43000,Ciudad Autónoma Buenos Aires,3870.97,Hatchback,6
Peugeot,12000,Ciudad Autónoma Buenos Aires,5806.45,Hatchback,3
Chevrolet,245000,Buenos Aires,16903.23,Pickup,8
Peugeot,90000,Buenos Aires,9677.42,Hatchback,12
Volkswagen,127533,Córdoba,23096.77,Pickup,5
FIAT,23512,Santa Fe,15354.84,Sedán,4
Peugeot,116000,Buenos Aires (A.M.B.A.),5161.29,Sedán,14
Peugeot,43000,Buenos Aires,17006.45,SUV,6
Ford,74000,Mendoza,9677.42,Hatchback,9
Citroën,183569,Buenos Aires,4838.71,Hatchback,13
Suzuki,85000,Ciudad Autónoma Buenos Aires,5419.35,Hatchback,17
Honda,160000,Buenos Aires (A.M.B.A.),18900.0,SUV,14
Chevrolet,80000,Misiones,10322.58,Hatchback,8
Volkswagen,121000,Buenos Aires (A.M.B.A.),10967.74,Minivan,8
Volkswagen,167500,Salta,12903.23,Sedán,9
Renault,170000,Mendoza,5806.45,Furgón,14
Renault,3700,Ciudad Autónoma Buenos Aires,20000.0,SUV,1
Toyota,142000,Buenos Aires,13700.0,Sedán,14
Renault,135000,Neuquén,13870.97,Furgón,7
Ford,88000,Río Negro,14838.71,SUV,4
Citroën,145000,Buenos Aires (A.M.B.A.),8322.58,SUV,13
Renault,135000,Chaco,9354.84,Hatchback,7
Ford,83000,Chaco,4936.77,Hatchback,9
Chevrolet,104000,Buenos Aires (A.M.B.A.),6451.61,Sedán,13
Chevrolet,158000,Córdoba,5483.87,Hatchback,14
Peugeot,56000,Ciudad Autónoma Buenos Aires,9677.42,Furgón,4
Volkswagen,61300,Mendoza,9548.39,Hatchback,11
Peugeot,24000,Ciudad Autónoma Buenos Aires,6451.61,SUV,4
Peugeot,45000,Ciudad Autónoma Buenos Aires,5806.45,Hatchback,8
Chevrolet,56000,Buenos Aires,45000.0,Pickup,3
Toyota,11677,Entre Ríos,50000.0,Pickup,2
DS,84000,Santa Fe,19354.84,SUV,7
Chevrolet,140000,Buenos Aires (A.M.B.A.),8387.1,Sedán,8
Chevrolet,48000,Ciudad Autónoma Buenos Aires,17000.0,Sedán,8
Renault,130000,Buenos Aires (A.M.B.A.),16000.0,Pickup,6
Peugeot,49000,Ciudad Autónoma Buenos Aires,14193.55,Hatchback,4
Honda,170000,Santa Fe,8000.0,Hatchback,18
Peugeot,10200,Buenos Aires,16645.16,Hatchback,3
Toyota,79000,Buenos Aires (A.M.B.A.),27500.0,SUV,5
Chevrolet,133000,Ciudad Autónoma Buenos Aires,7741.94,Sedán,13
Jeep,115047,Córdoba,33500.0,SUV,10
Peugeot,85000,Ciudad Autónoma Buenos Aires,11000.0,Hatchback,13
FIAT,235000,Buenos Aires,13548.39,Pickup,8
KIA,161340,Córdoba,25000.0,SUV,8
Volkswagen,28000,Ciudad Autónoma Buenos Aires,1419.35,Hatchback,3
Citroën,99000,Mendoza,14516.13,SUV,6
FIAT,72000,Tucumán,23225.81,Pickup,4
Renault,110000,Buenos Aires,18387.1,Furgón,5
Toyota,127000,Buenos Aires (A.M.B.A.),13000.0,Hatchback,12
Peugeot,98000,Ciudad Autónoma Buenos Aires,14516.13,SUV,6
DS,94000,Santa Fe,14516.13,Hatchback,7
Peugeot,29000,Salta,15419.35,Hatchback,3
Toyota,169000,Buenos Aires (A.M.B.A.),11290.32,Sedán,7
Volkswagen,43000,Córdoba,27741.94,SUV,3
Toyota,42000,Chaco,27096.77,Pickup,9
Toyota,143000,Ciudad Autónoma Buenos Aires,25000.0,Pickup,12
Nissan,108000,Córdoba,17354.84,SUV,8
FIAT,196000,Buenos Aires (A.M.B.A.),5032.26,Hatchback,14
Volkswagen,25000,Ciudad Autónoma Buenos Aires,1483.87,Hatchback,3
Renault,285000,Buenos Aires,7225.81,Furgón,11
FIAT,92000,Córdoba,6774.19,Hatchback,12
Volkswagen,238000,Mendoza,12903.23,Pickup,10
Toyota,150000,Santa Fe,13225.81,Sedán,10
Volkswagen,135000,Neuquén,10322.58,Minivan,11
Volkswagen,30000,Santa Fe,12258.06,Hatchback,6
Peugeot,210000,Misiones,11612.9,Hatchback,7
Chevrolet,73000,Buenos Aires,19000.0,Pickup,11
Peugeot,37000,Ciudad Autónoma Buenos Aires,4774.19,Hatchback,4
Renault,540000,Santa Fe,19354.84,Furgón,12
Honda,120000,Ciudad Autónoma Buenos Aires,10000.0,Sedán,15
Toyota,270000,Buenos Aires,18500.0,Pickup,18
Volkswagen,183000,Buenos Aires (A.M.B.A.),15500.0,Pickup,12
Renault,168000,Santa Fe,12500.0,SUV,15
BMW,86000,Ciudad Autónoma Buenos Aires,43000.0,SUV,8
Chevrolet,107400,Santa Fe,6774.19,Sedán,12
Peugeot,17378,Ciudad Autónoma Buenos Aires,19000.0,Hatchback,4
Peugeot,112000,Buenos Aires (A.M.B.A.),11612.9,Hatchback,8
Citroën,22700,Santa Fe,15806.45,Hatchback,3
Nissan,107000,Ciudad Autónoma Buenos Aires,9677.42,Hatchback,10
Chevrolet,53465,Neuquén,15483.87,Sedán,5
Volkswagen,200000,Buenos Aires (A.M.B.A.),21000.0,Pickup,10
Volkswagen,170000,Tucumán,6967.74,Minivan,13
Toyota,170000,Buenos Aires,11900.0,Coupé,46
DS,3000,Buenos Aires (A.M.B.A.),68000.0,SUV,1
Ford,106500,Buenos Aires (A.M.B.A.),10580.0,Hatchback,9
Ford,173000,Mendoza,20645.16,Pickup,6
RAM,72500,Buenos Aires (A.M.B.A.),44193.55,Pickup,6
Nissan,130000,Santa Fe,16774.19,Sedán,6
Ford,140000,Buenos Aires (A.M.B.A.),11548.39,Hatchback,9
Peugeot,20000,Ciudad Autónoma Buenos Aires,4838.71,Hatchback,4
Volkswagen,137000,Ciudad Autónoma Buenos Aires,9390.0,Minivan,13
FIAT,176000,Buenos Aires (A.M.B.A.),28500.0,Furgón,6
Chevrolet,174000,Mendoza,5806.45,Hatchback,13
Toyota,118877,Buenos Aires (A.M.B.A.),3354.84,Sedán,10
Volkswagen,128300,Río Negro,16129.03,Sedán,7
Peugeot,71000,Ciudad Autónoma Buenos Aires,11500.0,Cabriolet,13
Toyota,45000,Córdoba,28387.1,SUV,3
Renault,85000,Buenos Aires (A.M.B.A.),9500.0,Hatchback,11
Peugeot,103400,Mendoza,11290.32,Hatchback,9
Volkswagen,10000,Ciudad Autónoma Buenos Aires,1419.35,Hatchback,3
Honda,103700,Buenos Aires,20000.0,SUV,8
Toyota,90000,Neuquén,29032.26,SUV,3
Toyota,79500,Santa Fe,12700.0,Hatchback,9
Toyota,96000,Salta,11612.9,Sedán,8
Volkswagen,68500,Ciudad Autónoma Buenos Aires,11200.0,Hatchback,9
Chery,47800,Buenos Aires,7612.9,Hatchback,8
Nissan,74000,Entre Ríos,20645.16,Pickup,7
Renault,205000,Buenos Aires (A.M.B.A.),7741.94,SUV,13
Chevrolet,112696,Buenos Aires (A.M.B.A.),3741.94,Sedán,9
KIA,120000,Buenos Aires,46000.0,Minivan,6
Jeep,59000,Buenos Aires (A.M.B.A.),16100.0,SUV,9
Renault,130000,Ciudad Autónoma Buenos Aires,9548.39,Sedán,8
Jeep,94000,Buenos Aires,17000.0,SUV,7
RAM,4500,Ciudad Autónoma Buenos Aires,34900.0,Pickup,1
FIAT,65600,Ciudad Autónoma Buenos Aires,12903.23,Sedán,5
BMW,50000,Santa Fe,27000.0,Hatchback,9
Ford,300000,Ciudad Autónoma Buenos Aires,14193.55,Pickup,12
Nissan,78000,Buenos Aires,15500.0,Sedán,5
Peugeot,124000,Buenos Aires (A.M.B.A.),4645.16,Hatchback,16
Ford,172000,Ciudad Autónoma Buenos Aires,12903.23,Pickup,12
Volkswagen,29000,Ciudad Autónoma Buenos Aires,1419.35,Hatchback,3
Mercedes,172000,Córdoba,12000.0,Sedán,17
Toyota,208000,Buenos Aires,22903.23,Pickup,10
Citroën,9000,Ciudad Autónoma Buenos Aires,19096.83,SUV,1
Chevrolet,55000,Ciudad Autónoma Buenos Aires,9000.0,Hatchback,11
Peugeot,1,Ciudad Autónoma Buenos Aires,19935.48,Furgón,0
Jeep,70000,Córdoba,17000.0,SUV,5
Peugeot,128000,Córdoba,6129.03,Hatchback,19
Jeep,33000,Buenos Aires,31500.0,SUV,3
Volkswagen,122000,Santa Fe,28709.68,Pickup,3
FIAT,89000,Chaco,7000.0,Sedán,4
Volkswagen,127000,Buenos Aires,12000.0,Sedán,13
Renault,72360,Ciudad Autónoma Buenos Aires,10967.74,SUV,10
Toyota,12000,Chaco,16451.61,Sedán,5
Ford,147000,Buenos Aires,14838.71,Pickup,10
FIAT,115840,Mendoza,7225.81,Hatchback,14
Ford,140000,Mendoza,9354.84,Sedán,12
Ford,63000,Chaco,13870.97,Sedán,10
Ford,51000,Neuquén,12903.23,Hatchback,6
Mercedes,145000,Buenos Aires,25800.0,SUV,9
FIAT,200000,Mendoza,3483.87,Hatchback,21
Peugeot,3000,Ciudad Autónoma Buenos Aires,4999.0,Clásico,48
Toyota,65523,Buenos Aires (A.M.B.A.),29032.26,SUV,2
Ford,30000,Santa Fe,74000.0,Pickup,2
FIAT,104000,Córdoba,10644.52,Hatchback,10
Volkswagen,85000,Salta,25161.29,SUV,6
Chevrolet,100000,Ciudad Autónoma Buenos Aires,11500.0,Pickup,60
Peugeot,130000,Buenos Aires,6774.19,Hatchback,12
Volkswagen,9000,Buenos Aires (A.M.B.A.),44000.0,Sedán,1
Ford,180000,Tucumán,13548.39,Pickup,14
FIAT,57000,Mendoza,7677.42,Hatchback,10
Nissan,230000,Ciudad Autónoma Buenos Aires,10500.0,SUV,24
Peugeot,112000,Buenos Aires (A.M.B.A.),8387.1,Hatchback,12
FIAT,70000,Ciudad Autónoma Buenos Aires,12903.23,SUV,7
FIAT,196800,Ciudad Autónoma Buenos Aires,5806.45,Sedán,12
Ford,29000,Neuquén,28387.1,Pickup,2
SEAT,178000,Buenos Aires,2000.0,Hatchback,24
Peugeot,179900,Misiones,3548.39,Sedán,19
Volkswagen,33900,Santa Fe,19032.26,SUV,4
Peugeot,240000,Neuquén,6451.61,Hatchback,15
Volkswagen,29900,Ciudad Autónoma Buenos Aires,1612.9,Hatchback,3
Ford,158000,Mendoza,9870.97,SUV,13
Chevrolet,405000,Buenos Aires,4516.13,Minivan,22
Toyota,205000,Buenos Aires,9677.42,Sedán,15
Renault,125000,Buenos Aires (A.M.B.A.),8516.13,Hatchback,10
Peugeot,250000,Buenos Aires (A.M.B.A.),1935.48,Hatchback,29
Peugeot,160000,Santa Fe,8064.52,Hatchback,13
Peugeot,38000,Ciudad Autónoma Buenos Aires,6774.19,Hatchback,4
Toyota,9900,Buenos Aires (A.M.B.A.),34193.55,SUV,2
Ford,89852,Mendoza,11500.0,Sedán,7
Ford,181000,Buenos Aires,6774.19,Hatchback,15
Chevrolet,113000,Córdoba,10902.58,Sedán,12
Chevrolet,67000,Buenos Aires (A.M.B.A.),14193.55,Hatchback,6
Chevrolet,40070,Ciudad Autónoma Buenos Aires,9000.0,Sedán,11
Renault,215000,Buenos Aires,4838.71,Sedán,15
Ford,83000,Ciudad Autónoma Buenos Aires,8000.0,Hatchback,15
Renault,113000,Córdoba,6774.19,Hatchback,13
Renault,101000,Jujuy,12580.65,SUV,7
Renault,114600,Buenos Aires (A.M.B.A.),15806.45,Pickup,7
Chevrolet,77000,Buenos Aires (A.M.B.A.),13870.97,Hatchback,7
Peugeot,1,Ciudad Autónoma Buenos Aires,21290.32,Hatchback,0
Peugeot,4700,Ciudad Autónoma Buenos Aires,19000.0,Hatchback,2
Volkswagen,117000,Tucumán,12258.06,Sedán,8
Peugeot,102000,Santa Fe,8903.23,Hatchback,11
Toyota,89000,Corrientes,29677.42,SUV,9
Citroën,259000,Misiones,4516.13,Minivan,17
smart,93000,Buenos Aires,14000.0,Hatchback,8
Renault,80000,Santa Fe,8064.52,Hatchback,12
FIAT,150000,Chubut,5806.45,Hatchback,13
Toyota,43000,Neuquén,29677.42,SUV,3
Honda,180000,Santa Fe,11400.0,Hatchback,14
FIAT,180000,Buenos Aires (A.M.B.A.),10000.0,Furgón,8
FIAT,142160,Córdoba,8064.52,Furgón,13
Ford,105000,Buenos Aires,11300.0,Hatchback,7
Peugeot,33000,Ciudad Autónoma Buenos Aires,7935.48,Hatchback,4
Peugeot,67000,Chaco,10645.16,Hatchback,9
FIAT,141000,Buenos Aires,7741.29,Hatchback,12
Peugeot,57500,Ciudad Autónoma Buenos Aires,12064.52,Hatchback,6
Volkswagen,14500,Ciudad Autónoma Buenos Aires,1270.97,Hatchback,2
Ford,300000,Buenos Aires (A.M.B.A.),4064.52,Hatchback,23
Peugeot,216000,Mendoza,5483.87,Hatchback,14
Chevrolet,118000,Buenos Aires,7500.0,Hatchback,10
Ford,165000,Tucumán,10322.58,Hatchback,7
Citroën,160000,Chubut,9677.42,SUV,7
Nissan,34000,Formosa,12903.23,Hatchback,7
Volkswagen,124100,Córdoba,9032.26,Hatchback,10
Peugeot,192000,Buenos Aires,7741.94,Hatchback,15
Peugeot,15000,Ciudad Autónoma Buenos Aires,11612.9,Hatchback,2
Renault,132800,Santa Fe,9677.42,SUV,12
Ford,54000,Ciudad Autónoma Buenos Aires,12500.0,SUV,10
Nissan,260000,Ciudad Autónoma Buenos Aires,7500.0,Sedán,15
FIAT,108000,Córdoba,8064.52,Sedán,11
Chevrolet,48700,Ciudad Autónoma Buenos Aires,19225.81,Hatchback,3
Toyota,46000,Córdoba,18900.0,Sedán,9
Ford,310000,Córdoba,9677.42,Pickup,21
Audi,87000,Buenos Aires,42800.0,SUV,8
Peugeot,241000,Ciudad Autónoma Buenos Aires,10806.45,Furgón,9
Peugeot,21900,Santa Fe,18064.52,Hatchback,2
Renault,63000,Chubut,9677.42,Hatchback,8
FIAT,190000,Ciudad Autónoma Buenos Aires,9483.87,Sedán,7
Volkswagen,17000,Ciudad Autónoma Buenos Aires,1483.87,Hatchback,2
Volkswagen,144500,Buenos Aires,10900.0,Minivan,12
Volkswagen,125000,Ciudad Autónoma Buenos Aires,14000.0,Sedán,13
Ford,112000,Buenos Aires (A.M.B.A.),14516.13,Hatchback,9
Renault,150000,Buenos Aires (A.M.B.A.),47000.0,Furgón,14
Volkswagen,25000,Ciudad Autónoma Buenos Aires,1419.35,Hatchback,3
Volkswagen,11000,Ciudad Autónoma Buenos Aires,1419.35,Hatchback,3
Ford,146400,Córdoba,9032.26,SUV,12
Chevrolet,82200,San Juan,11032.26,Sedán,7
Volkswagen,120000,Santa Fe,7500.0,Hatchback,14
FIAT,130000,Buenos Aires,3870.97,Hatchback,18
Ford,90327,San Luis,9032.26,SUV,12
Ford,170000,Buenos Aires (A.M.B.A.),2451.61,Wagon,27
Chevrolet,82320,Buenos Aires (A.M.B.A.),3741.94,Hatchback,8
FIAT,110000,Ciudad Autónoma Buenos Aires,3500.0,Clásico,34
Geely,77590,Buenos Aires (A.M.B.A.),2193.55,Hatchback,9
Toyota,133000,Córdoba,12258.06,Sedán,11
Chevrolet,133000,Buenos Aires,5161.29,Hatchback,16
Ford,30000,Buenos Aires (A.M.B.A.),33548.39,Pickup,2
FIAT,49600,Santa Fe,12516.13,Sedán,5
Peugeot,8000,Ciudad Autónoma Buenos Aires,8709.68,SUV,2
Nissan,117800,Córdoba,11290.32,Hatchback,9
FIAT,154000,Buenos Aires (A.M.B.A.),10774.19,Hatchback,9
Renault,187000,Mendoza,8709.68,SUV,13
Volkswagen,8000,Ciudad Autónoma Buenos Aires,1451.61,Hatchback,2
Peugeot,4200,Ciudad Autónoma Buenos Aires,9677.42,Hatchback,1
Volkswagen,24000,Ciudad Autónoma Buenos Aires,1419.35,Hatchback,3
Chevrolet,160000,Buenos Aires (A.M.B.A.),8064.52,Sedán,13
Volkswagen,170000,Santa Fe,3870.97,Hatchback,22
Volkswagen,9400,Ciudad Autónoma Buenos Aires,1548.39,Hatchback,2
Mercedes,48000,Ciudad Autónoma Buenos Aires,39000.0,Hatchback,7
Chevrolet,78000,Buenos Aires,13400.0,Sedán,6
Chevrolet,90000,Buenos Aires (A.M.B.A.),11935.48,Hatchback,7
FIAT,131600,Córdoba,10967.74,Furgón,7
Renault,99000,Neuquén,15161.29,SUV,7
Volkswagen,12000,Ciudad Autónoma Buenos Aires,1516.13,Hatchback,2
Toyota,16500,Ciudad Autónoma Buenos Aires,24000.0,Hatchback,4
Volkswagen,69000,Córdoba,10967.74,Minivan,10
Volkswagen,114000,Ciudad Autónoma Buenos Aires,17000.0,Sedán,9
Volkswagen,152000,Ciudad Autónoma Buenos Aires,14500.0,Sedán,12
Peugeot,175000,Buenos Aires (A.M.B.A.),7000.0,Clásico,25
Toyota,118000,Buenos Aires,17500.0,Sedán,9
Haval,1,Córdoba,35500.0,SUV,1
Honda,170000,Buenos Aires (A.M.B.A.),4516.13,Hatchback,20
FIAT,238000,Buenos Aires (A.M.B.A.),4193.55,Sedán,14
Honda,128000,Neuquén,15483.87,SUV,10
Toyota,168000,Ciudad Autónoma Buenos Aires,8709.68,Sedán,11
Ford,213000,Buenos Aires (A.M.B.A.),9500.0,Pickup,22
Volkswagen,20000,Ciudad Autónoma Buenos Aires,1419.35,Hatchback,3
Chevrolet,136800,Buenos Aires (A.M.B.A.),8374.19,Minivan,13
Volkswagen,167000,Corrientes,9032.26,Sedán,18
Volkswagen,7500,Ciudad Autónoma Buenos Aires,1483.87,Hatchback,2
Peugeot,46000,Ciudad Autónoma Buenos Aires,6580.65,Hatchback,5
Peugeot,55960,Buenos Aires (A.M.B.A.),8903.23,Hatchback,9
Peugeot,98000,Ciudad Autónoma Buenos Aires,7500.0,Hatchback,13
Volkswagen,124000,Buenos Aires (A.M.B.A.),10645.16,Hatchback,7
Renault,154000,Buenos Aires,11935.48,SUV,9
Toyota,21000,Mendoza,31612.9,Sedán,2
Ford,60000,Córdoba,11935.48,Hatchback,9
Renault,190000,Ciudad Autónoma Buenos Aires,6774.19,SUV,15
Toyota,202200,Córdoba,33000.0,Pickup,9
Peugeot,130000,Buenos Aires,6322.58,Hatchback,14
Citroën,109029,Buenos Aires (A.M.B.A.),3548.39,Hatchback,10
Toyota,130000,Buenos Aires (A.M.B.A.),14800.0,Sedán,11
Peugeot,76500,Córdoba,11161.29,Hatchback,9
Peugeot,57000,Ciudad Autónoma Buenos Aires,4838.71,Hatchback,7
BAIC,8000,Buenos Aires,34800.0,SUV,1
Peugeot,96600,Misiones,6645.16,Sedán,12
Chevrolet,100000,Ciudad Autónoma Buenos Aires,7096.77,Hatchback,12
Lifan,120000,Buenos Aires,11600.0,Hatchback,9
FIAT,77000,Chaco,10322.58,Pickup,9
Volkswagen,7000,Ciudad Autónoma Buenos Aires,1419.35,Hatchback,3
Peugeot,139500,Buenos Aires (A.M.B.A.),8387.1,Sedán,10
Toyota,36300,Chaco,13548.39,Sedán,7
Ford,240000,Misiones,13225.81,Pickup,13
Chevrolet,128000,San Luis,8387.1,Sedán,10
Ford,120000,Entre Ríos,11290.32,Hatchback,11
Citroën,30600,Ciudad Autónoma Buenos Aires,14838.71,SUV,4
Chevrolet,126000,San Luis,6774.19,Hatchback,13
Ford,90000,Buenos Aires (A.M.B.A.),24516.13,Pickup,4
Ford,51400,Buenos Aires (A.M.B.A.),3032.26,Hatchback,30
Chevrolet,350000,Buenos Aires (A.M.B.A.),18000.0,SUV,3
Ford,102800,Ciudad Autónoma Buenos Aires,13000.0,Hatchback,7
Chevrolet,279000,Buenos Aires,5500.0,Minivan,20
Toyota,136000,Salta,40000.0,SUV,5
Hyundai,223800,Santa Fe,16129.03,SUV,10
Renault,77000,Buenos Aires (A.M.B.A.),11500.0,Hatchback,8
Honda,186000,Buenos Aires (A.M.B.A.),8500.0,Hatchback,18
Chevrolet,198900,Santa Cruz,9677.42,Pickup,13
Citroën,145000,Ciudad Autónoma Buenos Aires,8300.0,Hatchback,14
Peugeot,132700,Santiago del Estero,7741.94,Hatchback,11
Peugeot,86000,Córdoba,14128.39,SUV,10
Peugeot,190000,Corrientes,7096.77,Hatchback,14
Volkswagen,9000,Ciudad Autónoma Buenos Aires,1548.39,Hatchback,2
Toyota,98000,Mendoza,16451.61,Sedán,9
Peugeot,221000,Tucumán,7741.94,Sedán,13
Chevrolet,146560,Ciudad Autónoma Buenos Aires,7500.0,Sedán,12
Volkswagen,180000,Santa Fe,9354.84,Sedán,14
Chevrolet,140000,Buenos Aires (A.M.B.A.),11290.32,Minivan,9
Toyota,15000,Buenos Aires (A.M.B.A.),33000.0,SUV,1
Peugeot,91000,Córdoba,10258.06,Hatchback,9
Ford,112000,Ciudad Autónoma Buenos Aires,6451.61,SUV,15
Volkswagen,67000,Buenos Aires (A.M.B.A.),11950.0,Sedán,12
Toyota,79000,Mendoza,20000.0,Sedán,6
Toyota,193100,Buenos Aires (A.M.B.A.),9100.0,Sedán,17
Volkswagen,115900,Buenos Aires (A.M.B.A.),7990.0,Hatchback,13
Ford,38400,Buenos Aires,15483.87,SUV,6
Volkswagen,166000,Neuquén,20967.74,Pickup,9
Peugeot,170000,Tucumán,2580.65,Hatchback,21
Renault,178000,Ciudad Autónoma Buenos Aires,6967.74,Hatchback,12
Volkswagen,228000,Buenos Aires (A.M.B.A.),5161.29,Hatchback,18
FIAT,134000,Córdoba,11935.48,Sedán,5
Ford,116000,Córdoba,24516.13,Pickup,4
Peugeot,43000,Ciudad Autónoma Buenos Aires,9032.26,Hatchback,8
Renault,50000,Santa Fe,7500.0,Hatchback,13
Toyota,74000,Ciudad Autónoma Buenos Aires,21612.9,Sedán,6
FIAT,360000,Buenos Aires (A.M.B.A.),4335.48,Sedán,17
Ford,18000,Mendoza,26967.74,Pickup,1
Alfa Romeo,66000,Ciudad Autónoma Buenos Aires,42900.0,SUV,7
Renault,105600,Río Negro,8709.68,Sedán,11
Ford,130800,Córdoba,10000.0,SUV,9
Chevrolet,54000,Buenos Aires (A.M.B.A.),9677.42,Sedán,9
Peugeot,23000,Buenos Aires (A.M.B.A.),8064.52,Hatchback,4
Peugeot,65000,Córdoba,11612.9,Hatchback,9
Chevrolet,90000,Buenos Aires,10000.0,Hatchback,12
Mercedes,300000,La Pampa,15000.0,Minivan,20
Volkswagen,149000,San Luis,19870.97,Sedán,9
Toyota,62000,Buenos Aires (A.M.B.A.),14193.55,Sedán,11
Volkswagen,95560,Córdoba,6500.0,Hatchback,18
Chevrolet,270000,Santa Fe,10967.74,SUV,7
Volkswagen,137000,Buenos Aires (A.M.B.A.),7870.97,Minivan,11
Volkswagen,4800,Ciudad Autónoma Buenos Aires,1419.35,Hatchback,2
Audi,175000,Buenos Aires,22000.0,Sedán,10
Ford,55000,Ciudad Autónoma Buenos Aires,13219.35,Hatchback,6
Peugeot,30000,Buenos Aires (A.M.B.A.),5161.29,Furgón,5
Volkswagen,525000,Buenos Aires (A.M.B.A.),7500.0,Minivan,8
Ford,130000,Corrientes,12903.23,Hatchback,9
Renault,29000,Salta,14000.0,Sedán,3
Volkswagen,104000,Buenos Aires (A.M.B.A.),10322.58,Hatchback,9
Alfa Romeo,130000,Santa Fe,12000.0,Hatchback,11
Chevrolet,140000,Neuquén,19354.84,Pickup,10
Suzuki,110000,Buenos Aires (A.M.B.A.),5096.77,Hatchback,17
FIAT,152000,Ciudad Autónoma Buenos Aires,8700.0,Sedán,12
Peugeot,35000,Ciudad Autónoma Buenos Aires,4516.13,Hatchback,3
Renault,118000,Santa Fe,7741.94,SUV,14
Citroën,11000,Ciudad Autónoma Buenos Aires,21290.32,SUV,2
Volkswagen,8000,Ciudad Autónoma Buenos Aires,1419.35,Hatchback,2
Peugeot,18000,Ciudad Autónoma Buenos Aires,4838.71,Hatchback,3
Peugeot,48000,Ciudad Autónoma Buenos Aires,4838.71,Hatchback,6
Great Wall,1,Córdoba,32990.0,SUV,1
Ford,130000,Santa Fe,10322.58,Sedán,11
Jeep,1,Buenos Aires (A.M.B.A.),21612.9,SUV,1
SEAT,163000,Buenos Aires (A.M.B.A.),5161.29,Hatchback,16
Chevrolet,127400,Buenos Aires,5806.45,Hatchback,13
SEAT,100000,Buenos Aires (A.M.B.A.),2516.13,Sedán,25
Chevrolet,130000,Misiones,9000.0,Hatchback,13
Peugeot,150000,Córdoba,7741.94,Pickup,13
Volkswagen,224000,Ciudad Autónoma Buenos Aires,10900.0,Sedán,15
Ford,84000,Buenos Aires (A.M.B.A.),18500.0,SUV,6
Renault,36000,Córdoba,28064.52,Pickup,2
Peugeot,68500,Córdoba,22000.0,SUV,8
Hyundai,94000,Córdoba,25000.0,Coupé,12
Chevrolet,28000,Buenos Aires (A.M.B.A.),11612.9,Hatchback,6
Peugeot,57000,Santa Fe,14516.13,Furgón,3
Volkswagen,175000,Santa Fe,6129.03,Minivan,14
Peugeot,150000,Buenos Aires,12500.0,Hatchback,9
Renault,108800,Buenos Aires (A.M.B.A.),6451.61,Sedán,13
Honda,151000,Córdoba,8967.1,Sedán,15
Chevrolet,133000,Mendoza,7741.94,Hatchback,16
Volkswagen,73000,Neuquén,17354.84,SUV,7
Jeep,151000,Río Negro,19700.0,SUV,8
Jeep,153743,Buenos Aires (A.M.B.A.),44000.0,SUV,10
Nissan,92000,Ciudad Autónoma Buenos Aires,15483.87,Sedán,4
Ford,147000,Buenos Aires (A.M.B.A.),10000.0,Hatchback,13
Renault,250000,Ciudad Autónoma Buenos Aires,4064.52,Minivan,19
Peugeot,120000,Buenos Aires,4516.13,Hatchback,10
Citroën,57000,Buenos Aires (A.M.B.A.),15161.29,SUV,5
Volkswagen,40000,Ciudad Autónoma Buenos Aires,12000.0,Hatchback,8
Peugeot,255000,Ciudad Autónoma Buenos Aires,11612.9,Furgón,18
Volkswagen,49000,Chaco,8387.1,Hatchback,13
Toyota,20000,Mendoza,30322.58,SUV,2
Jeep,80399,Buenos Aires (A.M.B.A.),21290.32,SUV,9
Renault,101800,Corrientes,12580.65,Pickup,9
Ford,99810,Mendoza,8387.1,Hatchback,14
Chevrolet,22000,Buenos Aires,17500.0,Sedán,2
KIA,91857,Buenos Aires (A.M.B.A.),20000.0,Camión,10
Ford,39800,Entre Ríos,18064.52,Pickup,9
Toyota,150000,Mendoza,16129.03,Sedán,8
FIAT,57000,Mendoza,9032.26,Hatchback,9
Ford,53800,Buenos Aires (A.M.B.A.),11290.32,Sedán,8
Volkswagen,175000,Buenos Aires (A.M.B.A.),7935.48,Sedán,16
Volkswagen,110000,Neuquén,10258.06,Hatchback,7
Chevrolet,91000,Córdoba,11483.87,Sedán,9
Chevrolet,137200,Salta,4838.71,Hatchback,19
Chevrolet,129500,Buenos Aires (A.M.B.A.),11290.32,Sedán,9
Mitsubishi,97000,Ciudad Autónoma Buenos Aires,32900.0,Pickup,5
Volkswagen,145384,Ciudad Autónoma Buenos Aires,6387.1,Minivan,15
Suzuki,168000,Córdoba,3870.97,Hatchback,21
Peugeot,33000,Buenos Aires,5161.29,Hatchback,5
Ford,58800,Ciudad Autónoma Buenos Aires,16000.0,SUV,8
Chevrolet,39000,Chaco,7096.77,Hatchback,13
Ford,74000,Córdoba,11290.32,Hatchback,6
Renault,116000,Córdoba,9354.84,SUV,9
Volkswagen,88000,Mendoza,8258.06,Hatchback,11
Ford,254000,Buenos Aires,4193.55,Hatchback,18
Peugeot,34900,Buenos Aires,12774.19,SUV,8
Renault,256000,Buenos Aires,7096.77,SUV,14
Volkswagen,140000,Mendoza,8064.52,SUV,14
Renault,120000,Buenos Aires (A.M.B.A.),9000.0,Sedán,12
Ford,88000,Buenos Aires,26500.0,Pickup,6
Volkswagen,360000,Buenos Aires,7677.42,Minivan,9
Chery,95615,Neuquén,12903.23,SUV,8
Peugeot,153538,Buenos Aires (A.M.B.A.),2580.65,Sedán,15
Toyota,26500,Ciudad Autónoma Buenos Aires,31000.0,SUV,4
BMW,39000,Ciudad Autónoma Buenos Aires,49000.0,Cabriolet,8
Hyundai,350000,Buenos Aires,8967.74,SUV,18
Ford,66500,Buenos Aires (A.M.B.A.),12258.06,Hatchback,10
Renault,84700,Entre Ríos,5483.87,Hatchback,22
Ford,155000,Buenos Aires,12580.65,Hatchback,9
Volkswagen,306000,Buenos Aires (A.M.B.A.),4387.1,Hatchback,20
Toyota,209700,Buenos Aires,19900.0,Pickup,14
Renault,123000,Buenos Aires (A.M.B.A.),2000.0,Hatchback,13
Ford,140000,Buenos Aires,10500.0,SUV,13
FIAT,165000,Córdoba,13000.0,Hatchback,8
Ford,81000,Córdoba,14193.55,SUV,5
Peugeot,68000,Ciudad Autónoma Buenos Aires,7741.94,SUV,8
Volkswagen,84000,Buenos Aires,37800.0,Pickup,8
Ford,102000,Córdoba,10967.74,Pickup,6
Volkswagen,271000,Misiones,10258.06,Coupé,15
Renault,240000,Mendoza,5000.0,Hatchback,19
FIAT,46000,Córdoba,14709.68,Sedán,3
Volkswagen,138000,Entre Ríos,6774.19,Hatchback,14
Ford,94000,Buenos Aires,7500.0,Hatchback,14
Peugeot,65000,Buenos Aires (A.M.B.A.),14354.84,Hatchback,4
Ford,100000,Córdoba,6129.03,Hatchback,14
Chevrolet,188000,Córdoba,7676.77,Minivan,15
Chevrolet,77000,Buenos Aires (A.M.B.A.),11870.97,Hatchback,8
Volkswagen,40000,Ciudad Autónoma Buenos Aires,22580.65,SUV,4
Toyota,88000,San Luis,19000.0,SUV,15
Volkswagen,179000,Buenos Aires,8387.1,Minivan,13
Volkswagen,109000,Buenos Aires (A.M.B.A.),8600.0,Hatchback,15
Ford,140000,Córdoba,5935.48,Hatchback,14
Ford,110000,Buenos Aires,12000.0,Hatchback,7
Toyota,50000,Córdoba,28387.1,SUV,2
FIAT,188338,Córdoba,3548.39,Hatchback,24
Chevrolet,138500,Buenos Aires (A.M.B.A.),5806.45,Sedán,14
Volkswagen,200000,Buenos Aires,7741.94,Minivan,14
Volkswagen,232000,Ciudad Autónoma Buenos Aires,6000.0,Minivan,19
Nissan,110000,Santa Fe,20000.0,SUV,4
Hyundai,188500,Ciudad Autónoma Buenos Aires,5000.0,Minivan,27
Peugeot,42000,Ciudad Autónoma Buenos Aires,6774.19,Hatchback,7
FIAT,150000,Córdoba,8387.1,Hatchback,13
Nissan,152137,Tucumán,9354.84,Sedán,8
FIAT,200000,Buenos Aires (A.M.B.A.),8064.52,Hatchback,11
Toyota,182000,Ciudad Autónoma Buenos Aires,24193.55,Pickup,8
FIAT,67000,San Luis,12903.23,Sedán,4
Toyota,49800,Mendoza,18709.68,Sedán,7
Ford,134069,Buenos Aires (A.M.B.A.),10967.74,Hatchback,9
Chevrolet,127000,Ciudad Autónoma Buenos Aires,15483.87,Hatchback,7
Nissan,95000,Buenos Aires,15483.87,Sedán,5
Chevrolet,111500,Buenos Aires (A.M.B.A.),5612.9,Sedán,13
Chevrolet,97000,Buenos Aires,14516.13,Sedán,5
FIAT,200000,Córdoba,7419.35,Wagon,13
Citroën,195000,Buenos Aires (A.M.B.A.),5161.29,Minivan,17
Peugeot,178000,Buenos Aires,3225.81,Hatchback,16
FIAT,135000,Santa Fe,5612.9,Hatchback,15
Dodge,160000,Buenos Aires (A.M.B.A.),11000.0,SUV,15
Volkswagen,160000,Tucumán,9677.42,Sedán,6
Chevrolet,156000,San Luis,9677.42,Minivan,12
Ford,105000,Neuquén,11935.48,Hatchback,9
Chevrolet,153870,Buenos Aires (A.M.B.A.),9677.42,Sedán,9
Peugeot,93000,Mendoza,11935.48,Hatchback,7
Ford,200000,Santa Fe,10322.58,Hatchback,10
Volkswagen,115000,San Luis,17741.94,Hatchback,8
Renault,175000,Córdoba,6774.19,Hatchback,9
Renault,129000,Buenos Aires (A.M.B.A.),11000.0,SUV,9
Peugeot,24000,Ciudad Autónoma Buenos Aires,8387.1,Furgón,4
Chery,49273,San Luis,12387.1,SUV,9
Volkswagen,60000,Santa Fe,26000.0,Sedán,5
Renault,187000,Mendoza,6129.03,Hatchback,13
Jeep,42000,Ciudad Autónoma Buenos Aires,19096.77,SUV,4
Citroën,250000,Ciudad Autónoma Buenos Aires,6129.03,Furgón,13
Citroën,233387,Buenos Aires (A.M.B.A.),6451.61,Furgón,13
Ford,80000,Mendoza,33419.35,Furgón,4
Ford,158200,Buenos Aires (A.M.B.A.),9677.42,Hatchback,11
Ford,98600,Catamarca,12967.74,Hatchback,8
Volkswagen,65000,Mendoza,9000.0,Hatchback,11
FIAT,278000,Ciudad Autónoma Buenos Aires,12000.0,Pickup,9
Renault,209500,Tucumán,8064.52,SUV,14
FIAT,110000,Ciudad Autónoma Buenos Aires,10000.0,Hatchback,10
FIAT,233000,Córdoba,5806.45,Sedán,14
FIAT,86000,Córdoba,8709.68,Hatchback,12
Volkswagen,90500,Mendoza,9032.26,Hatchback,13
FIAT,111000,Buenos Aires (A.M.B.A.),8451.61,Hatchback,9
Toyota,105000,Mendoza,13548.39,Hatchback,6
Citroën,2500,Ciudad Autónoma Buenos Aires,7741.94,SUV,2
Renault,98000,Buenos Aires (A.M.B.A.),16900.0,SUV,8
Mercedes,140000,San Juan,16000.0,Sedán,17
Peugeot,250000,Buenos Aires (A.M.B.A.),4193.55,Hatchback,18
Peugeot,61000,Santa Fe,12580.65,Hatchback,7
Ford,86000,Corrientes,12903.23,Sedán,9
Peugeot,60000,Buenos Aires (A.M.B.A.),19900.0,Hatchback,5
Chevrolet,130000,Córdoba,8064.52,Pickup,13
Renault,112000,San Juan,11935.48,SUV,8
Toyota,275000,Mendoza,23000.0,SUV,16
Peugeot,14000,Córdoba,69900.0,Furgón,4
BMW,133000,Neuquén,40000.0,SUV,13
BMW,200000,Buenos Aires,17000.0,SUV,13
Volkswagen,89000,Entre Ríos,19225.81,SUV,5
Ford,125500,Buenos Aires (A.M.B.A.),8500.0,Sedán,12
Volkswagen,170000,Buenos Aires (A.M.B.A.),3096.77,Hatchback,26
Volkswagen,105000,Ciudad Autónoma Buenos Aires,10000.0,Hatchback,15
Chevrolet,94500,Neuquén,5806.45,Sedán,15
Peugeot,166000,Buenos Aires,6129.03,Sedán,19
Ford,131000,Santa Fe,21935.48,Pickup,7
Peugeot,41530,San Luis,29032.26,SUV,2
Renault,348086,Córdoba,9677.42,Furgón,18
Ford,185000,Mendoza,17354.84,Pickup,11
Ford,89200,Buenos Aires (A.M.B.A.),3348.39,SUV,16
Volkswagen,279000,Córdoba,3225.81,Hatchback,26
Volkswagen,88000,Buenos Aires (A.M.B.A.),7741.94,Hatchback,14
Chevrolet,26000,Buenos Aires (A.M.B.A.),16774.19,Sedán,5
Toyota,184000,Mendoza,11935.48,Sedán,12
Peugeot,87000,Buenos Aires (A.M.B.A.),15000.0,Hatchback,7
Mitsubishi,245000,Río Negro,8000.0,Pickup,18
Volkswagen,120000,Buenos Aires,6000.0,Hatchback,18
Renault,89000,Ciudad Autónoma Buenos Aires,14516.13,SUV,6
Ford,86000,Buenos Aires (A.M.B.A.),22516.13,SUV,5
Chevrolet,156000,Buenos Aires (A.M.B.A.),6129.03,Sedán,11
Peugeot,45000,Buenos Aires (A.M.B.A.),15500.0,Hatchback,3
Peugeot,168000,Ciudad Autónoma Buenos Aires,4387.1,Hatchback,20
Citroën,124000,Buenos Aires (A.M.B.A.),12500.0,Hatchback,9
Renault,56000,Entre Ríos,16000.0,SUV,9
Volkswagen,163000,Santa Fe,14516.13,Sedán,9
Ford,86000,Corrientes,12903.23,Hatchback,9
Chevrolet,115000,Jujuy,10322.58,Hatchback,5
FIAT,101000,Buenos Aires (A.M.B.A.),11935.48,Sedán,6
Peugeot,22000,Ciudad Autónoma Buenos Aires,7096.77,Hatchback,3
Toyota,92000,Mendoza,10000.0,Hatchback,10
FIAT,85500,Córdoba,8709.68,Hatchback,13
Toyota,218900,Tucumán,6322.58,Sedán,20
Ford,99755,Chubut,10322.58,SUV,13
Peugeot,38000,Ciudad Autónoma Buenos Aires,9032.26,Furgón,5
SEAT,117000,Entre Ríos,14000.0,Hatchback,17
Peugeot,240000,Mendoza,7290.32,Sedán,15
Chevrolet,85000,Córdoba,17096.77,Hatchback,5
FIAT,43000,Neuquén,14193.55,Sedán,4
Ford,160000,Buenos Aires (A.M.B.A.),7096.77,Hatchback,15
Nissan,137000,Córdoba,25806.45,Pickup,4
Citroën,174000,Buenos Aires (A.M.B.A.),8000.0,Hatchback,15
Peugeot,50000,Ciudad Autónoma Buenos Aires,8387.1,SUV,1
Ford,160000,Buenos Aires (A.M.B.A.),6774.19,Sedán,17
Peugeot,1,Ciudad Autónoma Buenos Aires,25741.94,SUV,0
Ford,70000,Santa Fe,10322.58,Hatchback,11
Honda,2700,Buenos Aires,36700.0,SUV,1
FIAT,135000,Ciudad Autónoma Buenos Aires,4258.06,Hatchback,20
FIAT,146000,Córdoba,7419.35,Hatchback,11
Peugeot,250000,Santa Fe,4516.13,Hatchback,20
FIAT,70000,Mendoza,11354.84,Sedán,5
Renault,300000,Buenos Aires (A.M.B.A.),2000.0,Clásico,39
Ford,1,Neuquén,31548.39,SUV,1
BMW,130000,Santa Fe,36000.0,Coupé,15
Chery,80000,Buenos Aires,6774.19,Hatchback,11
Volkswagen,140700,Tucumán,8387.1,Hatchback,14
Chevrolet,165000,Salta,32000.0,SUV,6
Renault,37000,Corrientes,11612.9,Hatchback,8
Renault,69000,Córdoba,14838.71,Pickup,7
Renault,193000,Buenos Aires,6129.03,Hatchback,18
Renault,105000,Buenos Aires (A.M.B.A.),12258.06,SUV,7
Renault,273000,Buenos Aires,10967.1,Pickup,10
Peugeot,32000,Buenos Aires (A.M.B.A.),18500.0,Hatchback,2
Volkswagen,166500,Buenos Aires (A.M.B.A.),5935.48,Minivan,19
Toyota,180000,Córdoba,30000.0,Pickup,6
FIAT,97000,Buenos Aires,1935.48,Clásico,59
FIAT,188000,Córdoba,8967.1,Sedán,11
Ford,147000,Ciudad Autónoma Buenos Aires,13000.0,SUV,12
Chevrolet,135000,Córdoba,4193.55,Hatchback,15
Renault,60000,Buenos Aires (A.M.B.A.),8387.1,Hatchback,10
BMW,100000,Córdoba,28000.0,Hatchback,9
Ford,127000,Buenos Aires,10903.23,Hatchback,12
Renault,180000,Buenos Aires (A.M.B.A.),6500.0,Furgón,20
BMW,41150,Buenos Aires,39900.0,SUV,9
Toyota,227000,Buenos Aires (A.M.B.A.),19800.0,Pickup,14
Toyota,182500,Ciudad Autónoma Buenos Aires,19032.26,Pickup,11
Nissan,127000,Buenos Aires (A.M.B.A.),15935.48,SUV,6
Toyota,191000,Santa Fe,18387.1,SUV,13
Chevrolet,132000,Buenos Aires (A.M.B.A.),2580.65,Wagon,16
Peugeot,65000,Mendoza,11612.9,Sedán,8
Toyota,290000,Mendoza,27000.0,SUV,13
Volkswagen,80000,Ciudad Autónoma Buenos Aires,6200.0,Hatchback,18
Audi,107000,Misiones,20322.58,Coupé,11
Peugeot,75000,Ciudad Autónoma Buenos Aires,13548.39,Hatchback,6
Peugeot,46600,Ciudad Autónoma Buenos Aires,3548.39,Hatchback,8
Chevrolet,173000,Córdoba,7096.77,Hatchback,14
Nissan,75000,Tucumán,19225.81,Pickup,3
Peugeot,36000,Misiones,19993.55,SUV,6
Ford,5700,Córdoba,48000.0,SUV,1
Renault,135000,Misiones,8064.52,Sedán,12
Ford,125000,Buenos Aires,6774.19,Hatchback,15
Chevrolet,72000,Entre Ríos,11612.9,Hatchback,7
Haval,125000,Mendoza,14838.71,SUV,8
Volkswagen,166000,Buenos Aires,16064.52,Pickup,14
Renault,150000,Córdoba,9032.26,SUV,13
Peugeot,107000,Buenos Aires (A.M.B.A.),3612.9,Furgón,10
Ford,170000,Salta,10967.74,Hatchback,9
FIAT,112000,Buenos Aires (A.M.B.A.),5677.42,Hatchback,13
FIAT,140000,Buenos Aires,10645.16,Sedán,9
Renault,149000,Ciudad Autónoma Buenos Aires,6258.06,Sedán,13
Peugeot,75000,Córdoba,10967.74,Hatchback,8
Peugeot,180000,Córdoba,7676.77,Hatchback,12
Volvo,180000,Buenos Aires,23225.81,SUV,10
Toyota,199500,Santa Fe,16129.03,Sedán,7
Ford,110000,Buenos Aires,12774.19,Hatchback,9
Renault,10,Neuquén,18645.16,Sedán,1
Audi,130000,Misiones,26625.0,Sedán,17
FIAT,49500,Santa Fe,14193.55,Sedán,4
Toyota,104000,Misiones,18535.48,Hatchback,3
Citroën,103000,Córdoba,14129.03,Minivan,8
FIAT,20000,Buenos Aires (A.M.B.A.),3229.16,Hatchback,1
Chevrolet,215000,Santa Fe,11612.9,SUV,10
Volkswagen,7000,Buenos Aires,38709.68,Pickup,2
Audi,110000,Córdoba,19000.0,SUV,13
Peugeot,125000,Buenos Aires,9354.84,Hatchback,10
FIAT,80000,Mendoza,5000.0,Clásico,32
DS,42000,Ciudad Autónoma Buenos Aires,36500.0,Hatchback,3
FIAT,133000,Córdoba,12903.23,Sedán,6
FIAT,20000,Buenos Aires (A.M.B.A.),3870.97,Sedán,1
Chevrolet,197000,Buenos Aires,5200.0,Hatchback,18
Peugeot,130000,Buenos Aires,8967.74,Furgón,11
Toyota,82200,Buenos Aires,27000.0,SUV,10
Chrysler,26817,Misiones,38500.0,Sedán,13
Volkswagen,150000,Mendoza,6000.0,Hatchback,14
Nissan,110000,Buenos Aires (A.M.B.A.),7741.94,Sedán,10
Chevrolet,166000,Ciudad Autónoma Buenos Aires,6200.0,Minivan,16
Ford,72000,Misiones,35477.42,Pickup,6
FIAT,75500,Mendoza,13806.45,Sedán,2
Renault,99000,Buenos Aires (A.M.B.A.),3419.35,Sedán,11
Renault,100000,Mendoza,1290.32,Clásico,51
Volkswagen,205000,Córdoba,7096.77,Minivan,13
Chevrolet,133000,Buenos Aires (A.M.B.A.),11500.0,Hatchback,8
Chevrolet,90000,Córdoba,4193.55,Hatchback,16
Ford,156000,Entre Ríos,9032.26,Hatchback,12
Ford,173001,Buenos Aires (A.M.B.A.),4709.68,Hatchback,19
Mercedes,16000,Ciudad Autónoma Buenos Aires,49200.0,Furgón,4
FIAT,96000,Buenos Aires,8387.1,Sedán,13
Chevrolet,108000,Ciudad Autónoma Buenos Aires,6774.19,Hatchback,13
Volkswagen,190000,Ciudad Autónoma Buenos Aires,15419.35,Hatchback,3
Ford,101700,Buenos Aires (A.M.B.A.),10645.16,SUV,9
FIAT,79000,Misiones,9025.81,Hatchback,11
Peugeot,75000,Ciudad Autónoma Buenos Aires,9548.39,Hatchback,8
Ford,83000,Buenos Aires (A.M.B.A.),18064.52,Pickup,11
Ford,123000,Jujuy,10500.0,Sedán,12
Renault,63000,Buenos Aires (A.M.B.A.),9500.0,Hatchback,8
Peugeot,100000,Mendoza,2903.23,Clásico,31
Peugeot,100492,Buenos Aires (A.M.B.A.),9032.26,Hatchback,10
Ford,70893,Córdoba,11696.77,Hatchback,6
Chevrolet,200000,Santa Fe,6451.61,Sedán,10
Ford,158000,Buenos Aires (A.M.B.A.),3870.97,Hatchback,19
Ford,210000,Ciudad Autónoma Buenos Aires,10500.0,SUV,10
Renault,140000,Santa Fe,10645.16,Hatchback,10
Citroën,160000,Ciudad Autónoma Buenos Aires,13500.0,Minivan,9
Peugeot,78500,Buenos Aires (A.M.B.A.),10129.03,SUV,9
Volkswagen,10500,Buenos Aires (A.M.B.A.),25612.9,SUV,2
FIAT,20000,Buenos Aires (A.M.B.A.),3581.94,Hatchback,1
Citroën,76000,Salta,10322.58,Hatchback,8
Toyota,190000,Tucumán,21935.48,Pickup,9
Peugeot,99553,Ciudad Autónoma Buenos Aires,13200.0,Hatchback,9
Ford,96000,Santa Fe,7741.94,Hatchback,13
Renault,99000,Misiones,7735.48,Hatchback,11
Ford,78131,Córdoba,11290.32,Hatchback,9
Chevrolet,21000,Córdoba,16129.03,Hatchback,8
Toyota,85000,Chaco,9677.42,Hatchback,12
Peugeot,98590,Ciudad Autónoma Buenos Aires,5806.45,Hatchback,7
Toyota,205000,Buenos Aires,9032.26,Sedán,10
Chevrolet,170000,Buenos Aires,7096.77,Hatchback,9
Renault,60000,Buenos Aires (A.M.B.A.),6451.61,Furgón,13
Ford,200000,Mendoza,5483.87,Hatchback,18
Renault,160000,Ciudad Autónoma Buenos Aires,6451.61,Hatchback,12
Chevrolet,138000,Ciudad Autónoma Buenos Aires,12903.23,SUV,7
FIAT,18500,Buenos Aires (A.M.B.A.),17419.35,Sedán,3
Chevrolet,70600,Buenos Aires,16500.0,SUV,9
Renault,103000,La Pampa,21290.32,Pickup,6
Audi,100000,Buenos Aires,34000.0,Hatchback,8
Chevrolet,77000,San Luis,11419.35,Sedán,6
Jeep,53000,Córdoba,21000.0,SUV,4
Geely,51000,Ciudad Autónoma Buenos Aires,25000.0,SUV,7
Chevrolet,200000,San Luis,5806.45,Hatchback,17
Chevrolet,156000,Tucumán,19354.84,Pickup,6
Peugeot,35000,Santa Fe,19354.84,SUV,3
FIAT,132500,Chaco,5483.87,Hatchback,14
Ford,130000,Buenos Aires,10967.74,SUV,11
Hyundai,102000,Buenos Aires,18000.0,SUV,9
Citroën,125000,Santa Fe,10193.55,SUV,7
Peugeot,226000,Ciudad Autónoma Buenos Aires,3870.97,Hatchback,18
FIAT,230000,Buenos Aires (A.M.B.A.),4516.13,Furgón,26
Peugeot,202000,Entre Ríos,5096.77,Hatchback,17
Ford,300000,Córdoba,2903.23,Hatchback,25
Ford,98000,Buenos Aires (A.M.B.A.),9800.0,Hatchback,11
Renault,174000,Mendoza,12580.65,Pickup,8
Mitsubishi,390000,Ciudad Autónoma Buenos Aires,3600.0,Sedán,29
FIAT,281500,Corrientes,5806.45,Wagon,11
Volkswagen,250000,Ciudad Autónoma Buenos Aires,5580.65,Minivan,12
Chevrolet,266000,Mendoza,5483.87,Hatchback,16
Toyota,124000,Córdoba,13900.0,Sedán,11
Audi,130000,Ciudad Autónoma Buenos Aires,14600.0,Hatchback,12
Peugeot,98590,Ciudad Autónoma Buenos Aires,5806.45,SUV,7
Chevrolet,151000,Buenos Aires (A.M.B.A.),10000.0,SUV,11
FIAT,95300,Río Negro,19354.84,Pickup,6
FIAT,82000,Córdoba,10967.74,Sedán,8
Toyota,97000,Río Negro,11935.48,Sedán,8
Peugeot,128000,Chubut,10000.0,Sedán,8
Mercedes,54900,Ciudad Autónoma Buenos Aires,36500.0,Sedán,8
Toyota,39000,Río Negro,17419.35,Sedán,3
Mitsubishi,148000,Ciudad Autónoma Buenos Aires,19900.0,SUV,10
Peugeot,120000,Buenos Aires,12258.06,SUV,8
FIAT,170000,Mendoza,6709.68,Wagon,16
Toyota,148000,Chaco,13870.97,Sedán,8
Honda,200600,Ciudad Autónoma Buenos Aires,8500.0,Sedán,19
Renault,450000,Buenos Aires (A.M.B.A.),2580.65,Furgón,30
FIAT,98000,Río Negro,10967.74,Hatchback,8
Toyota,7000,Buenos Aires,16645.16,Hatchback,3
BMW,185000,Mendoza,28000.0,SUV,16
Peugeot,94000,Buenos Aires (A.M.B.A.),13200.0,Hatchback,8
Chery,105000,Santa Fe,10709.68,SUV,8
Volkswagen,13500,Buenos Aires (A.M.B.A.),21096.77,SUV,3
Peugeot,47000,Buenos Aires (A.M.B.A.),15500.0,Hatchback,3
Volkswagen,93000,Córdoba,10645.16,Minivan,12
Chrysler,177270,Ciudad Autónoma Buenos Aires,8500.0,Sedán,26
Peugeot,22800,Ciudad Autónoma Buenos Aires,7741.94,Hatchback,4
Volkswagen,41000,Córdoba,39934.84,Pickup,2
FIAT,65300,Córdoba,9677.42,Hatchback,8
Renault,211000,Buenos Aires (A.M.B.A.),2322.58,Minivan,28
Chevrolet,131000,Tucumán,12580.65,Minivan,8
FIAT,113000,Córdoba,9612.26,Hatchback,13
Ford,140000,Santa Fe,12903.23,SUV,8
Volkswagen,79000,Ciudad Autónoma Buenos Aires,12000.0,Sedán,15
Peugeot,126000,Buenos Aires (A.M.B.A.),10322.58,SUV,9
Citroën,129000,Buenos Aires,7741.94,Minivan,13
FIAT,80000,Mendoza,9354.84,Hatchback,12
FIAT,1000,Buenos Aires,10000.0,Hatchback,64
Hyundai,63000,Ciudad Autónoma Buenos Aires,19500.0,SUV,13
Citroën,200000,Tucumán,5806.45,SUV,15
Renault,705,Córdoba,12903.23,Hatchback,1
Chevrolet,87000,Buenos Aires (A.M.B.A.),16000.0,Sedán,8
Chevrolet,165000,Tucumán,8967.74,Sedán,9
Citroën,95000,Buenos Aires (A.M.B.A.),8387.1,Sedán,10
Renault,171000,La Pampa,6451.61,Hatchback,12
FIAT,130000,Santa Fe,8064.52,Sedán,12
Volkswagen,35000,Córdoba,24000.0,Hatchback,8
Chevrolet,150000,Mendoza,6322.58,Sedán,10
Citroën,64000,Mendoza,10645.16,Hatchback,8
Ford,50000,Ciudad Autónoma Buenos Aires,14000.0,Sedán,11
Volkswagen,110000,Buenos Aires (A.M.B.A.),10800.0,Hatchback,12
Toyota,169000,Córdoba,10322.58,Hatchback,8
FIAT,42000,Ciudad Autónoma Buenos Aires,5161.29,Sedán,4
FIAT,190000,Córdoba,5161.29,Hatchback,16
FIAT,23000,Misiones,12903.23,Sedán,4
Chevrolet,155000,Buenos Aires (A.M.B.A.),12000.0,Sedán,13
Renault,99995,Río Negro,12580.65,SUV,8
Citroën,75000,Tucumán,15161.29,SUV,4
Ford,173665,Buenos Aires (A.M.B.A.),10900.0,Hatchback,9
Hyundai,223000,Chubut,12000.0,Minivan,19
Citroën,114000,Buenos Aires,8500.0,Hatchback,14
FIAT,210000,Buenos Aires (A.M.B.A.),6709.68,Hatchback,13
Volkswagen,132000,Neuquén,12903.23,Minivan,7
Ford,177000,Buenos Aires,22000.0,Pickup,10
Renault,102000,Buenos Aires,10000.0,Hatchback,9
Citroën,93000,Córdoba,8387.1,Hatchback,11
Toyota,156000,Buenos Aires (A.M.B.A.),7500.0,Sedán,19
Peugeot,47000,Ciudad Autónoma Buenos Aires,4193.55,Hatchback,6
FIAT,125000,Buenos Aires (A.M.B.A.),9354.84,Hatchback,11
Citroën,127000,Ciudad Autónoma Buenos Aires,7500.0,Hatchback,13
Volkswagen,195000,Corrientes,3548.39,SUV,26
Volkswagen,96000,Buenos Aires (A.M.B.A.),8300.0,Hatchback,13
Volkswagen,107000,Ciudad Autónoma Buenos Aires,11500.0,Sedán,14
Volkswagen,217000,Buenos Aires (A.M.B.A.),8500.0,Minivan,13
Chevrolet,155000,Buenos Aires,7500.0,Sedán,13
Peugeot,50000,Ciudad Autónoma Buenos Aires,4838.71,Hatchback,3
Peugeot,45000,Ciudad Autónoma Buenos Aires,6451.61,Hatchback,6
Volkswagen,147000,Buenos Aires (A.M.B.A.),11200.0,Sedán,16
Ford,318000,Córdoba,5161.29,SUV,14
FIAT,162000,Buenos Aires (A.M.B.A.),8709.68,Hatchback,9
Ford,268000,San Luis,17354.84,Pickup,12
Toyota,64000,Santa Fe,29000.0,Coupé,10
Chevrolet,100800,Córdoba,12258.06,SUV,8
Chevrolet,215000,Córdoba,5741.29,Sedán,16
Peugeot,45000,Ciudad Autónoma Buenos Aires,8625.81,Hatchback,4
Chery,110000,Buenos Aires (A.M.B.A.),9032.26,SUV,10
Volkswagen,165000,Entre Ríos,17000.0,Pickup,12
Chevrolet,107000,Córdoba,11934.84,Hatchback,8
Nissan,100000,Buenos Aires (A.M.B.A.),10774.19,Hatchback,10
Chevrolet,315400,Buenos Aires,5806.45,Hatchback,16
Volkswagen,18000,Mendoza,7096.77,Sedán,9
Volkswagen,181000,San Luis,11225.81,Hatchback,10
Volkswagen,50000,Buenos Aires (A.M.B.A.),23800.0,SUV,2
Volkswagen,90000,Buenos Aires (A.M.B.A.),11290.32,Hatchback,10
Citroën,104000,Córdoba,13870.97,SUV,4
Nissan,105000,Ciudad Autónoma Buenos Aires,16000.0,Sedán,4
Jeep,110000,Córdoba,19354.84,SUV,8
Citroën,140000,Ciudad Autónoma Buenos Aires,12000.0,Sedán,9
FIAT,260000,Mendoza,6451.61,Sedán,13
Chevrolet,77000,Ciudad Autónoma Buenos Aires,14129.03,Sedán,6
Volkswagen,150000,Buenos Aires (A.M.B.A.),6129.03,Minivan,15
Renault,165000,Jujuy,13000.0,SUV,10
Peugeot,95000,Buenos Aires (A.M.B.A.),7419.35,SUV,15
Nissan,91000,Ciudad Autónoma Buenos Aires,9161.29,Hatchback,8
Renault,32000,Buenos Aires (A.M.B.A.),22516.13,Pickup,5
Peugeot,60000,Ciudad Autónoma Buenos Aires,6451.61,Hatchback,8
Volkswagen,76000,Santa Fe,11935.48,Sedán,8
Honda,153000,Buenos Aires (A.M.B.A.),18000.0,SUV,10
Honda,130000,Buenos Aires,14000.0,Sedán,12
Toyota,77000,Ciudad Autónoma Buenos Aires,18000.0,Sedán,8
Renault,220000,San Juan,8064.52,Furgón,11
Peugeot,35000,Ciudad Autónoma Buenos Aires,4193.55,Hatchback,5
Chevrolet,12000,Ciudad Autónoma Buenos Aires,20967.74,SUV,3
Ford,107000,Entre Ríos,10500.0,Hatchback,11
Volkswagen,121000,Buenos Aires (A.M.B.A.),2580.65,Hatchback,11
Citroën,68000,Buenos Aires (A.M.B.A.),17800.0,SUV,4
Renault,235000,Córdoba,7676.77,Hatchback,13
Ford,35000,Ciudad Autónoma Buenos Aires,7419.35,Hatchback,13
Peugeot,80000,Ciudad Autónoma Buenos Aires,11500.0,Sedán,12
Peugeot,108000,Mendoza,10000.0,Sedán,9
Ford,79000,Corrientes,11483.87,SUV,10
Peugeot,122000,Ciudad Autónoma Buenos Aires,10064.52,SUV,10
Ford,205000,Santa Fe,9354.84,Sedán,10
Ford,156000,Buenos Aires,5612.9,Hatchback,13
Ford,165000,Córdoba,38000.0,Pickup,7
Volkswagen,157000,Neuquén,9032.26,Minivan,12
Ford,187000,Ciudad Autónoma Buenos Aires,15483.87,Pickup,9
Renault,120000,San Luis,8064.52,Hatchback,11
Ford,20000,Mendoza,15483.87,Hatchback,7
Volkswagen,260000,Mendoza,5483.87,Minivan,18
Toyota,88000,Santa Fe,11290.32,Hatchback,9
Volkswagen,82000,Córdoba,12500.0,Hatchback,7
Citroën,145000,Ciudad Autónoma Buenos Aires,6900.0,Minivan,13
Ford,170000,Santa Fe,9677.42,SUV,9
Peugeot,28000,Ciudad Autónoma Buenos Aires,6129.03,Hatchback,4
Volkswagen,67000,Buenos Aires (A.M.B.A.),12000.0,Hatchback,11
Volkswagen,204000,San Luis,16774.19,Pickup,13
BMW,61700,Buenos Aires (A.M.B.A.),26500.0,Sedán,13
Volkswagen,186000,Tucumán,13225.81,Pickup,11
Nissan,115000,Ciudad Autónoma Buenos Aires,10000.0,Sedán,8
Toyota,80000,Buenos Aires (A.M.B.A.),22580.65,SUV,5
BMW,150000,Buenos Aires (A.M.B.A.),24700.0,Sedán,8
Ford,119000,Buenos Aires,11935.48,Sedán,11
BMW,99000,Ciudad Autónoma Buenos Aires,38500.0,Sedán,5
Ford,58000,Corrientes,10967.74,Hatchback,10
Toyota,45000,Neuquén,29032.26,SUV,4
Peugeot,42000,Salta,14838.71,SUV,5
Toyota,200000,Mendoza,9612.9,Hatchback,11
Volkswagen,83000,Buenos Aires (A.M.B.A.),11900.0,Hatchback,9
Audi,94000,Ciudad Autónoma Buenos Aires,19900.0,SUV,13
Toyota,71600,Buenos Aires (A.M.B.A.),42000.0,SUV,5
BMW,197000,Buenos Aires (A.M.B.A.),25000.0,Sedán,16
FIAT,148000,Ciudad Autónoma Buenos Aires,3700.0,Hatchback,27
Volkswagen,78000,Entre Ríos,12903.23,Minivan,8
Peugeot,350000,Santa Fe,2258.06,Clásico,32
Citroën,143000,Buenos Aires (A.M.B.A.),6129.03,Minivan,13
Renault,3000,Buenos Aires (A.M.B.A.),17741.94,SUV,1
Peugeot,26000,Ciudad Autónoma Buenos Aires,4838.71,Hatchback,3
Volkswagen,102000,Buenos Aires (A.M.B.A.),6258.06,Minivan,19
Renault,315000,Buenos Aires (A.M.B.A.),7096.77,Furgón,9
Citroën,96000,Ciudad Autónoma Buenos Aires,5741.94,Hatchback,15
Ford,100000,Misiones,2580.65,Sedán,40
Peugeot,105000,Ciudad Autónoma Buenos Aires,10000.0,Hatchback,10
Renault,142000,Buenos Aires,10000.0,Sedán,12
Chevrolet,166000,Santa Fe,6000.0,Sedán,14
Chevrolet,156000,Córdoba,12580.65,SUV,9
Citroën,56000,Córdoba,11548.39,SUV,7
Chevrolet,40500,Buenos Aires (A.M.B.A.),15000.0,SUV,7
Chevrolet,153000,Córdoba,4387.1,Hatchback,20
Ford,540000,Buenos Aires (A.M.B.A.),3096.77,Hatchback,31
Renault,149000,Córdoba,5483.87,Hatchback,18
Chevrolet,210000,Ciudad Autónoma Buenos Aires,4774.19,Hatchback,17
Volkswagen,107000,Buenos Aires (A.M.B.A.),9031.61,Minivan,14
Citroën,156000,Buenos Aires (A.M.B.A.),14000.0,Minivan,8
RAM,18000,Ciudad Autónoma Buenos Aires,35483.87,Pickup,1
Volkswagen,250000,Mendoza,4387.1,Hatchback,27
Ford,500000,Catamarca,10967.74,Hatchback,10
FIAT,42300,Buenos Aires (A.M.B.A.),11741.94,Sedán,4
Volkswagen,181500,Ciudad Autónoma Buenos Aires,13548.39,SUV,13
Ford,477000,Buenos Aires (A.M.B.A.),15483.87,Pickup,32
Chevrolet,115000,Córdoba,11290.32,Minivan,8
Suzuki,112000,Ciudad Autónoma Buenos Aires,5741.94,Hatchback,16
Chevrolet,179000,Buenos Aires (A.M.B.A.),3096.77,Sedán,19
Peugeot,120000,Buenos Aires,11612.9,SUV,9
Ford,93000,Neuquén,14516.13,SUV,6
Chevrolet,120917,Córdoba,9032.26,Hatchback,10
Ford,147000,Neuquén,19354.84,Pickup,7
Honda,78400,Córdoba,20000.0,SUV,8
Chery,50000,Buenos Aires (A.M.B.A.),7677.42,Hatchback,9
Ford,95000,Ciudad Autónoma Buenos Aires,5806.45,Hatchback,13
Peugeot,30000,Córdoba,17096.77,Hatchback,3
Renault,110469,Buenos Aires (A.M.B.A.),3806.45,Hatchback,12
Volkswagen,17,Buenos Aires (A.M.B.A.),32000.0,SUV,1
Volkswagen,153000,Santiago del Estero,7096.77,Hatchback,13
Ford,250000,Ciudad Autónoma Buenos Aires,13900.0,Pickup,18
FIAT,143548,Buenos Aires (A.M.B.A.),8064.52,Hatchback,10
Renault,170200,Buenos Aires,5677.42,Hatchback,14
RAM,1500,Córdoba,38000.0,Pickup,1
Chevrolet,130000,Buenos Aires,10000.0,Hatchback,10
Toyota,100300,Buenos Aires (A.M.B.A.),4509.68,Hatchback,10
Peugeot,18600,Córdoba,11612.9,Hatchback,9
Peugeot,200000,Mendoza,6774.19,Hatchback,14
Renault,173000,Buenos Aires (A.M.B.A.),3548.39,Sedán,18
FIAT,7400,Ciudad Autónoma Buenos Aires,6258.06,Pickup,2
Volkswagen,107387,San Luis,28387.1,Pickup,3
Ford,140000,Buenos Aires (A.M.B.A.),8900.0,SUV,14
Jeep,74500,Buenos Aires (A.M.B.A.),16000.0,SUV,10
Audi,94000,Corrientes,32000.0,Sedán,9
Suzuki,198000,Buenos Aires,3354.84,Hatchback,20
Peugeot,93300,Ciudad Autónoma Buenos Aires,9677.42,Hatchback,7
Ford,141131,Buenos Aires (A.M.B.A.),11612.9,Hatchback,10
Renault,162000,Buenos Aires (A.M.B.A.),3806.45,Hatchback,20
Peugeot,53000,Ciudad Autónoma Buenos Aires,4193.55,Hatchback,7
Honda,85000,Buenos Aires (A.M.B.A.),25900.0,SUV,6
Chevrolet,217000,Mendoza,11612.9,Sedán,8
Ford,53000,Ciudad Autónoma Buenos Aires,24000.0,Pickup,9
Jeep,69970,Buenos Aires (A.M.B.A.),16000.0,SUV,7
Peugeot,153500,Buenos Aires (A.M.B.A.),4838.71,Hatchback,14
MINI,50000,Ciudad Autónoma Buenos Aires,39900.0,SUV,8
FIAT,50000,Ciudad Autónoma Buenos Aires,4516.13,Sedán,4
Renault,127000,Mendoza,11200.0,Sedán,12
FIAT,117000,Buenos Aires (A.M.B.A.),8322.58,Hatchback,8
Chery,135000,Buenos Aires (A.M.B.A.),8064.52,SUV,13
Ford,100000,San Juan,9000.0,Clásico,43
Audi,140000,Corrientes,12580.65,SUV,13
FIAT,285000,San Luis,3870.97,Minivan,20
FIAT,99300,Córdoba,8258.06,Hatchback,9
Nissan,200000,Tucumán,9677.42,Sedán,11
Mercedes,55000,Santa Fe,30000.0,SUV,9
Mercedes,152706,Mendoza,15500.0,Sedán,16
Toyota,109000,San Luis,14709.68,Hatchback,7
Volkswagen,132000,Corrientes,22516.13,SUV,8
Volkswagen,129000,Buenos Aires (A.M.B.A.),7900.0,Hatchback,14
FIAT,133000,Ciudad Autónoma Buenos Aires,9000.0,Wagon,13
Volkswagen,115000,Corrientes,15741.94,Hatchback,9
Chevrolet,190000,Córdoba,6129.03,Hatchback,16
Peugeot,62000,Buenos Aires (A.M.B.A.),4896.77,Hatchback,9
Ford,45000,Buenos Aires (A.M.B.A.),13548.39,Sedán,8
Peugeot,74000,Entre Ríos,10322.58,Hatchback,9
BMW,90000,Córdoba,47500.0,Coupé,46
Renault,92000,Corrientes,14387.1,SUV,8
Ford,100000,Ciudad Autónoma Buenos Aires,15000.0,Hatchback,13
Peugeot,75000,Ciudad Autónoma Buenos Aires,7870.97,Sedán,12
FIAT,92000,Ciudad Autónoma Buenos Aires,6700.0,Hatchback,19
Toyota,191000,Buenos Aires,2903.23,Pickup,18
Renault,92000,Ciudad Autónoma Buenos Aires,9000.0,SUV,13
Peugeot,165000,Ciudad Autónoma Buenos Aires,6300.0,Hatchback,20
Renault,66500,Buenos Aires (A.M.B.A.),21300.0,SUV,5
Citroën,43000,Chaco,11161.29,Hatchback,5
Ford,160000,Buenos Aires (A.M.B.A.),15000.0,Pickup,16
Volkswagen,200000,Buenos Aires (A.M.B.A.),8580.65,Sedán,15
Chevrolet,72000,Córdoba,7548.39,Sedán,13
Peugeot,83000,Ciudad Autónoma Buenos Aires,10645.16,SUV,7
Peugeot,270000,Buenos Aires (A.M.B.A.),8064.52,Furgón,14
Volkswagen,86000,Ciudad Autónoma Buenos Aires,7600.0,Hatchback,15
Mercedes,80000,Corrientes,39900.0,SUV,8
Renault,99000,Córdoba,12580.65,SUV,9
FIAT,189000,Buenos Aires,6709.68,Furgón,14
RAM,31000,Córdoba,31290.32,Pickup,2
Ford,99000,Corrientes,12838.71,SUV,8
Chevrolet,275000,Río Negro,6500.0,Sedán,13
Volkswagen,200000,Neuquén,2451.61,Hatchback,22
Jeep,69000,Buenos Aires,19000.0,SUV,5
Peugeot,75000,Ciudad Autónoma Buenos Aires,16900.0,Hatchback,6
Jeep,64000,Buenos Aires (A.M.B.A.),19500.0,SUV,7
Renault,115000,Neuquén,12903.23,SUV,7
Ford,151600,Tierra del Fuego,10967.74,Hatchback,8
Peugeot,110000,Mendoza,5806.45,Hatchback,16
Peugeot,170000,Ciudad Autónoma Buenos Aires,6000.0,Hatchback,19
Peugeot,160000,Neuquén,10645.16,Hatchback,8
Renault,138000,Buenos Aires (A.M.B.A.),11300.0,SUV,11
Chevrolet,85000,Buenos Aires (A.M.B.A.),9000.0,Hatchback,10
Volkswagen,264000,Mendoza,6451.61,Minivan,13
Renault,127000,Ciudad Autónoma Buenos Aires,9800.0,Hatchback,10
Chevrolet,125000,Buenos Aires (A.M.B.A.),9032.26,Hatchback,11
Ford,195000,Buenos Aires (A.M.B.A.),2258.06,Sedán,33
Toyota,63500,Santa Fe,16774.19,Sedán,7
Peugeot,117500,Ciudad Autónoma Buenos Aires,8064.52,Hatchback,13
Renault,43000,Buenos Aires (A.M.B.A.),10967.74,Sedán,5
Chevrolet,12000,Buenos Aires (A.M.B.A.),7000.0,Pickup,61
MINI,130000,Córdoba,37500.0,Hatchback,13
Chevrolet,158000,Ciudad Autónoma Buenos Aires,11800.0,Sedán,13
Ford,57000,Tucumán,12838.71,Sedán,8
Volkswagen,30000,Buenos Aires (A.M.B.A.),20612.9,SUV,4
Volkswagen,230000,Ciudad Autónoma Buenos Aires,9354.84,Minivan,14
Nissan,90000,Buenos Aires (A.M.B.A.),17900.0,SUV,9
Volkswagen,183500,Córdoba,20870.97,Pickup,6
Ford,189000,Buenos Aires,10322.58,SUV,10
Volkswagen,46000,San Luis,26500.0,Hatchback,8
Chevrolet,130000,Buenos Aires (A.M.B.A.),9025.81,Sedán,10
Peugeot,147000,Buenos Aires,4516.13,Sedán,16
Chevrolet,111000,Mendoza,6451.61,Hatchback,11
Ford,230000,San Luis,8709.68,Sedán,13
Volkswagen,157080,Misiones,4193.55,Pickup,30
Peugeot,9000,Ciudad Autónoma Buenos Aires,32000.0,SUV,3
Peugeot,600000,Ciudad Autónoma Buenos Aires,3870.97,Hatchback,6
Citroën,126000,Buenos Aires (A.M.B.A.),7600.0,Minivan,14
Ford,117000,Buenos Aires (A.M.B.A.),10322.58,SUV,12
FIAT,108000,Buenos Aires (A.M.B.A.),4316.13,Hatchback,12
Ford,131000,Buenos Aires (A.M.B.A.),10999.0,Sedán,12
Ford,130000,Buenos Aires,9200.0,Hatchback,15
Audi,1600,Córdoba,59000.0,Hatchback,1
Volkswagen,258000,Mendoza,4516.13,Hatchback,18
Ford,134800,Neuquén,11290.32,Hatchback,10
Jeep,60000,Córdoba,24838.71,SUV,4
Iveco,490000,Buenos Aires (A.M.B.A.),20645.16,Camión,11
Citroën,53200,Ciudad Autónoma Buenos Aires,14516.13,Sedán,9
FIAT,110000,Buenos Aires (A.M.B.A.),3993.55,Hatchback,14
Mercedes,75000,Buenos Aires (A.M.B.A.),26500.0,Hatchback,10
Ford,90100,Córdoba,9677.42,Hatchback,9
Mercedes,65000,Córdoba,17000.0,Sedán,18
Peugeot,82000,Buenos Aires,11612.9,Furgón,9
FIAT,147266,Buenos Aires (A.M.B.A.),13200.0,Pickup,9
Peugeot,112000,Misiones,10316.13,Hatchback,8
Jeep,26000,Ciudad Autónoma Buenos Aires,7741.94,SUV,4
BMW,180000,Buenos Aires (A.M.B.A.),13000.0,Sedán,16
Honda,223480,Buenos Aires (A.M.B.A.),18000.0,SUV,14
Peugeot,110000,Buenos Aires (A.M.B.A.),9000.0,Hatchback,12
Chevrolet,200000,Mendoza,7000.0,Sedán,14
Toyota,113000,Ciudad Autónoma Buenos Aires,20000.0,Sedán,7
Ford,320000,Ciudad Autónoma Buenos Aires,13548.39,Pickup,13
FIAT,19000,Buenos Aires (A.M.B.A.),12580.65,Sedán,5
Volkswagen,112000,Santa Fe,10322.58,Minivan,10
Volkswagen,80000,Ciudad Autónoma Buenos Aires,6200.0,Hatchback,13
Chery,97000,Tucumán,4516.13,Hatchback,15
Toyota,33000,Buenos Aires (A.M.B.A.),45700.0,Furgón,2
FIAT,53000,Córdoba,25000.0,Pickup,3
FIAT,144000,Córdoba,11290.32,Hatchback,10
Volkswagen,73000,Ciudad Autónoma Buenos Aires,21500.0,Hatchback,8
Peugeot,70000,Buenos Aires (A.M.B.A.),23900.0,SUV,6
Peugeot,250000,Buenos Aires (A.M.B.A.),4500.0,Clásico,52
Nissan,300000,Buenos Aires (A.M.B.A.),16000.0,Pickup,14
Peugeot,163000,Misiones,6451.61,Hatchback,13
Renault,178000,Mendoza,4193.55,Hatchback,15
Chevrolet,107000,Buenos Aires,13500.0,SUV,10
Volkswagen,218000,Buenos Aires (A.M.B.A.),13500.0,Sedán,12
Peugeot,74000,Buenos Aires (A.M.B.A.),8387.1,Hatchback,11
Chevrolet,98000,Ciudad Autónoma Buenos Aires,26451.61,Pickup,5
Peugeot,7000,Ciudad Autónoma Buenos Aires,6774.19,Hatchback,2
Volkswagen,92000,Neuquén,19354.84,SUV,6
Honda,191000,Córdoba,12192.9,SUV,15
Citroën,150000,Santa Fe,5161.29,Hatchback,15
Peugeot,202376,Salta,7741.94,Hatchback,11
Peugeot,102000,Ciudad Autónoma Buenos Aires,9354.84,Hatchback,11
Chevrolet,178000,Chaco,6832.26,Sedán,13
Chevrolet,161000,Córdoba,9677.42,SUV,13
FIAT,136000,Buenos Aires (A.M.B.A.),5806.45,Hatchback,15
Ford,105000,Ciudad Autónoma Buenos Aires,11612.9,SUV,6
Toyota,85000,Mendoza,20000.0,Sedán,7
Volkswagen,120000,Mendoza,9677.42,Sedán,9
Renault,70000,Ciudad Autónoma Buenos Aires,5645.16,Hatchback,9
Ford,135000,Santa Fe,10645.16,Hatchback,10
Ford,109000,Tucumán,4838.71,SUV,22
Peugeot,245664,Buenos Aires (A.M.B.A.),3322.58,Hatchback,18
Chevrolet,92000,Buenos Aires (A.M.B.A.),9354.84,Hatchback,7
Chevrolet,128000,Mendoza,7419.35,Hatchback,11
Renault,149000,Ciudad Autónoma Buenos Aires,6600.0,Hatchback,16
Nissan,57000,Ciudad Autónoma Buenos Aires,19032.26,Sedán,6
Peugeot,13000,Córdoba,15806.45,Hatchback,1
Citroën,179000,Córdoba,7032.26,Hatchback,13
Nissan,216400,Buenos Aires (A.M.B.A.),5900.0,Sedán,16
Ford,150000,Buenos Aires (A.M.B.A.),4516.13,Hatchback,21
Toyota,192000,Buenos Aires (A.M.B.A.),11000.0,Sedán,11
Volkswagen,77000,Buenos Aires (A.M.B.A.),17500.0,Hatchback,10
Ford,28000,Buenos Aires (A.M.B.A.),45160.65,Pickup,2
FIAT,53000,Buenos Aires (A.M.B.A.),7741.94,Hatchback,10
Citroën,150000,Chaco,6774.19,Hatchback,12
Nissan,80000,Ciudad Autónoma Buenos Aires,8650.0,Hatchback,14
Mercedes,300000,Buenos Aires (A.M.B.A.),20000.0,Furgón,16
Jeep,94253,Buenos Aires (A.M.B.A.),14000.0,SUV,10
Peugeot,102200,Buenos Aires (A.M.B.A.),7200.0,Hatchback,20
Citroën,100000,Buenos Aires (A.M.B.A.),9677.42,Hatchback,7
Toyota,184000,Córdoba,20000.0,Sedán,9
Toyota,105000,Buenos Aires,21800.0,Sedán,5
BMW,98000,Córdoba,41000.0,Sedán,9
Ford,119342,Buenos Aires,9032.26,Hatchback,12
Citroën,126400,Córdoba,9032.26,Sedán,10
Citroën,126400,Córdoba,8709.68,Sedán,10
Volkswagen,120000,Ciudad Autónoma Buenos Aires,7741.94,Minivan,11
Toyota,200000,Chaco,23225.81,Pickup,9
Peugeot,471000,Buenos Aires,3548.39,Hatchback,14
Suzuki,179000,San Juan,18500.0,SUV,31
Chery,108000,Neuquén,12258.06,SUV,8
BMW,202000,Córdoba,10322.58,Hatchback,13
Renault,140000,Entre Ríos,14193.55,SUV,7
Toyota,128000,Ciudad Autónoma Buenos Aires,11000.0,Hatchback,10
FIAT,28200,Ciudad Autónoma Buenos Aires,22500.0,SUV,7
Iveco,116900,Buenos Aires (A.M.B.A.),38100.0,Camión,7
Citroën,125500,Ciudad Autónoma Buenos Aires,9354.84,Sedán,9
Peugeot,100000,Ciudad Autónoma Buenos Aires,10500.0,Sedán,10
FIAT,109200,Córdoba,12903.23,Sedán,4
Peugeot,52000,Santa Fe,9483.87,Hatchback,12
Nissan,125000,Ciudad Autónoma Buenos Aires,9850.0,Sedán,16
Ford,219000,Ciudad Autónoma Buenos Aires,5100.0,Hatchback,15
Volkswagen,180000,Mendoza,7741.94,Hatchback,8
Ford,1000,Buenos Aires,3096.77,Clásico,46
Ford,50000,Buenos Aires (A.M.B.A.),11000.0,Hatchback,9
Peugeot,15000,Ciudad Autónoma Buenos Aires,3870.97,Hatchback,5
Toyota,89000,Santa Fe,16500.0,Sedán,10
Chevrolet,120000,Buenos Aires (A.M.B.A.),10500.0,Hatchback,10
Peugeot,38000,Ciudad Autónoma Buenos Aires,5161.29,SUV,5
Volkswagen,150000,Salta,3500.0,Pickup,20
Ford,50000,Córdoba,15483.87,SUV,5
Chevrolet,142000,Buenos Aires (A.M.B.A.),6500.0,Sedán,16
Volkswagen,78000,Buenos Aires (A.M.B.A.),12000.0,Hatchback,10
Chevrolet,100000,Córdoba,9354.84,Hatchback,9
Volkswagen,46000,Ciudad Autónoma Buenos Aires,10000.0,Hatchback,15
FIAT,140000,Ciudad Autónoma Buenos Aires,7677.42,Hatchback,8
Peugeot,97700,Córdoba,9354.84,Hatchback,10
Ford,172000,Ciudad Autónoma Buenos Aires,19900.0,Pickup,9
Toyota,103000,Buenos Aires (A.M.B.A.),9677.42,Sedán,9
Chevrolet,110000,Santa Fe,5161.29,Sedán,11
Citroën,125000,Santa Fe,8200.0,Hatchback,11
Citroën,160000,Buenos Aires,9677.42,Sedán,8
Ford,90000,Ciudad Autónoma Buenos Aires,2516.13,Hatchback,20
Ika,1100,Córdoba,10967.74,Clásico,56
Chevrolet,69000,Mendoza,16451.61,Sedán,4
Chevrolet,95000,Entre Ríos,16000.0,Sedán,6
Renault,109000,Ciudad Autónoma Buenos Aires,11741.94,Hatchback,9
Renault,220000,Buenos Aires,3032.26,Hatchback,26
Volkswagen,99500,Ciudad Autónoma Buenos Aires,18500.0,Sedán,9
Renault,55000,Córdoba,14838.71,Furgón,3
Toyota,94000,Buenos Aires (A.M.B.A.),11500.0,Sedán,11
Toyota,19800,Buenos Aires,27600.0,Sedán,4
Chevrolet,129000,Buenos Aires (A.M.B.A.),9032.26,Hatchback,11
Peugeot,91600,Córdoba,9032.26,Hatchback,9
Volkswagen,172000,Ciudad Autónoma Buenos Aires,10500.0,Minivan,11
FIAT,10000,Mendoza,2903.23,Hatchback,50
Renault,134000,Ciudad Autónoma Buenos Aires,7419.35,Sedán,9
Volkswagen,83000,Río Negro,21935.48,SUV,5
Ford,118900,Buenos Aires (A.M.B.A.),14500.0,SUV,8
Volkswagen,80000,Buenos Aires,33000.0,Pickup,9
KIA,216000,Santa Fe,6500.0,Hatchback,19
Dodge,166000,Buenos Aires (A.M.B.A.),9500.0,SUV,15
Peugeot,120000,Mendoza,13000.0,Hatchback,12
Peugeot,89653,Ciudad Autónoma Buenos Aires,9025.81,Sedán,11
Ford,236000,Buenos Aires,9500.0,SUV,15
Volkswagen,120000,Mendoza,4516.13,Hatchback,19
Mercedes,91000,Salta,9677.42,Cabriolet,45
FIAT,153000,Tucumán,13225.81,Pickup,10
Toyota,79000,Chaco,5161.29,Hatchback,8
Toyota,151000,Neuquén,28387.1,Pickup,7
Ford,103000,Córdoba,11741.94,Hatchback,10
Ford,200000,Buenos Aires (A.M.B.A.),10967.74,Sedán,11
FIAT,5000,Córdoba,6129.03,Furgón,16
Volkswagen,118000,Buenos Aires,7000.0,Hatchback,23
Ford,60000,Mendoza,27096.77,Pickup,5
Peugeot,20500,Ciudad Autónoma Buenos Aires,3225.81,Hatchback,5
Peugeot,130000,Buenos Aires (A.M.B.A.),8680.65,Furgón,13
Ford,8000,Córdoba,38500.0,SUV,1
Volkswagen,240000,Córdoba,6451.61,Minivan,15
Peugeot,288914,Buenos Aires,3870.97,Hatchback,18
Toyota,240000,Buenos Aires,27900.0,Pickup,10
Volkswagen,257000,Córdoba,7419.35,Minivan,12
FIAT,79000,Misiones,8703.23,Hatchback,12
Ford,112880,Buenos Aires (A.M.B.A.),44300.0,Pickup,5
Peugeot,124600,Buenos Aires (A.M.B.A.),4838.71,Hatchback,18
Volkswagen,190000,Buenos Aires,6129.03,Hatchback,13
FIAT,105000,Buenos Aires (A.M.B.A.),9500.0,Hatchback,16
Ford,97000,Neuquén,11548.39,Hatchback,9
Peugeot,25800,Ciudad Autónoma Buenos Aires,4516.13,Hatchback,4
Volkswagen,70921,Buenos Aires,8000.0,Clásico,46
Renault,196000,Buenos Aires (A.M.B.A.),6129.03,Furgón,18
FIAT,70000,Entre Ríos,16000.0,Pickup,10
Audi,120000,Buenos Aires (A.M.B.A.),27500.0,Sedán,8
Volvo,177000,Ciudad Autónoma Buenos Aires,9000.0,Sedán,35
Peugeot,200000,Entre Ríos,4193.55,Hatchback,19
Porsche,85000,Córdoba,6129.03,Coupé,8
Chery,188000,Córdoba,10000.0,SUV,11
Peugeot,21200,Ciudad Autónoma Buenos Aires,3870.97,Hatchback,5
Peugeot,84500,Córdoba,7741.94,Hatchback,13
Peugeot,49000,Ciudad Autónoma Buenos Aires,6129.03,Hatchback,7
Volkswagen,114000,Córdoba,10000.0,Hatchback,9
Ford,70000,Buenos Aires,12903.23,SUV,8
FIAT,103000,Córdoba,9032.26,Sedán,14
Porsche,95786,Buenos Aires (A.M.B.A.),60000.0,SUV,13
Chevrolet,133000,Buenos Aires (A.M.B.A.),11612.9,Sedán,10
FIAT,105000,Neuquén,10000.0,Hatchback,9
FIAT,76000,Mendoza,7000.0,Sedán,17
FIAT,101000,Buenos Aires (A.M.B.A.),23000.0,Pickup,8
FIAT,85000,Córdoba,13548.39,Sedán,4
Renault,186000,Buenos Aires (A.M.B.A.),5483.87,Furgón,27
Volkswagen,220000,Ciudad Autónoma Buenos Aires,13500.0,Sedán,11
Renault,21500,Ciudad Autónoma Buenos Aires,12903.23,Hatchback,5
Chevrolet,240000,Buenos Aires (A.M.B.A.),6774.19,Minivan,14
Honda,74000,Buenos Aires (A.M.B.A.),24000.0,SUV,8
Chevrolet,68000,Ciudad Autónoma Buenos Aires,21000.0,SUV,6
Volkswagen,126000,Buenos Aires (A.M.B.A.),13000.0,Hatchback,9
Mercedes,470000,Buenos Aires (A.M.B.A.),24300.0,Furgón,16
Volkswagen,68000,Río Negro,10322.58,Minivan,11
Volkswagen,205000,Buenos Aires (A.M.B.A.),12903.23,Pickup,11
Hyundai,133000,Misiones,23000.0,Coupé,15
Ford,82000,Córdoba,27096.77,SUV,5
Ford,96000,Córdoba,9677.42,Hatchback,9
Ford,120000,Buenos Aires (A.M.B.A.),17200.0,Hatchback,8
Ford,275000,Chubut,10645.16,Pickup,19
FIAT,145000,Ciudad Autónoma Buenos Aires,6451.61,Minivan,13
Volkswagen,64000,Buenos Aires (A.M.B.A.),6000.0,Hatchback,33
Volkswagen,173000,Buenos Aires,5483.87,SUV,19
Ford,142000,Ciudad Autónoma Buenos Aires,9967.74,Hatchback,6
Nissan,205000,Tucumán,6451.61,Sedán,13
BMW,200000,Buenos Aires (A.M.B.A.),8900.0,Sedán,21
KIA,330000,Ciudad Autónoma Buenos Aires,15000.0,SUV,14
Peugeot,110000,Ciudad Autónoma Buenos Aires,15200.0,Hatchback,7
FIAT,118000,Santa Fe,8500.0,Minivan,11
Toyota,39900,Buenos Aires (A.M.B.A.),15000.0,Sedán,9
FIAT,260000,Buenos Aires (A.M.B.A.),4516.13,Hatchback,32
Chevrolet,95000,Mendoza,35000.0,SUV,7
Peugeot,32500,Ciudad Autónoma Buenos Aires,4516.13,Hatchback,5
Volkswagen,255000,Ciudad Autónoma Buenos Aires,3870.97,SUV,15
Volkswagen,55000,Buenos Aires (A.M.B.A.),31000.0,SUV,4
Ford,77800,Ciudad Autónoma Buenos Aires,10000.0,SUV,11
FIAT,120000,Buenos Aires (A.M.B.A.),15161.29,Pickup,5
FIAT,65300,Ciudad Autónoma Buenos Aires,9354.84,Hatchback,9
Chevrolet,157000,Buenos Aires (A.M.B.A.),8387.1,Hatchback,11
FIAT,95000,Misiones,8380.65,Hatchback,11
Ford,70000,Buenos Aires (A.M.B.A.),25677.42,SUV,5
Peugeot,60000,Córdoba,9677.42,Hatchback,9
Peugeot,96000,Buenos Aires (A.M.B.A.),11612.9,Hatchback,10
Chevrolet,125000,Buenos Aires (A.M.B.A.),11612.9,Hatchback,9
Peugeot,122500,Buenos Aires,6774.19,Hatchback,12
FIAT,186000,Misiones,10322.58,Pickup,8
Chevrolet,160000,Ciudad Autónoma Buenos Aires,13700.0,SUV,13
Ford,43000,Buenos Aires (A.M.B.A.),18750.0,SUV,8
Citroën,151800,Santiago del Estero,12000.0,Sedán,9
Peugeot,19000,Ciudad Autónoma Buenos Aires,5161.29,Hatchback,4
Daihatsu,219000,Córdoba,11000.0,Furgón,45
Volkswagen,154000,Buenos Aires (A.M.B.A.),11000.0,Hatchback,10
Volkswagen,57000,Córdoba,25096.77,Sedán,5
FIAT,191000,Ciudad Autónoma Buenos Aires,7096.77,Sedán,11
Volkswagen,180000,Buenos Aires (A.M.B.A.),23800.0,SUV,8
Renault,93000,Mendoza,13741.94,Furgón,7
Ford,15000,Ciudad Autónoma Buenos Aires,30000.0,Pickup,8
Ford,85000,Buenos Aires (A.M.B.A.),11000.0,Hatchback,10
Peugeot,139000,Entre Ríos,15000.0,Hatchback,8
Chevrolet,38000,Mendoza,9032.26,Hatchback,10
Ford,140000,Córdoba,12903.23,SUV,8
Mercedes,430000,Buenos Aires (A.M.B.A.),40000.0,Furgón,15
Hyundai,98000,Ciudad Autónoma Buenos Aires,20000.0,SUV,10
Peugeot,80000,Buenos Aires (A.M.B.A.),15161.29,Hatchback,4
Ford,250000,Córdoba,3870.97,Clásico,41
Peugeot,18000,Ciudad Autónoma Buenos Aires,4516.13,Hatchback,4
Ford,120000,Buenos Aires,1032.26,Hatchback,29
Volkswagen,74000,Misiones,20638.71,SUV,5
FIAT,39400,Buenos Aires (A.M.B.A.),13741.94,Sedán,3
Citroën,150000,Buenos Aires (A.M.B.A.),10000.0,Sedán,10
Dodge,200000,Misiones,8387.1,SUV,16
Chevrolet,106000,Neuquén,15000.0,Minivan,7
FIAT,150000,Chaco,6000.0,Hatchback,12
Chevrolet,145000,Buenos Aires (A.M.B.A.),10000.0,Hatchback,8
Honda,140000,Córdoba,16774.19,SUV,10
Volkswagen,80333,Mendoza,6322.58,Hatchback,13
Volkswagen,91000,Córdoba,8064.52,Hatchback,9
Citroën,125600,Ciudad Autónoma Buenos Aires,9354.84,Sedán,8
Volkswagen,176313,Buenos Aires,10000.0,Minivan,9
Peugeot,152000,Buenos Aires,10500.0,Hatchback,15
Volkswagen,170000,Mendoza,8709.68,Sedán,14
FIAT,53000,Ciudad Autónoma Buenos Aires,17000.0,Sedán,3
Citroën,86000,Salta,16000.0,Sedán,12
Peugeot,30300,Ciudad Autónoma Buenos Aires,12000.0,Sedán,12
Peugeot,31300,Ciudad Autónoma Buenos Aires,4193.55,Hatchback,5
Geely,24100,La Rioja,7741.94,Sedán,9
Ford,114000,Buenos Aires (A.M.B.A.),8500.0,Hatchback,13
Peugeot,39000,Ciudad Autónoma Buenos Aires,9677.42,Hatchback,4
Citroën,160000,Tucumán,8709.68,Furgón,8
BMW,119600,Mendoza,15900.0,Sedán,16
Peugeot,73000,Santa Fe,9741.94,Hatchback,8
Ford,113000,Buenos Aires (A.M.B.A.),11200.0,SUV,10
Renault,90000,Buenos Aires,12838.71,SUV,9
Peugeot,23200,Ciudad Autónoma Buenos Aires,4193.55,Hatchback,4
Mercedes,350000,Buenos Aires,16129.03,Furgón,10
Renault,112000,Córdoba,7580.65,Hatchback,12
Volkswagen,97000,Buenos Aires,8064.52,Hatchback,9
Volkswagen,71000,Buenos Aires (A.M.B.A.),11500.0,Minivan,9
Hyundai,234000,Buenos Aires (A.M.B.A.),11300.0,SUV,18
Lifan,109000,Ciudad Autónoma Buenos Aires,8500.0,SUV,10
BMW,88000,Buenos Aires (A.M.B.A.),37000.0,SUV,11
Peugeot,19800,Ciudad Autónoma Buenos Aires,4516.13,Hatchback,4
Renault,140000,Buenos Aires,9677.42,SUV,9
Volkswagen,135000,Córdoba,22580.65,Pickup,10
Peugeot,48000,Ciudad Autónoma Buenos Aires,3548.39,Hatchback,6
Ford,163000,Mendoza,8064.52,Hatchback,14
Peugeot,112000,Buenos Aires (A.M.B.A.),9500.0,Hatchback,16
Jeep,36500,Misiones,17000.0,SUV,9
Chevrolet,6500,Buenos Aires (A.M.B.A.),16129.03,Hatchback,2
Audi,64000,Entre Ríos,18000.0,Hatchback,16
Citroën,249800,Buenos Aires (A.M.B.A.),6000.0,Minivan,15
Renault,155000,Córdoba,5806.45,Hatchback,15
Ford,251000,Buenos Aires,4838.71,Hatchback,19
Ford,133400,Córdoba,21225.81,Pickup,10
Citroën,182000,Córdoba,7741.94,Minivan,14
Volkswagen,139000,Ciudad Autónoma Buenos Aires,13000.0,Hatchback,7
Chevrolet,170000,Buenos Aires,4000.0,Hatchback,18
Ford,63000,Ciudad Autónoma Buenos Aires,13548.39,SUV,7
FIAT,86000,Buenos Aires,4500.0,Clásico,56
Renault,180000,Córdoba,8709.68,SUV,14
Chevrolet,107000,Mendoza,6645.16,Sedán,11
Ford,159000,Ciudad Autónoma Buenos Aires,8064.52,Sedán,14
Peugeot,63000,Ciudad Autónoma Buenos Aires,5806.45,Furgón,5
Renault,139000,Salta,8709.68,Hatchback,11
Volkswagen,74000,Ciudad Autónoma Buenos Aires,10322.58,Minivan,7
BMW,114000,Buenos Aires,31500.0,SUV,13
Honda,59000,Buenos Aires (A.M.B.A.),25000.0,SUV,8
Ford,156215,Buenos Aires (A.M.B.A.),5483.87,Hatchback,19
Chevrolet,173000,Ciudad Autónoma Buenos Aires,5500.0,Hatchback,18
Chevrolet,46000,Buenos Aires (A.M.B.A.),13500.0,Sedán,8
Mercedes,213000,La Pampa,12903.23,Sedán,15
FIAT,95000,Buenos Aires (A.M.B.A.),8709.68,Hatchback,9
Ford,87100,Buenos Aires (A.M.B.A.),13000.0,SUV,15
Jeep,179000,Buenos Aires (A.M.B.A.),13000.0,SUV,12
Honda,118500,Ciudad Autónoma Buenos Aires,12000.0,Hatchback,15
smart,58000,Ciudad Autónoma Buenos Aires,10500.0,Hatchback,14
FIAT,50000,San Luis,12903.23,Sedán,4
Volkswagen,110000,Buenos Aires,11290.32,Minivan,10
Volkswagen,172000,Buenos Aires,6774.19,Minivan,16
Renault,194000,Córdoba,7419.35,Hatchback,14
FIAT,180000,Córdoba,9032.26,Sedán,11
Peugeot,109000,Santa Fe,9032.26,Sedán,9
Ford,62900,Ciudad Autónoma Buenos Aires,11500.0,Hatchback,12
Volkswagen,71200,Buenos Aires (A.M.B.A.),8100.0,Hatchback,13
Nissan,312000,Mendoza,8387.1,Pickup,20
Peugeot,150000,Córdoba,7096.77,SUV,14
Peugeot,41000,Ciudad Autónoma Buenos Aires,3870.97,Hatchback,6
Peugeot,90000,Buenos Aires,12838.71,SUV,8
Jeep,68900,Buenos Aires,35500.0,SUV,3
Peugeot,34000,Buenos Aires (A.M.B.A.),22000.0,Hatchback,6
Ford,200000,Mendoza,5032.26,Hatchback,18
Hyundai,125000,Córdoba,22800.0,SUV,10
Renault,119100,Santa Fe,6967.74,Hatchback,14
Jeep,24000,Buenos Aires,17419.35,SUV,3
Ford,306000,Córdoba,10000.0,Pickup,21
Nissan,120000,Buenos Aires,11935.48,Sedán,9
Renault,130000,Buenos Aires,6967.74,Sedán,13
Peugeot,160000,Buenos Aires (A.M.B.A.),6193.55,Hatchback,14
Volkswagen,140000,Buenos Aires,9032.26,Hatchback,14
Citroën,122000,Córdoba,10645.16,Hatchback,8
Citroën,160000,Buenos Aires (A.M.B.A.),7500.0,Minivan,14
Ford,111000,Neuquén,10645.16,Hatchback,8
Peugeot,92000,Tucumán,12000.0,Hatchback,8
Volkswagen,92000,Ciudad Autónoma Buenos Aires,8709.68,Hatchback,11
Chevrolet,76500,Ciudad Autónoma Buenos Aires,8900.0,Hatchback,16
Peugeot,27500,Ciudad Autónoma Buenos Aires,4516.13,Hatchback,4
Volkswagen,59500,Buenos Aires,19032.26,Sedán,7
Volkswagen,157000,Mendoza,34000.0,Pickup,6
Citroën,109000,Misiones,9677.42,Sedán,10
Volkswagen,29000,Buenos Aires,22580.65,Pickup,3
Chevrolet,118000,Buenos Aires (A.M.B.A.),12000.0,SUV,11
Chevrolet,223500,La Pampa,4838.71,Hatchback,19
Chevrolet,145000,Santa Fe,5741.94,Minivan,15
Chevrolet,78000,Mendoza,20000.0,Sedán,7
Toyota,75000,Santa Fe,14516.13,Sedán,9
Peugeot,53000,Córdoba,14516.13,Hatchback,7
Renault,117000,Buenos Aires (A.M.B.A.),7741.94,Hatchback,8
Peugeot,153000,Buenos Aires,10000.0,Hatchback,12
Ford,130000,Buenos Aires,27032.26,Pickup,5
Volkswagen,54500,Ciudad Autónoma Buenos Aires,10644.52,Hatchback,6
FIAT,156000,Río Negro,6774.19,Hatchback,16
Hyundai,61000,Buenos Aires (A.M.B.A.),27500.0,Coupé,14
Volkswagen,185000,Buenos Aires (A.M.B.A.),8490.0,Minivan,15
Peugeot,9500,Ciudad Autónoma Buenos Aires,22580.65,Hatchback,2
Toyota,270000,Córdoba,16129.03,Pickup,11
FIAT,96000,Buenos Aires (A.M.B.A.),11290.32,Sedán,3
Ford,282000,Buenos Aires,13000.0,SUV,16
Peugeot,9800,Ciudad Autónoma Buenos Aires,4838.71,Hatchback,3
Peugeot,100779,San Juan,2258.06,Clásico,45
Citroën,950000,Córdoba,20645.16,Furgón,3
Chevrolet,70000,Buenos Aires (A.M.B.A.),15000.0,Hatchback,6
Ford,230000,Buenos Aires (A.M.B.A.),4580.65,Hatchback,18
Chevrolet,100000,Mendoza,9161.29,Hatchback,10
Volkswagen,19000,Entre Ríos,29677.42,Pickup,4
Renault,218000,Ciudad Autónoma Buenos Aires,6300.0,Hatchback,17
Ford,160000,Buenos Aires,10322.58,Sedán,12
Ford,112000,Ciudad Autónoma Buenos Aires,12000.0,SUV,9
Jeep,63000,Córdoba,18709.68,SUV,4
Peugeot,17000,Ciudad Autónoma Buenos Aires,10967.74,Hatchback,4
Peugeot,60000,Buenos Aires,9500.0,Hatchback,12
Renault,10000,Santa Fe,10000.0,Clásico,52
Renault,65000,Neuquén,12903.23,SUV,8
Renault,17000,Buenos Aires (A.M.B.A.),17000.0,Hatchback,2
Nissan,52000,Buenos Aires,31612.9,Pickup,4
Ford,96000,Buenos Aires,16500.0,Hatchback,9
Chevrolet,106000,Santa Fe,7096.77,Hatchback,11
Volkswagen,78000,Ciudad Autónoma Buenos Aires,9612.9,Minivan,11
Toyota,72000,Ciudad Autónoma Buenos Aires,12258.06,Sedán,8
Chevrolet,71000,Buenos Aires,8000.0,Sedán,13
Chevrolet,149000,Buenos Aires (A.M.B.A.),17000.0,SUV,9
Peugeot,17000,Ciudad Autónoma Buenos Aires,17200.0,Hatchback,3
Renault,200000,Mendoza,10645.16,SUV,12
Peugeot,34000,Ciudad Autónoma Buenos Aires,6451.61,Hatchback,6
Renault,132000,Río Negro,7741.94,Furgón,10
Nissan,127000,Santa Fe,20000.0,Pickup,6
FIAT,54000,Santa Fe,11935.48,Hatchback,8
Citroën,56000,Ciudad Autónoma Buenos Aires,12900.0,Hatchback,8
Volkswagen,174000,Ciudad Autónoma Buenos Aires,10967.74,Sedán,12
Volkswagen,135000,Misiones,8709.68,Hatchback,11
Toyota,114000,Córdoba,17500.0,Sedán,10
Volkswagen,220000,Mendoza,4838.71,Minivan,19
Volkswagen,58000,Santa Fe,19900.0,Sedán,10
Peugeot,163500,Ciudad Autónoma Buenos Aires,7000.0,Hatchback,15
Honda,120000,Ciudad Autónoma Buenos Aires,16129.03,SUV,9
Chevrolet,114000,Buenos Aires (A.M.B.A.),7677.42,Sedán,10
Honda,80000,Buenos Aires (A.M.B.A.),19800.0,SUV,9
Peugeot,44753,Mendoza,15806.45,Hatchback,4
Chevrolet,46000,Río Negro,12903.23,Minivan,9
Renault,187000,Buenos Aires,5900.0,Hatchback,27
Honda,100000,Buenos Aires (A.M.B.A.),22500.0,SUV,7
KIA,52000,Ciudad Autónoma Buenos Aires,38000.0,Minivan,9
FIAT,103000,Ciudad Autónoma Buenos Aires,18900.0,Pickup,6
Volkswagen,65000,Santa Fe,10193.55,Hatchback,9
Renault,230000,Santa Fe,9348.39,Furgón,9
Volkswagen,110000,Buenos Aires (A.M.B.A.),21500.0,Hatchback,10
Volkswagen,236000,Córdoba,14193.55,Pickup,12
Ford,100000,Mendoza,10645.16,Pickup,17
BMW,190000,Mendoza,23000.0,Sedán,12
Renault,95000,Buenos Aires (A.M.B.A.),15000.0,Pickup,9
FIAT,77700,Córdoba,17354.84,Pickup,9
Ford,80000,Buenos Aires,17419.35,Pickup,8
Renault,83000,Ciudad Autónoma Buenos Aires,13870.97,SUV,7
Toyota,60000,Ciudad Autónoma Buenos Aires,22580.65,Sedán,4
Peugeot,15000,Santa Fe,19032.26,SUV,3
KIA,340000,Ciudad Autónoma Buenos Aires,12900.0,SUV,13
Ford,18600,Buenos Aires (A.M.B.A.),20500.0,Pickup,11
Peugeot,22000,Ciudad Autónoma Buenos Aires,4516.13,Hatchback,4
Toyota,28000,Río Negro,20645.16,Hatchback,4
FIAT,83000,Córdoba,9677.42,Hatchback,9
Ford,38000,Ciudad Autónoma Buenos Aires,13225.81,Hatchback,8
Peugeot,106000,Buenos Aires,7612.9,Hatchback,14
Renault,259824,Córdoba,8064.52,SUV,14
Renault,210000,Mendoza,5483.87,Hatchback,16
Chevrolet,180000,Buenos Aires (A.M.B.A.),11000.0,SUV,11
Hyundai,150000,Neuquén,9032.26,SUV,13
Honda,250000,Ciudad Autónoma Buenos Aires,5483.87,Sedán,21
FIAT,10000,Neuquén,19354.84,SUV,1
Peugeot,114000,Chaco,10967.74,Hatchback,8
Hyundai,184000,Ciudad Autónoma Buenos Aires,32000.0,Coupé,13
Ford,100000,Neuquén,24838.71,Pickup,4
Chery,124000,Buenos Aires (A.M.B.A.),9500.0,SUV,11
Volkswagen,152000,Buenos Aires (A.M.B.A.),9032.26,Minivan,11
Ford,110131,Buenos Aires (A.M.B.A.),10967.74,Sedán,9
Peugeot,202000,Neuquén,7741.94,Furgón,12
Volkswagen,159000,Córdoba,11290.32,Pickup,8
Ford,126500,Ciudad Autónoma Buenos Aires,13000.0,SUV,15
Toyota,75000,Santa Fe,44000.0,SUV,5
Renault,400000,Ciudad Autónoma Buenos Aires,7500.0,Furgón,14
Ford,211000,Ciudad Autónoma Buenos Aires,16900.0,SUV,10
Citroën,88016,Ciudad Autónoma Buenos Aires,8322.58,Minivan,12
Citroën,105000,Santa Fe,10322.58,Hatchback,8
Chevrolet,165000,Mendoza,6774.19,Hatchback,13
Ford,170000,Córdoba,8580.65,Hatchback,12
Ford,174000,Buenos Aires (A.M.B.A.),7258.06,Hatchback,15
Hyundai,117000,Entre Ríos,23870.97,Camión,11
Citroën,71500,Ciudad Autónoma Buenos Aires,12774.19,Sedán,8
Ford,130000,Ciudad Autónoma Buenos Aires,9677.42,Hatchback,8
Ford,69000,Santa Fe,5161.29,Hatchback,15
Audi,130000,Buenos Aires,19001.0,SUV,13
Chevrolet,114500,Córdoba,23025.81,Pickup,9
Volkswagen,230000,Córdoba,20500.0,Pickup,9
FIAT,315000,Santa Fe,8129.03,Sedán,11
Chevrolet,59000,Ciudad Autónoma Buenos Aires,10645.16,Hatchback,7
Chevrolet,133000,Ciudad Autónoma Buenos Aires,12258.06,Sedán,9
Peugeot,151000,Buenos Aires,6645.16,Hatchback,14
Nissan,159300,Córdoba,5483.87,Sedán,15
Chevrolet,130000,Ciudad Autónoma Buenos Aires,13548.39,Hatchback,8
Nissan,69000,Ciudad Autónoma Buenos Aires,24500.0,Sedán,5
Volkswagen,94500,Entre Ríos,15806.45,Sedán,9
Ford,185000,Corrientes,4193.55,Hatchback,22
Volkswagen,128500,Santa Fe,8709.68,Hatchback,10
Chevrolet,180000,Ciudad Autónoma Buenos Aires,7900.0,Sedán,12
Peugeot,73000,Buenos Aires (A.M.B.A.),10322.58,Hatchback,9
Volkswagen,150000,Santa Fe,17419.35,Pickup,11
KIA,209000,Ciudad Autónoma Buenos Aires,8000.0,SUV,18
Chevrolet,132000,Santa Fe,5483.87,Hatchback,14
Nissan,100000,Buenos Aires (A.M.B.A.),14800.0,Hatchback,8
Citroën,86005,Ciudad Autónoma Buenos Aires,5806.45,Minivan,15
Renault,160000,Buenos Aires,11290.32,SUV,9
Toyota,131000,Buenos Aires (A.M.B.A.),15400.0,Sedán,11
Volkswagen,130000,Buenos Aires (A.M.B.A.),5806.45,Hatchback,14
Volkswagen,79338,Tucumán,10645.16,Minivan,8
Renault,52000,Buenos Aires (A.M.B.A.),10645.16,Hatchback,8
Ford,200000,Buenos Aires (A.M.B.A.),6500.0,SUV,20
Toyota,263000,Misiones,17419.35,Pickup,15
FIAT,400000,Buenos Aires (A.M.B.A.),5806.45,Sedán,13
FIAT,106000,Tucumán,8967.74,Pickup,9
Citroën,72000,Buenos Aires,18000.0,SUV,5
Volkswagen,28000,Buenos Aires,13225.81,Hatchback,5
Toyota,89000,Santa Fe,10967.74,Sedán,9
Chevrolet,197000,Ciudad Autónoma Buenos Aires,7096.77,SUV,18
Volkswagen,250000,Buenos Aires (A.M.B.A.),2903.23,Hatchback,19
FIAT,130000,Buenos Aires,5161.29,Hatchback,15
Peugeot,118000,Ciudad Autónoma Buenos Aires,9032.26,Sedán,10
Hyundai,105000,Buenos Aires (A.M.B.A.),10322.58,Coupé,19
Ford,147000,Ciudad Autónoma Buenos Aires,4838.71,Hatchback,15
Audi,175000,Córdoba,19000.0,Sedán,13
Toyota,149800,Tucumán,12580.65,Sedán,11
Hyundai,120000,Buenos Aires,6774.19,Hatchback,13
FIAT,82000,Buenos Aires (A.M.B.A.),7548.39,Hatchback,12
Peugeot,175000,Buenos Aires (A.M.B.A.),4838.71,Hatchback,17
Geely,85000,Santa Fe,15000.0,SUV,8
FIAT,101000,Córdoba,7741.94,Sedán,12
Chevrolet,90000,Río Negro,14838.71,Sedán,8
Peugeot,254000,Mendoza,5354.84,Hatchback,19
Chevrolet,210900,Buenos Aires,14000.0,Pickup,18
Chevrolet,119000,Chaco,8387.1,Hatchback,8
Peugeot,107000,Ciudad Autónoma Buenos Aires,7096.77,Hatchback,21
Ford,192000,Mendoza,4838.71,Hatchback,19
Mercedes,200000,Buenos Aires (A.M.B.A.),36000.0,Camión,53
Peugeot,76500,Neuquén,13000.0,SUV,8
Toyota,79000,Tucumán,13870.97,Hatchback,8
Chevrolet,116000,Ciudad Autónoma Buenos Aires,4509.68,Sedán,15
Ford,67000,Ciudad Autónoma Buenos Aires,12867.74,SUV,9
Peugeot,52000,Ciudad Autónoma Buenos Aires,6451.61,Hatchback,7
Subaru,175000,Buenos Aires (A.M.B.A.),23500.0,SUV,8
Jeep,186000,La Pampa,19354.84,SUV,6
Renault,30000,Buenos Aires,29677.42,Furgón,2
Renault,153000,Buenos Aires,6500.0,Hatchback,15
Volvo,130000,Santa Fe,12000.0,Hatchback,14
Chery,165000,Buenos Aires (A.M.B.A.),6774.19,SUV,16
Nissan,90000,Mendoza,10967.74,Sedán,8
Peugeot,130000,Buenos Aires (A.M.B.A.),11935.48,SUV,8
FIAT,41922,Ciudad Autónoma Buenos Aires,12529.68,Sedán,5
Volkswagen,169000,Buenos Aires (A.M.B.A.),16280.0,Hatchback,10
FIAT,80000,Mendoza,11612.9,Sedán,6
Ford,133000,Buenos Aires,10500.0,Hatchback,15
Ford,138500,Ciudad Autónoma Buenos Aires,11500.0,Minivan,13
FIAT,290000,Mendoza,5806.45,Hatchback,18
Chevrolet,135000,Buenos Aires (A.M.B.A.),18709.68,Pickup,7
Chevrolet,92000,Neuquén,11612.9,Hatchback,7
RAM,78000,Buenos Aires (A.M.B.A.),35900.0,Pickup,11
Volkswagen,50000,Buenos Aires,14967.74,Sedán,5
Ford,110000,Buenos Aires (A.M.B.A.),12000.0,Sedán,10
Peugeot,180000,Córdoba,7032.26,Sedán,14
Toyota,370000,Río Negro,11612.9,SUV,27
Chevrolet,112000,Buenos Aires,10500.0,SUV,13
Peugeot,127000,Buenos Aires (A.M.B.A.),12580.65,Furgón,6
Peugeot,37000,Ciudad Autónoma Buenos Aires,10000.0,SUV,4
Peugeot,30000,Ciudad Autónoma Buenos Aires,11290.32,Hatchback,4
Volkswagen,42000,Ciudad Autónoma Buenos Aires,15483.87,Hatchback,4
Renault,250000,Buenos Aires (A.M.B.A.),5483.87,Sedán,15
Peugeot,38700,Ciudad Autónoma Buenos Aires,15000.0,Hatchback,10
Chevrolet,58000,Buenos Aires (A.M.B.A.),11935.48,Hatchback,6
Chevrolet,75000,Buenos Aires (A.M.B.A.),20800.0,SUV,6
Ford,500000,Buenos Aires,5000.0,Pickup,60
Citroën,58000,Buenos Aires (A.M.B.A.),18800.0,SUV,4
Honda,76000,Buenos Aires (A.M.B.A.),22900.0,SUV,6
Volkswagen,99000,Ciudad Autónoma Buenos Aires,11000.0,Hatchback,7
Toyota,53000,Buenos Aires (A.M.B.A.),30800.0,SUV,5
Toyota,267000,Buenos Aires,26000.0,Pickup,9
Volkswagen,83500,Buenos Aires (A.M.B.A.),12500.0,Hatchback,6
Volkswagen,192000,Buenos Aires (A.M.B.A.),10322.58,Minivan,9
Renault,3300,Buenos Aires (A.M.B.A.),14000.0,Hatchback,3
Volkswagen,89500,Buenos Aires (A.M.B.A.),9354.84,Hatchback,10
Volkswagen,26000,Río Negro,17419.35,Sedán,4
Toyota,83000,Buenos Aires (A.M.B.A.),20000.0,Sedán,7
Toyota,179000,Buenos Aires (A.M.B.A.),14800.0,Sedán,9
Chevrolet,143000,Buenos Aires,8709.68,Sedán,12
Peugeot,123000,Buenos Aires (A.M.B.A.),10967.74,Hatchback,10
FIAT,27000,Buenos Aires (A.M.B.A.),3225.81,Clásico,40
Honda,161800,Buenos Aires,12000.0,Hatchback,13
Ford,50000,Buenos Aires (A.M.B.A.),14500.0,Sedán,7
FIAT,18500,Ciudad Autónoma Buenos Aires,13870.97,Sedán,2
Volkswagen,33000,Buenos Aires (A.M.B.A.),6200.0,Hatchback,21
Volkswagen,86500,Ciudad Autónoma Buenos Aires,9677.42,Hatchback,9
Nissan,168000,Misiones,8000.0,Sedán,15
Nissan,74000,La Pampa,10000.0,Pickup,14
Volkswagen,100000,Corrientes,28387.1,SUV,4
Jeep,109000,Mendoza,16774.19,SUV,8
Ford,250000,Santa Fe,5290.32,SUV,18
Mercedes,72000,La Pampa,30000.0,Hatchback,9
Jeep,178000,Buenos Aires (A.M.B.A.),15800.0,SUV,9
FIAT,301000,Corrientes,2033.55,Sedán,17
Volkswagen,130000,Buenos Aires (A.M.B.A.),7741.94,Minivan,14
Volkswagen,109000,Neuquén,11935.48,Hatchback,5
Peugeot,44000,Buenos Aires (A.M.B.A.),18800.0,Hatchback,5
Peugeot,38500,Tucumán,10322.58,SUV,7
Peugeot,110000,Ciudad Autónoma Buenos Aires,26500.0,SUV,8
Citroën,132000,Buenos Aires (A.M.B.A.),8903.23,Sedán,11
Nissan,41500,Ciudad Autónoma Buenos Aires,17096.77,SUV,6
Ford,185000,Mendoza,7096.77,Hatchback,15
Volkswagen,84000,Buenos Aires,16500.0,Hatchback,9
Volkswagen,117000,Mendoza,12000.0,Hatchback,15
Ford,100000,Santa Fe,23870.97,Pickup,7
Jeep,9100,Ciudad Autónoma Buenos Aires,24000.0,SUV,3
Ford,200000,Santa Fe,6451.61,Camión,9
Volkswagen,176000,Buenos Aires (A.M.B.A.),3548.39,SUV,21
Nissan,73000,Buenos Aires (A.M.B.A.),12500.0,Sedán,7
Ford,102000,Buenos Aires (A.M.B.A.),13800.0,Hatchback,8
Toyota,67200,Buenos Aires,11612.9,Sedán,4
BMW,149000,Buenos Aires (A.M.B.A.),24800.0,Sedán,12
Peugeot,65000,Córdoba,23805.81,SUV,5
Ford,57000,Buenos Aires,28470.84,Pickup,3
Volkswagen,56000,Córdoba,44000.0,Pickup,4
Audi,80000,Ciudad Autónoma Buenos Aires,44000.0,SUV,5
Renault,90000,Buenos Aires (A.M.B.A.),11280.0,Hatchback,8
Toyota,100000,Santa Fe,23225.81,Pickup,7
Peugeot,119000,Buenos Aires (A.M.B.A.),7096.77,Hatchback,11
Peugeot,55000,Buenos Aires (A.M.B.A.),13800.0,Hatchback,11
Nissan,170000,Neuquén,21290.32,Pickup,8
FIAT,115000,Córdoba,16800.0,SUV,7
Toyota,96500,Tucumán,25161.29,Pickup,7
Renault,188000,Mendoza,2903.23,Hatchback,33
Hyundai,136000,Entre Ríos,18500.0,SUV,13
Ford,150000,Chaco,9032.26,Sedán,8
Chevrolet,100000,Buenos Aires (A.M.B.A.),16800.0,Sedán,10
Peugeot,55000,Ciudad Autónoma Buenos Aires,14516.13,Hatchback,8
Renault,98000,Buenos Aires (A.M.B.A.),9000.0,Hatchback,12
Renault,142000,San Luis,7096.77,Hatchback,18
Volkswagen,122000,Buenos Aires (A.M.B.A.),15806.45,Wagon,9
Peugeot,200000,Buenos Aires (A.M.B.A.),7741.94,Hatchback,12
Ford,108000,Chaco,10967.74,Sedán,9
Renault,77200,Ciudad Autónoma Buenos Aires,6767.74,Hatchback,15
Chevrolet,165000,Buenos Aires (A.M.B.A.),13800.0,Minivan,9
Volkswagen,156000,Ciudad Autónoma Buenos Aires,7700.0,Minivan,16
Chery,93000,Buenos Aires (A.M.B.A.),14800.0,SUV,9
Peugeot,180000,San Luis,12000.0,Furgón,12
Toyota,140000,Córdoba,8064.52,Sedán,11
Ford,110000,Buenos Aires (A.M.B.A.),15806.45,Pickup,9
Peugeot,144000,Buenos Aires,5805.81,Hatchback,16
Ford,135000,Buenos Aires (A.M.B.A.),11800.0,Hatchback,12
FIAT,166000,Misiones,7419.35,Pickup,15
Volkswagen,152000,Buenos Aires,11000.0,Hatchback,11
Ford,239500,Buenos Aires (A.M.B.A.),11483.87,Pickup,20
Ford,30000,Ciudad Autónoma Buenos Aires,25096.77,Pickup,3
Renault,240000,Buenos Aires (A.M.B.A.),5806.45,Hatchback,12
FIAT,92000,Córdoba,13870.97,Sedán,4
Volkswagen,77000,Córdoba,25161.29,Pickup,6
Ford,168000,Buenos Aires,5806.45,Hatchback,13
Volkswagen,175000,Ciudad Autónoma Buenos Aires,9354.84,Sedán,11
FIAT,25100,Ciudad Autónoma Buenos Aires,13541.94,Sedán,3
Peugeot,205000,Ciudad Autónoma Buenos Aires,9032.26,Furgón,10
Volkswagen,150667,Buenos Aires (A.M.B.A.),7419.35,Hatchback,12
Suzuki,137000,Mendoza,5161.29,Hatchback,18
Toyota,44700,Ciudad Autónoma Buenos Aires,13870.97,Hatchback,8
Volkswagen,168000,Buenos Aires (A.M.B.A.),4516.13,Hatchback,19
Renault,98000,San Luis,10322.58,SUV,8
FIAT,91000,Córdoba,12500.0,Hatchback,14
Toyota,108000,Misiones,12580.65,Sedán,7
Mitsubishi,395000,Córdoba,13000.0,SUV,26
Volkswagen,166000,Entre Ríos,7419.35,Hatchback,16
FIAT,168000,Córdoba,7096.77,Sedán,12
Volkswagen,94000,Córdoba,10000.0,Hatchback,10
Chevrolet,69900,Buenos Aires (A.M.B.A.),11935.48,Hatchback,5
Peugeot,36000,Ciudad Autónoma Buenos Aires,15483.87,Hatchback,4
Chevrolet,100200,Buenos Aires,11612.9,Sedán,10
Volkswagen,169000,Buenos Aires (A.M.B.A.),12800.0,Minivan,10
FIAT,107000,Mendoza,9354.84,Hatchback,8
Hyundai,114000,Santa Fe,18000.0,Coupé,16
Volkswagen,78000,Córdoba,10709.68,Hatchback,8
Citroën,78000,Buenos Aires (A.M.B.A.),19000.0,Minivan,8
Ford,122300,Tucumán,9677.42,Hatchback,9
Toyota,45600,Buenos Aires,15483.87,Hatchback,3
Renault,87500,Neuquén,7419.35,Hatchback,12
Peugeot,150000,Mendoza,7741.94,Hatchback,10
Mercedes,133000,Ciudad Autónoma Buenos Aires,10500.0,Minivan,14
Volkswagen,11600,Chubut,31000.0,Pickup,3
Peugeot,43000,Ciudad Autónoma Buenos Aires,9677.42,SUV,3
Nissan,110000,Ciudad Autónoma Buenos Aires,9677.42,Hatchback,11
Ford,230000,Mendoza,6322.58,Sedán,16
FIAT,89000,Ciudad Autónoma Buenos Aires,9900.0,Hatchback,10
Volkswagen,100177,Córdoba,23806.45,SUV,7
Volkswagen,145300,Ciudad Autónoma Buenos Aires,8064.52,Sedán,12
Toyota,130000,Chaco,19032.26,Pickup,9
Volkswagen,98000,Santa Fe,10000.0,Hatchback,11
Peugeot,51500,La Rioja,14838.71,Furgón,3
Ford,76000,Santa Fe,10967.73,Sedán,7
Volkswagen,175000,Chubut,27000.0,Pickup,10
Volkswagen,16000,La Rioja,7419.35,Minivan,14
BMW,169000,Mendoza,10838.71,Sedán,16
Peugeot,90000,Tucumán,6451.61,Hatchback,13
Ford,126000,Neuquén,12064.52,SUV,9
Peugeot,239000,Mendoza,5935.48,Hatchback,14
FIAT,130700,Santa Fe,7548.39,Sedán,11
Volkswagen,30000,Buenos Aires (A.M.B.A.),38000.0,Pickup,3
Ford,122000,Buenos Aires,14838.71,SUV,7
Suzuki,187000,Córdoba,4387.1,Hatchback,19
Jeep,156000,Buenos Aires,38500.0,SUV,9
Ford,215000,Santa Fe,7096.77,Sedán,14
FIAT,100000,Ciudad Autónoma Buenos Aires,7096.77,Hatchback,9
Ford,70000,Mendoza,27096.77,Pickup,3
Chevrolet,202000,Mendoza,5483.87,Sedán,16
BMW,88000,Mendoza,24200.0,Hatchback,10
Renault,155000,Mendoza,5806.45,Hatchback,17
Peugeot,124000,Tierra del Fuego,10322.58,SUV,9
Toyota,145000,Buenos Aires,25000.0,Pickup,11
Ford,81000,Entre Ríos,10838.71,Hatchback,9
FIAT,230000,Misiones,9354.84,Pickup,9
Renault,170000,Ciudad Autónoma Buenos Aires,5741.94,Sedán,13
Volkswagen,67004,Ciudad Autónoma Buenos Aires,10322.58,Minivan,8
Ford,93000,Córdoba,11289.68,Hatchback,9
Renault,240000,Córdoba,6451.61,Hatchback,14
Chevrolet,124000,Buenos Aires,10000.0,Sedán,8
FIAT,250000,Buenos Aires (A.M.B.A.),3354.84,Pickup,22
Toyota,192000,Córdoba,19032.26,Pickup,13
Volkswagen,106000,Córdoba,10451.61,Hatchback,9
Ford,172000,Chaco,9032.26,SUV,12
Audi,120000,Córdoba,15500.0,Hatchback,13
Volkswagen,58700,Corrientes,11354.84,Minivan,9
Peugeot,233999,San Luis,9354.84,Furgón,11
Peugeot,149000,Buenos Aires (A.M.B.A.),5741.94,Hatchback,13
Volkswagen,169000,Buenos Aires,20000.0,Pickup,10
Chevrolet,75000,Mendoza,13225.81,Sedán,7
Chevrolet,150000,Ciudad Autónoma Buenos Aires,6129.03,Sedán,11
Ford,140000,Santa Cruz,7096.77,SUV,14
Citroën,168000,Neuquén,7741.94,Sedán,12
Renault,255000,Río Negro,4838.71,Hatchback,16
Volkswagen,10000,Córdoba,26451.61,Pickup,2
Volkswagen,231000,Buenos Aires (A.M.B.A.),8000.0,Sedán,15
Peugeot,92000,Buenos Aires (A.M.B.A.),10967.74,SUV,8
Volkswagen,127100,Buenos Aires,23400.0,Pickup,7
Audi,97000,Misiones,25000.0,Sedán,9
Peugeot,121000,Buenos Aires,6000.0,Hatchback,16
Renault,400000,Mendoza,10967.74,Furgón,18
Renault,150000,Mendoza,5806.45,Hatchback,17
Chery,105000,Santa Fe,10645.16,SUV,8
Peugeot,260000,San Luis,5677.42,Furgón,22
Volkswagen,83900,Misiones,10322.58,Hatchback,9
Ford,136000,Ciudad Autónoma Buenos Aires,11900.0,SUV,9
Renault,191000,Buenos Aires,6322.58,Furgón,14
Peugeot,56000,Buenos Aires (A.M.B.A.),12000.0,Hatchback,12
Renault,96500,Buenos Aires (A.M.B.A.),12580.65,Pickup,10
FIAT,82300,Córdoba,7741.94,Minivan,11
Volkswagen,173000,Córdoba,21225.16,Pickup,9
FIAT,180000,Córdoba,9000.0,Sedán,15
Ford,110000,Santa Fe,14516.13,Pickup,8
Peugeot,35000,Buenos Aires,12580.65,Hatchback,4
Ford,230000,Buenos Aires,1935.48,Sedán,29
Volkswagen,105000,Salta,9677.42,Hatchback,9
Ford,200314,Buenos Aires (A.M.B.A.),13000.0,Hatchback,13
Toyota,170000,Córdoba,34838.71,SUV,7
Ford,123000,Neuquén,12258.06,Hatchback,9
Renault,120000,Buenos Aires (A.M.B.A.),6774.19,Hatchback,13
Honda,154100,Entre Ríos,20000.0,SUV,6
Ford,82000,Ciudad Autónoma Buenos Aires,11000.0,SUV,10
Peugeot,68200,Mendoza,7354.84,Hatchback,12
Chevrolet,150000,Santa Fe,12000.0,Sedán,7
Peugeot,91000,Buenos Aires (A.M.B.A.),8967.74,Sedán,11
Peugeot,198000,Buenos Aires (A.M.B.A.),5741.94,Hatchback,14
Volkswagen,22000,Buenos Aires (A.M.B.A.),5483.87,Sedán,17
Ford,76000,Córdoba,10000.0,SUV,12
Ford,148000,Ciudad Autónoma Buenos Aires,10645.16,SUV,11
Toyota,144000,Córdoba,12580.65,Hatchback,9
FIAT,35000,Buenos Aires (A.M.B.A.),14516.13,Sedán,4
FIAT,55000,Ciudad Autónoma Buenos Aires,13548.39,Sedán,4
Peugeot,300000,Buenos Aires (A.M.B.A.),20000.0,Furgón,15
Renault,98000,Buenos Aires (A.M.B.A.),9000.0,Hatchback,12
Volkswagen,74600,Buenos Aires (A.M.B.A.),13000.0,Hatchback,9
Chevrolet,134000,Mendoza,5032.26,Hatchback,14
FIAT,143000,Ciudad Autónoma Buenos Aires,6500.0,Sedán,12
Ford,30800,Ciudad Autónoma Buenos Aires,13900.0,Hatchback,9
Volkswagen,155000,Mendoza,8064.52,Hatchback,11
Peugeot,160000,Santa Cruz,5161.29,Hatchback,13
Ford,969,Santa Fe,39500.0,SUV,1
Ford,118000,Buenos Aires (A.M.B.A.),8387.1,Hatchback,10
Chevrolet,80000,Buenos Aires (A.M.B.A.),10129.03,Hatchback,10
Peugeot,69000,Neuquén,14838.71,Hatchback,6
Renault,250000,Río Negro,9677.42,SUV,12
Peugeot,73500,Buenos Aires,11935.48,SUV,8
Chevrolet,100000,Córdoba,10322.58,Hatchback,8
Jeep,57000,Entre Ríos,20000.0,SUV,5
Ford,139451,Ciudad Autónoma Buenos Aires,7735.48,Hatchback,14
Citroën,110000,Santa Fe,10967.74,Sedán,8
Citroën,113000,Ciudad Autónoma Buenos Aires,12903.23,Minivan,8
Toyota,74500,Santa Fe,16800.0,Hatchback,6
Volkswagen,165000,Córdoba,7612.9,Sedán,12
Chevrolet,107000,Córdoba,6000.0,Hatchback,13
Honda,243000,Buenos Aires (A.M.B.A.),7500.0,Sedán,32
Peugeot,146000,Mendoza,10580.65,Hatchback,8
Peugeot,88000,Misiones,9993.55,Hatchback,8
Ford,400000,Mendoza,13225.81,Pickup,12
Peugeot,118000,Buenos Aires (A.M.B.A.),13000.0,Hatchback,13
Toyota,32300,Entre Ríos,34600.0,SUV,2
Ford,88000,Buenos Aires (A.M.B.A.),11500.0,Hatchback,9
JAC,80000,Ciudad Autónoma Buenos Aires,24000.0,SUV,6
Chevrolet,120000,Santa Fe,2451.61,Hatchback,27
Ford,150000,Córdoba,7741.94,Hatchback,15
Volkswagen,40000,Ciudad Autónoma Buenos Aires,32258.06,Pickup,2
FIAT,360000,Ciudad Autónoma Buenos Aires,5806.45,Sedán,12
Ford,102000,Ciudad Autónoma Buenos Aires,18903.23,Pickup,6
Toyota,104000,Santa Fe,11612.9,Sedán,10
Chevrolet,63500,Ciudad Autónoma Buenos Aires,8500.0,Hatchback,13
FIAT,230000,Córdoba,6322.58,Hatchback,11
Volkswagen,238000,Córdoba,8321.94,Sedán,17
Citroën,161500,Córdoba,5225.81,Hatchback,16
Nissan,110000,Ciudad Autónoma Buenos Aires,15161.29,SUV,8
Toyota,80000,Tierra del Fuego,25000.0,Sedán,4
Toyota,60000,Córdoba,22580.65,Sedán,6
Ford,134000,Santa Fe,7096.77,SUV,17
Ford,240000,Buenos Aires,6000.0,Hatchback,18
Volkswagen,10200,Chaco,32258.06,Pickup,2
Renault,128000,Córdoba,9612.26,Hatchback,13
FIAT,127000,Buenos Aires (A.M.B.A.),7741.94,Wagon,13
Peugeot,69000,Ciudad Autónoma Buenos Aires,6451.61,Hatchback,7
Ford,117000,Buenos Aires,15700.0,Hatchback,9
Toyota,42890,Mendoza,16129.03,Hatchback,4
Citroën,135000,Buenos Aires (A.M.B.A.),8064.52,SUV,13
Ford,36100,Buenos Aires,10000.0,Coupé,60
Toyota,64000,Chaco,11612.9,Hatchback,9
Dodge,235000,Ciudad Autónoma Buenos Aires,10000.0,SUV,14
Peugeot,71000,Buenos Aires (A.M.B.A.),15300.0,Hatchback,8
Peugeot,27000,Ciudad Autónoma Buenos Aires,7741.94,Hatchback,5
