marca,modelo,anio,km,precio,moneda,ciudad,provincia
Chevrolet,Onix,2018,73000,10000000.0,ARS,Hurlingham,Buenos Aires (A.M.B.A.)
Chevrolet,Cruze 5,2023,102000,25000000.0,ARS,Saavedra,Ciudad Autónoma Buenos Aires
Citroën,Berlingo Multispace,2017,84000,16900000.0,ARS,Flores,Ciudad Autónoma Buenos Aires
Renault,Kangoo,2014,84004,12900000.0,ARS,Flores,Ciudad Autónoma Buenos Aires
Volkswagen,Gol Trend,2020,20000,1999999.0,ARS,Flores,Ciudad Autónoma Buenos Aires
Volkswagen,Polo 5P,2024,25000,3500000.0,ARS,Flores,Ciudad Autónoma Buenos Aires
Renault,Kwid,2018,100000,8270000.0,ARS,Florencio Varela,Buenos Aires (A.M.B.A.)
Volkswagen,Polo 5P,2024,22000,5000000.0,ARS,Flores,Ciudad Autónoma Buenos Aires
Peugeot,208,2023,26000,15500000.0,ARS,Caballito,Ciudad Autónoma Buenos Aires
FIAT,Grand Siena,2014,95000,12000000.0,ARS,Saavedra,Ciudad Autónoma Buenos Aires
Ford,EcoSport,2016,79000,18500000.0,ARS,Vicente Lopez,Buenos Aires (A.M.B.A.)
Chevrolet,Agile,2013,135000,12000000.0,ARS,Escobar,Buenos Aires (A.M.B.A.)
Toyota,Yaris Cross,2026,3000,30500.0,USD,Chacarita,Ciudad Autónoma Buenos Aires
Ford,Territory,2025,10000,49000000.0,ARS,Rosario,Santa Fe
Toyota,Corolla Cross Hybrid,2021,92000,21000000.0,ARS,Río Cuarto,Córdoba
Toyota,RAV4,2011,92000,21500000.0,ARS,Monserrat,Ciudad Autónoma Buenos Aires
FIAT,Toro,2017,95000,21000000.0,ARS,La Plata,Buenos Aires
Ford,EcoSport,2018,101000,18500000.0,ARS,Banfield,Buenos Aires (A.M.B.A.)
Citroën,C4 Cactus,2021,47000,12000000.0,ARS,Río Cuarto,Córdoba
Toyota,Corolla,2013,116000,15000000.0,ARS,Flores,Ciudad Autónoma Buenos Aires
Ford,EcoSport,2014,95000,9752500.0,ARS,Quilmes,Buenos Aires (A.M.B.A.)
Toyota,Hilux,2023,118000,28000000.0,ARS,Río Cuarto,Córdoba
Renault,Clio Mío,2015,147000,6000000.0,ARS,Rosario,Santa Fe
Peugeot,2008,2025,2000,8000000.0,ARS,Caballito,Ciudad Autónoma Buenos Aires
Citroën,Xsara Picasso,2005,200000,3000000.0,ARS,Rosario,Santa Fe
FIAT,Argo,2019,49500,15500000.0,ARS,Lanus,Buenos Aires (A.M.B.A.)
Chevrolet,Onix,2024,20000,3000000.0,ARS,Flores,Ciudad Autónoma Buenos Aires
Ford,Focus Sedán,2014,240000,9000.0,USD,Flores,Ciudad Autónoma Buenos Aires
FIAT,Siena,2015,104000,7500000.0,ARS,Río Cuarto,Córdoba
Chery,Tiggo,2015,163200,9500.0,USD,Bahía Blanca,Buenos Aires
Volkswagen,Voyage,2015,150000,8500000.0,ARS,Florencio Varela,Buenos Aires (A.M.B.A.)
Volkswagen,T-Cross,2024,22500,2999999.0,ARS,Flores,Ciudad Autónoma Buenos Aires
Chevrolet,Onix Plus,2023,955000,11000000.0,ARS,Lanus,Buenos Aires (A.M.B.A.)
Ford,Ranger,2012,270000,8500000.0,ARS,Rosario,Santa Fe
Renault,Captur,2017,44000,22000000.0,ARS,Morteros,Córdoba
Peugeot,2008,2025,15000,9000000.0,ARS,Caballito,Ciudad Autónoma Buenos Aires
Toyota,SW4,2013,310000,27000.0,USD,Del Viso,Buenos Aires (A.M.B.A.)
Peugeot,208,2018,870000,7500000.0,ARS,Lanus,Buenos Aires (A.M.B.A.)
Toyota,Hilux,2018,80000,35000.0,USD,Mendoza,Mendoza
Peugeot,Partner,2026,10000,10000000.0,ARS,Caballito,Ciudad Autónoma Buenos Aires
Ford,Fiesta Kinetic,2017,132000,13850000.0,ARS,Velez Sarsfield,Ciudad Autónoma Buenos Aires
Chevrolet,Montana,2025,1399,2999999.0,ARS,Flores,Ciudad Autónoma Buenos Aires
Peugeot,308,2012,68000,10000000.0,ARS,La Plata,Buenos Aires
Volkswagen,Tera,2026,2000,3000000.0,ARS,Flores,Ciudad Autónoma Buenos Aires
Honda,Civic,2008,89000,12000000.0,ARS,Resistencia,Chaco
Volkswagen,Gol Trend,2015,74000,9500.0,USD,Floresta,Ciudad Autónoma Buenos Aires
Renault,Sandero Stepway,2012,140000,7000000.0,ARS,Río Cuarto,Córdoba
Renault,Clio Mío,2015,112000,7900000.0,ARS,Río Cuarto,Córdoba
Toyota,SW4,2019,91700,33500.0,USD,La Plata,Buenos Aires
Chevrolet,Tracker,2020,55000,28500000.0,ARS,Barracas,Ciudad Autónoma Buenos Aires
Volkswagen,T-Cross,2024,17500,4674999.0,ARS,Flores,Ciudad Autónoma Buenos Aires
Volkswagen,Polo 5P,2024,22500,3000000.0,ARS,Flores,Ciudad Autónoma Buenos Aires
Peugeot,208,2022,31000,10000000.0,ARS,Caballito,Ciudad Autónoma Buenos Aires
Toyota,Corolla,2019,142000,27000000.0,ARS,Córdoba,Córdoba
FIAT,Toro,2024,15000,3000000.0,ARS,Flores,Ciudad Autónoma Buenos Aires
Ford,Ranger,2021,68000,43800000.0,ARS,Salta,Salta
Volkswagen,Taos,2024,25000,7499999.0,ARS,Flores,Ciudad Autónoma Buenos Aires
Chevrolet,Onix,2019,67000,16900000.0,ARS,Flores,Ciudad Autónoma Buenos Aires
Volkswagen,Polo 5P,2024,22500,3999999.0,ARS,Flores,Ciudad Autónoma Buenos Aires
Chevrolet,Corsa,2009,102000,5000.0,USD,Ezpeleta,Buenos Aires (A.M.B.A.)
Volkswagen,Polo 5P,2024,17500,3999999.0,ARS,Flores,Ciudad Autónoma Buenos Aires
Peugeot,3008 SUV,2024,15000,36900.0,USD,Villa Urquiza,Ciudad Autónoma Buenos Aires
Peugeot,208,2015,75000,10800.0,USD,Belgrano,Ciudad Autónoma Buenos Aires
DFSK,Glory 580,2025,15000,20000.0,USD,Bahía Blanca,Buenos Aires
FIAT,Idea,2017,84000,13500000.0,ARS,Flores,Ciudad Autónoma Buenos Aires
Ford,Ranger,2022,40000,27000.0,USD,Quilmes,Buenos Aires (A.M.B.A.)
Peugeot,2008,2024,59000,31800000.0,ARS,La Plata,Buenos Aires
Renault,Sandero Stepway,2012,130000,11800000.0,ARS,La Emilia,Buenos Aires
Peugeot,308,2017,119000,13900000.0,ARS,Córdoba,Córdoba
Volkswagen,Gol Trend,2019,55340,8000.0,ARS,San Cristóbal,Ciudad Autónoma Buenos Aires
Ford,Fiesta Kinetic,2019,59000,19600000.0,ARS,La Puntilla,Mendoza
Hyundai,i10,2014,110000,11500000.0,ARS,Resistencia,Chaco
Nissan,March,2016,110000,13900000.0,ARS,Villa Del Parque,Ciudad Autónoma Buenos Aires
Volkswagen,T-Cross,2024,19500,3499999.0,ARS,Flores,Ciudad Autónoma Buenos Aires
Honda,HR-V,2018,79200,24000000.0,ARS,Resistencia,Chaco
Renault,Duster,2016,160000,13000.0,USD,Quilmes Oeste,Buenos Aires (A.M.B.A.)
Peugeot,308,2012,156000,12400000.0,ARS,Banfield,Buenos Aires (A.M.B.A.)
Hyundai,Creta,2018,101000,24000000.0,ARS,General Fernández Oro,Río Negro
Volkswagen,Polo 5P,2024,20000,3599999.0,ARS,Flores,Ciudad Autónoma Buenos Aires
Volkswagen,Gol,2013,94000,8900000.0,ARS,Flores,Ciudad Autónoma Buenos Aires
Renault,Clio Mío,2015,105000,10800000.0,ARS,Maipu,Mendoza
Volkswagen,Voyage,2016,77000,13600000.0,ARS,Las Heras,Mendoza
BMW,X1,2016,113000,30900.0,USD,Villa Devoto,Ciudad Autónoma Buenos Aires
Renault,Kwid,2025,6794,20400000.0,ARS,El Palomar,Buenos Aires (A.M.B.A.)
Volkswagen,Nivus,2024,17500,4999999.0,ARS,Flores,Ciudad Autónoma Buenos Aires
Ford,Focus,2018,125000,20300000.0,ARS,San Carlos de Bariloche,Río Negro
Renault,Sandero Stepway,2015,166000,15000000.0,ARS,Barracas,Ciudad Autónoma Buenos Aires
FIAT,Toro,2024,7000,7000000.0,ARS,Flores,Ciudad Autónoma Buenos Aires
Volkswagen,Taos,2024,17500,6999999.0,ARS,Flores,Ciudad Autónoma Buenos Aires
Volkswagen,Gol Trend,2020,66000,2999999.0,ARS,Flores,Ciudad Autónoma Buenos Aires
Renault,11,1993,500000,2500000.0,ARS,Rosario,Santa Fe
Chevrolet,Tracker,2025,4500,13000000.0,ARS,Puerto Madero,Ciudad Autónoma Buenos Aires
Renault,Kwid,2019,120000,13500000.0,ARS,Salsipuedes,Córdoba
Toyota,Hilux,1999,240000,12000000.0,ARS,Casalegno,Santa Fe
Toyota,RAV4,2014,178000,26200000.0,ARS,Boedo,Ciudad Autónoma Buenos Aires
Volkswagen,Amarok,2024,20000,8999999.0,ARS,Flores,Ciudad Autónoma Buenos Aires
Toyota,RAV4,2013,260000,26000000.0,ARS,Mendoza,Mendoza
Chevrolet,Sonic,2026,100,39690000.0,ARS,Córdoba,Córdoba
Volkswagen,T-Cross,2024,20000,4999999.0,ARS,Flores,Ciudad Autónoma Buenos Aires
Nissan,Kicks,2020,131000,23000000.0,ARS,Córdoba,Córdoba
Citroën,C3,2023,14700,14000.0,USD,Quilmes,Buenos Aires (A.M.B.A.)
Volkswagen,Amarok,2024,40000,5000000.0,ARS,Flores,Ciudad Autónoma Buenos Aires
Nissan,Frontier,2022,156000,30000000.0,ARS,Godoy Cruz,Mendoza
Citroën,C4 Cactus,2017,103000,17000000.0,ARS,Ingeniero Juan Allan,Buenos Aires (A.M.B.A.)
Volkswagen,Amarok,2024,18000,9000000.0,ARS,Flores,Ciudad Autónoma Buenos Aires
Volkswagen,Amarok,2024,40000,7000000.0,ARS,Flores,Ciudad Autónoma Buenos Aires
Peugeot,Partner,2024,20000,5000000.0,ARS,Flores,Ciudad Autónoma Buenos Aires
Volkswagen,Amarok,2024,20000,4999999.0,ARS,Flores,Ciudad Autónoma Buenos Aires
Volkswagen,Amarok,2024,45000,5000000.0,ARS,Flores,Ciudad Autónoma Buenos Aires
Renault,Clio Mío,2016,100,6500000.0,ARS,Córdoba,Córdoba
Ford,EcoSport,2011,128650,10500000.0,ARS,José Marmol,Buenos Aires (A.M.B.A.)
Citroën,C4 Cactus,2019,99000,18000000.0,ARS,Rosario,Santa Fe
Toyota,Yaris,2024,75000,18500000.0,ARS,Lanus,Buenos Aires (A.M.B.A.)
Volkswagen,Taos,2024,25000,4999999.0,ARS,Flores,Ciudad Autónoma Buenos Aires
Ford,Ka,2011,84000,10000000.0,ARS,Avellaneda,Buenos Aires (A.M.B.A.)
Volkswagen,T-Cross,2024,17000,6999999.0,ARS,Flores,Ciudad Autónoma Buenos Aires
Chevrolet,Corsa Classic,2007,130000,7000000.0,ARS,La Plata,Buenos Aires
Peugeot,Partner,2015,81000,9000000.0,ARS,Caballito,Ciudad Autónoma Buenos Aires
Volkswagen,Amarok,2024,65000,15000000.0,ARS,Flores,Ciudad Autónoma Buenos Aires
Volkswagen,Amarok,2024,16500,5000000.0,ARS,Flores,Ciudad Autónoma Buenos Aires
Volkswagen,Amarok,2024,12000,3999999.0,ARS,Flores,Ciudad Autónoma Buenos Aires
Chevrolet,Cruze,2012,138000,13900000.0,ARS,Córdoba,Córdoba
Volkswagen,Amarok,2024,15000,4999999.0,ARS,Flores,Ciudad Autónoma Buenos Aires
Peugeot,Partner,2024,18000,2999999.0,ARS,Flores,Ciudad Autónoma Buenos Aires
Volkswagen,Gol Trend,2024,20000,4999999.0,ARS,Flores,Ciudad Autónoma Buenos Aires
Volkswagen,Polo 5P,2024,16000,3000000.0,ARS,Flores,Ciudad Autónoma Buenos Aires
Volkswagen,Polo 5P,2024,25000,3499999.0,ARS,Flores,Ciudad Autónoma Buenos Aires
Mercedes,Clase C Sedán,2014,88800,24000000.0,ARS,Corrientes,Corrientes
Volkswagen,up!,2017,89000,13200000.0,ARS,Posadas,Misiones
Volkswagen,Amarok,2024,21500,11999999.0,ARS,Flores,Ciudad Autónoma Buenos Aires
FIAT,Toro,2018,129000,13700.0,USD,Ituzaingo,Buenos Aires (A.M.B.A.)
Volkswagen,Amarok,2024,20000,1000000.0,ARS,Flores,Ciudad Autónoma Buenos Aires
Volkswagen,Taos,2024,25000,5499999.0,ARS,Flores,Ciudad Autónoma Buenos Aires
Peugeot,307,2005,175500,6500.0,USD,Caseros,Buenos Aires (A.M.B.A.)
Volkswagen,Amarok,2024,30000,6000000.0,ARS,Flores,Ciudad Autónoma Buenos Aires
Volkswagen,Nivus,2024,17500,6499999.0,ARS,Flores,Ciudad Autónoma Buenos Aires
Volkswagen,T-Cross,2024,20000,7999999.0,ARS,Flores,Ciudad Autónoma Buenos Aires
Volkswagen,Taos,2024,30000,5000000.0,ARS,Flores,Ciudad Autónoma Buenos Aires
Chevrolet,Onix,2023,38000,24500000.0,ARS,Parana,Entre Ríos
FIAT,Toro,2024,25000,5000000.0,ARS,Flores,Ciudad Autónoma Buenos Aires
Ford,Taunus Coupé,1981,320000,6500000.0,ARS,Lujan de Cuyo,Mendoza
Volkswagen,Gol Trend,2022,42000,2499999.0,ARS,Flores,Ciudad Autónoma Buenos Aires
Toyota,Yaris,2025,38000,29500000.0,ARS,La Plata,Buenos Aires
Renault,Mégane,1999,168500,6500000.0,ARS,Mar del Plata,Buenos Aires
Toyota,Etios Hatchback,2022,81000,23500000.0,ARS,1a. Seccion,Mendoza
Toyota,Etios Hatchback,2016,157000,8500.0,USD,Córdoba,Córdoba
Volkswagen,Amarok,2020,237000,25000000.0,ARS,Chacabuco,Buenos Aires
Volkswagen,Saveiro,2024,20000,3499999.0,ARS,Flores,Ciudad Autónoma Buenos Aires
Honda,Civic,2018,120000,2300.0,USD,Quilmes,Buenos Aires (A.M.B.A.)
Renault,Duster Oroch,2019,60000,27000000.0,ARS,Salta,Salta
Volkswagen,Polo 5P,2024,25000,6999999.0,ARS,Flores,Ciudad Autónoma Buenos Aires
Renault,Master,2011,338000,22800000.0,ARS,Ramos Mejia,Buenos Aires (A.M.B.A.)
Volkswagen,Amarok,2024,25000,4999999.0,ARS,Flores,Ciudad Autónoma Buenos Aires
FIAT,Palio,2017,153000,10800000.0,ARS,Olivos,Buenos Aires (A.M.B.A.)
Volkswagen,Beetle,2017,134000,17000.0,USD,Berazategui,Buenos Aires (A.M.B.A.)
Volkswagen,Saveiro,2024,20000,2999999.0,ARS,Flores,Ciudad Autónoma Buenos Aires
Renault,Fluence,2012,300000,7000.0,USD,La Plata,Buenos Aires
Volkswagen,Amarok,2024,20000,11999999.0,ARS,Flores,Ciudad Autónoma Buenos Aires
KIA,K2700,2008,145000,16000.0,USD,La Plata,Buenos Aires
Volkswagen,Amarok,2024,23500,4999999.0,ARS,Flores,Ciudad Autónoma Buenos Aires
Renault,Duster,2022,45000,5000000.0,ARS,Puerto Madero,Ciudad Autónoma Buenos Aires
FIAT,Cronos,2023,25700,23000000.0,ARS,Paternal,Ciudad Autónoma Buenos Aires
Volkswagen,Polo 5P,2023,35000,5000000.0,ARS,Flores,Ciudad Autónoma Buenos Aires
Volkswagen,Amarok,2024,24999,6999999.0,ARS,Flores,Ciudad Autónoma Buenos Aires
Toyota,SW4,2024,38000,78000000.0,ARS,Córdoba,Córdoba
Volkswagen,Polo 5P,2024,24000,3999999.0,ARS,Flores,Ciudad Autónoma Buenos Aires
Volkswagen,Taos,2021,76400,34900000.0,ARS,Belgrano,Ciudad Autónoma Buenos Aires
Volkswagen,Amarok,2024,25000,10000000.0,ARS,Flores,Ciudad Autónoma Buenos Aires
Nissan,March,2019,78000,17000000.0,ARS,La Plata,Buenos Aires
Volkswagen,Amarok,2024,20999,4499999.0,ARS,Flores,Ciudad Autónoma Buenos Aires
Renault,Duster,2018,112000,19900000.0,ARS,Córdoba,Córdoba
Peugeot,208,2025,50000,26000000.0,ARS,La Plata,Buenos Aires
Volkswagen,Amarok,2024,20000,5499999.0,ARS,Flores,Ciudad Autónoma Buenos Aires
Renault,Fluence,2016,104000,9000000.0,ARS,Río Cuarto,Córdoba
Suzuki,Vitara,1992,245000,10200.0,USD,Córdoba,Córdoba
Citroën,C4,2013,117000,13000000.0,ARS,La Plata,Buenos Aires
FIAT,Fiorino,2014,170000,10400000.0,ARS,Ituzaingo,Buenos Aires (A.M.B.A.)
Nissan,Frontier,2024,60000,37000000.0,ARS,Merlo,Buenos Aires (A.M.B.A.)
Volkswagen,Amarok,2024,2024,4999999.0,ARS,Flores,Ciudad Autónoma Buenos Aires
BAIC,X35,2023,33000,30000000.0,ARS,La Plata,Buenos Aires
Volkswagen,Amarok,2024,80000,5999999.0,ARS,Flores,Ciudad Autónoma Buenos Aires
Chery,Tiggo,2013,110538,12000000.0,ARS,Ramos Mejia,Buenos Aires (A.M.B.A.)
Peugeot,2008,2024,20000,6000000.0,ARS,Flores,Ciudad Autónoma Buenos Aires
Volkswagen,Amarok,2024,60000,6999999.0,ARS,Flores,Ciudad Autónoma Buenos Aires
FIAT,Mobi,2024,15000,1499999.0,ARS,Flores,Ciudad Autónoma Buenos Aires
Volkswagen,Amarok,2024,61000,40500000.0,ARS,Pilar,Buenos Aires (A.M.B.A.)
Chevrolet,Cruze 5,2020,43000,23000000.0,ARS,City Bell,Buenos Aires (A.M.B.A.)
Toyota,Corolla,2022,79500,31000000.0,ARS,Ezpeleta Oeste,Buenos Aires (A.M.B.A.)
Volkswagen,Gol,2012,87000,9500000.0,ARS,Corrientes,Corrientes
Toyota,Corolla Cross Hybrid,2022,75000,43500000.0,ARS,Córdoba,Córdoba
Chevrolet,Prisma,2015,21000,1100000.0,ARS,La Plata,Buenos Aires
Citroën,C4,2014,187000,9500000.0,ARS,Roldán,Santa Fe
Honda,Fit,2006,228000,7700000.0,ARS,Flores,Ciudad Autónoma Buenos Aires
Volkswagen,Amarok,2024,20000,6999999.0,ARS,Flores,Ciudad Autónoma Buenos Aires
Volkswagen,New Beetle,1998,144000,11850000.0,ARS,Pilar,Buenos Aires (A.M.B.A.)
Volkswagen,Saveiro,2024,23500,4999999.0,ARS,Flores,Ciudad Autónoma Buenos Aires
Volkswagen,Suran,2009,187000,9400000.0,ARS,Rosario,Santa Fe
DS,3 Crossback,2023,48500,29800.0,USD,Balvanera,Ciudad Autónoma Buenos Aires
Nissan,Frontier,2023,73000,46000000.0,ARS,Córdoba,Córdoba
Toyota,RAV4,2010,175000,12500.0,USD,Ituzaingo,Buenos Aires (A.M.B.A.)
Chevrolet,Prisma,2015,218000,12100000.0,ARS,El Jaguel,Buenos Aires (A.M.B.A.)
Chevrolet,Montana,2011,175000,10000000.0,ARS,Ituzaingo,Buenos Aires (A.M.B.A.)
Volkswagen,Bora,2013,187000,13500000.0,ARS,Rosario,Santa Fe
Ford,Focus Exe,2010,178000,9200000.0,ARS,Quilmes,Buenos Aires (A.M.B.A.)
Volkswagen,Golf,2017,136000,15700000.0,ARS,Rosario,Santa Fe
Toyota,Yaris Sedán,2024,87200,25800000.0,ARS,Olivos,Buenos Aires (A.M.B.A.)
Honda,ZR-V,2024,79000,25000.0,USD,La Plata,Buenos Aires
Citroën,C4,2014,187000,9200000.0,ARS,Roldán,Santa Fe
Toyota,Hilux GR Sport,2025,22500,75000000.0,ARS,La Plata,Buenos Aires
FIAT,Toro,2017,200400,12000000.0,ARS,Colegiales,Ciudad Autónoma Buenos Aires
Peugeot,208,2019,40000,15200.0,USD,Parque Patricios,Ciudad Autónoma Buenos Aires
Chevrolet,Onix,2018,73000,17000000.0,ARS,Lomas del Mirador,Buenos Aires (A.M.B.A.)
Nissan,Sentra,2016,86000,15500000.0,ARS,Flores,Ciudad Autónoma Buenos Aires
Volkswagen,Gol Trend,2018,93000,16000000.0,ARS,Miramar,Buenos Aires
Ford,Ranger,2022,90000,19300.0,USD,Ituzaingo,Buenos Aires (A.M.B.A.)
Nissan,Kicks,2020,109000,15000.0,USD,Belgrano,Ciudad Autónoma Buenos Aires
Volkswagen,Amarok,2024,17000,7999999.0,ARS,Flores,Ciudad Autónoma Buenos Aires
Volkswagen,Taos,2022,35600,44000000.0,ARS,Villa Urquiza,Ciudad Autónoma Buenos Aires
Peugeot,2008,2026,1,36500000.0,ARS,Colegiales,Ciudad Autónoma Buenos Aires
Citroën,C4 Lounge,2015,160000,10500.0,USD,San Miguel,Buenos Aires (A.M.B.A.)
Toyota,Etios Hatchback,2016,109000,14000.0,USD,Caballito,Ciudad Autónoma Buenos Aires
Ford,Ka,2017,66500,16900000.0,ARS,Velez Sarsfield,Ciudad Autónoma Buenos Aires
Ford,Ka,2006,147000,6500000.0,ARS,San Fernando,Buenos Aires (A.M.B.A.)
Volkswagen,Amarok,2016,241000,20500.0,USD,Funes,Santa Fe
FIAT,Palio Fire,2014,200000,10500000.0,ARS,Villa Allende,Córdoba
Peugeot,208,2023,21000,12000000.0,ARS,Abasto,Buenos Aires
Chevrolet,Trailblazer,2020,89000,26000.0,USD,Ituzaingo,Buenos Aires (A.M.B.A.)
Renault,Stepway,2021,21500,22500000.0,ARS,Córdoba,Córdoba
Toyota,Corolla,2011,200000,13000000.0,ARS,Rosario,Santa Fe
Mercedes,Sprinter,2008,615000,26000.0,USD,Villa Adelina,Buenos Aires (A.M.B.A.)
Chevrolet,Tracker,2015,94000,15500000.0,ARS,Yerba Buena - Marcos Paz,Tucumán
Toyota,Corolla,2024,33000,22000.0,USD,Saavedra,Ciudad Autónoma Buenos Aires
Peugeot,408,2016,92000,16000000.0,ARS,Rosario,Santa Fe
Chery,Tiggo 4 Hybrid,2026,1,29000.0,USD,Colegiales,Ciudad Autónoma Buenos Aires
FIAT,Linea,2010,193000,7900000.0,ARS,Ituzaingo,Buenos Aires (A.M.B.A.)
Volkswagen,Polo 5P,2024,17500,3000000.0,ARS,Flores,Ciudad Autónoma Buenos Aires
Volkswagen,Amarok,2024,50000,3499999.0,ARS,Flores,Ciudad Autónoma Buenos Aires
Peugeot,307,2010,187000,10000000.0,ARS,Benavidez,Buenos Aires (A.M.B.A.)
Chevrolet,Cruze,2018,125000,18000000.0,ARS,San Miguel de Tucumán,Tucumán
BMW,Serie 3 Sedán,2010,108000,19500000.0,ARS,Posadas,Misiones
Chevrolet,Onix,2025,400000,26000000.0,ARS,Cabildo,Buenos Aires
Volkswagen,Suran,2015,190000,13000000.0,ARS,Necochea,Buenos Aires
Honda,Fit,2015,96000,11000.0,USD,Recoleta,Ciudad Autónoma Buenos Aires
Volkswagen,Suran,2017,69900,19300000.0,ARS,Villa Crespo,Ciudad Autónoma Buenos Aires
Ford,Ka,2010,108000,8200000.0,ARS,Hurlingham,Buenos Aires (A.M.B.A.)
Toyota,Yaris,2025,21100,28900000.0,ARS,Palermo,Ciudad Autónoma Buenos Aires
FIAT,Cronos,2022,38730,18000000.0,ARS,General Rodrguez,Buenos Aires
Peugeot,208,2018,59000,8000000.0,ARS,Abasto,Buenos Aires
Ford,Focus,2018,72000,19000000.0,ARS,Saavedra,Ciudad Autónoma Buenos Aires
Citroën,C3 Picasso,2014,148000,11000000.0,ARS,San Miguel de Tucumán,Tucumán
Renault,Sandero,2013,81000,8000000.0,ARS,Haedo,Buenos Aires (A.M.B.A.)
Citroën,C3 XTR,2007,256012,7000000.0,ARS,Lomas De Zamora,Buenos Aires (A.M.B.A.)
Nissan,Kicks,2018,38900,17500.0,USD,Palermo,Ciudad Autónoma Buenos Aires
Volkswagen,Saveiro,2009,202000,5700.0,USD,Ituzaingo,Buenos Aires (A.M.B.A.)
Ford,Ranger,2020,99000,25000000.0,ARS,Río Cuarto,Córdoba
Peugeot,208,2018,150000,10000.0,USD,Presidencia Roque Saenz Pena,Chaco
FIAT,Siena,2006,300000,400000000.0,ARS,La Falda,Córdoba
Ford,Ka +,2017,87000,14800000.0,ARS,Saavedra,Ciudad Autónoma Buenos Aires
Peugeot,2008,2020,97000,22500000.0,ARS,Quilmes Oeste,Buenos Aires (A.M.B.A.)
Volkswagen,Taos,2024,25000,7999999.0,ARS,Flores,Ciudad Autónoma Buenos Aires
Volkswagen,Nivus,2024,14500,4999999.0,ARS,Flores,Ciudad Autónoma Buenos Aires
smart,Fortwo,2013,95000,12800.0,USD,Villa Adelina,Buenos Aires (A.M.B.A.)
Volkswagen,Taos,2023,16500,27000.0,USD,Nuñez,Ciudad Autónoma Buenos Aires
DS,3,2017,70000,17900000.0,ARS,Caballito,Ciudad Autónoma Buenos Aires
Volkswagen,Suran,2015,137000,11500.0,USD,Caballito,Ciudad Autónoma Buenos Aires
Peugeot,208,2019,54000,8600000.0,ARS,Caballito,Ciudad Autónoma Buenos Aires
Renault,Logan,2022,148000,8000.0,USD,Villa Crespo,Ciudad Autónoma Buenos Aires
FIAT,Cronos,2021,38500,20500000.0,ARS,Sunchales,Santa Fe
Ford,Escort,1997,270000,4300000.0,ARS,Las Heras,Mendoza
Chery,Tiggo 3,2016,151400,13900000.0,ARS,La Plata,Buenos Aires
Volkswagen,Amarok,2015,158000,18500.0,USD,Pilar,Buenos Aires (A.M.B.A.)
Peugeot,208,2019,59000,7400000.0,ARS,Caballito,Ciudad Autónoma Buenos Aires
Chevrolet,Agile,2013,58000,11990000.0,ARS,Saavedra,Ciudad Autónoma Buenos Aires
Hyundai,Creta,2022,22600,21000.0,USD,Villa Del Parque,Ciudad Autónoma Buenos Aires
Peugeot,Partner,2012,267000,10000000.0,ARS,Villa Pueyrredón,Ciudad Autónoma Buenos Aires
FIAT,Cronos,2025,14300,28000000.0,ARS,San Miguel,Buenos Aires (A.M.B.A.)
Renault,9,1995,50000,1450000.0,ARS,Merlo,Buenos Aires (A.M.B.A.)
BMW,Serie 3 Sedán,2017,51000,31000.0,USD,Caballito,Ciudad Autónoma Buenos Aires
FIAT,Grand Siena,2017,197000,12800000.0,ARS,Rosario,Santa Fe
Peugeot,206,2013,157000,7600000.0,ARS,Ituzaingo,Buenos Aires (A.M.B.A.)
Honda,Civic,2012,150000,16500000.0,ARS,Rosario,Santa Fe
Volkswagen,Polo 5P,2024,25000,6000000.0,ARS,Flores,Ciudad Autónoma Buenos Aires
Toyota,Etios Sedán,2023,4000,27000000.0,ARS,Palermo,Ciudad Autónoma Buenos Aires
Mercedes,Sprinter,2016,180000,23000.0,USD,Ituzaingo,Buenos Aires (A.M.B.A.)
Jeep,Grand Cherokee,2013,95000,21900.0,USD,Puerto Madero,Ciudad Autónoma Buenos Aires
Mercedes,Clase SLK,2020,32000,76900.0,USD,Barracas,Ciudad Autónoma Buenos Aires
Peugeot,2008,2017,110000,15000000.0,ARS,Resistencia,Chaco
Renault,Duster,2015,170000,17500000.0,ARS,La Plata,Buenos Aires
Ford,Focus,2007,280000,6450000.0,ARS,Quilmes,Buenos Aires (A.M.B.A.)
Peugeot,306,1997,150000,5300000.0,ARS,Gobernador Benegas,Mendoza
FIAT,Cronos,2021,58500,20000000.0,ARS,Maipu,Mendoza
Nissan,X-Trail,2013,200000,22000000.0,ARS,Villa General Belgrano,Córdoba
Peugeot,208,2016,93000,16500000.0,ARS,Caballito,Ciudad Autónoma Buenos Aires
Toyota,Corolla,2015,102000,21500000.0,ARS,Corrientes,Corrientes
Ford,EcoSport,2018,47000,21999999.0,ARS,Villa Urquiza,Ciudad Autónoma Buenos Aires
Peugeot,3008 SUV,2023,62000,27000000.0,ARS,Río Cuarto,Córdoba
Volkswagen,Taos,2024,7000,4999999.0,ARS,Flores,Ciudad Autónoma Buenos Aires
Renault,Clio,2011,85000,8500000.0,ARS,Caballito,Ciudad Autónoma Buenos Aires
Renault,Fluence,2017,176000,12000000.0,ARS,Pilar,Buenos Aires (A.M.B.A.)
Ford,Ranger,2023,132500,5000000.0,ARS,Florencio Varela,Buenos Aires (A.M.B.A.)
Chevrolet,Tracker,2024,39000,20000.0,USD,Mataderos,Ciudad Autónoma Buenos Aires
Toyota,Corolla,2023,44000,31000000.0,ARS,San Miguel de Tucumán,Tucumán
Audi,A1 Sportback,2017,122000,20500.0,USD,Villa Urquiza,Ciudad Autónoma Buenos Aires
Citroën,Basalt,2026,1,27000000.0,ARS,Colegiales,Ciudad Autónoma Buenos Aires
Mercedes,Sprinter Combi,2010,150000,20500.0,USD,Ituzaingo,Buenos Aires (A.M.B.A.)
Renault,Kangoo,2015,190000,14000000.0,ARS,Glew,Buenos Aires (A.M.B.A.)
Toyota,SW4,2021,161000,36900.0,USD,Puerto Madero,Ciudad Autónoma Buenos Aires
Citroën,Berlingo Furgón,2015,217000,13000000.0,ARS,Eldorado,Misiones
FIAT,Cronos,2021,82000,20000000.0,ARS,La Plata,Buenos Aires
Renault,Kangoo Express,2010,200000,11000000.0,ARS,Caballito,Ciudad Autónoma Buenos Aires
Honda,CR-V,2021,84000,35500.0,USD,Barracas,Ciudad Autónoma Buenos Aires
Dodge,Journey,2011,120000,20000000.0,ARS,Quilmes,Buenos Aires (A.M.B.A.)
Ford,Focus,2016,84000,15900000.0,ARS,Flores,Ciudad Autónoma Buenos Aires
Nissan,X-Trail,2024,39000,53000000.0,ARS,Córdoba,Córdoba
Volkswagen,Golf,2017,87000,21000.0,USD,Almagro,Ciudad Autónoma Buenos Aires
Peugeot,Partner,2016,160000,15500000.0,ARS,Córdoba,Córdoba
Dodge,Journey,2010,138000,12000000.0,ARS,Victoria,Entre Ríos
Nissan,March,2017,20291,13000.0,USD,La Plata,Buenos Aires
Peugeot,207 Compact,2009,82000,8990000.0,ARS,Pontevedra,Buenos Aires (A.M.B.A.)
Suzuki,Fun,2006,215000,5300000.0,ARS,La Plata,Buenos Aires
Toyota,Hilux,2018,105000,39800000.0,ARS,Villa Allende,Córdoba
Renault,Duster,2013,146000,13800000.0,ARS,Córdoba,Córdoba
Chevrolet,S 10,2018,105000,39900000.0,ARS,Villa Lynch Pueyrredon,Buenos Aires
Volkswagen,Taos,2024,12000,5999999.0,ARS,Flores,Ciudad Autónoma Buenos Aires
Nissan,Frontier,2022,100000,39900000.0,ARS,Cañada de Gomez,Santa Fe
Renault,Logan,2018,309000,12000000.0,ARS,Puerto Madero,Ciudad Autónoma Buenos Aires
Zanella,Force Truck,2024,40000,14500.0,USD,Ituzaingo,Buenos Aires (A.M.B.A.)
Honda,Civic,1992,183000,5990.0,USD,Flores,Ciudad Autónoma Buenos Aires
Chevrolet,S 10,2004,470,6000000.0,ARS,General Pinedo,Chaco
Toyota,Hilux,2025,13000,25500.0,USD,Ituzaingo,Buenos Aires (A.M.B.A.)
Volkswagen,Amarok,2017,180000,25000000.0,ARS,Perico,Jujuy
FIAT,Siena,2015,106000,10500000.0,ARS,Vicente Lopez,Buenos Aires (A.M.B.A.)
Chevrolet,Cruze,2021,88000,23500000.0,ARS,Posadas,Misiones
Mercedes,Clase A Sedán,2020,74000,29500.0,USD,Rosario,Santa Fe
Toyota,Corolla,2013,190000,15500000.0,ARS,Salta,Salta
Chevrolet,Prisma Joy,2020,66000,15500000.0,ARS,San Benito,Entre Ríos
Toyota,Hilux,2019,137000,38900000.0,ARS,Wilde,Buenos Aires (A.M.B.A.)
Chevrolet,S 10,2021,91000,30500000.0,ARS,Ayacucho,Buenos Aires
Toyota,Corolla,2014,137294,19000000.0,ARS,Córdoba,Córdoba
FIAT,Cronos,2022,54000,19900000.0,ARS,Flores,Ciudad Autónoma Buenos Aires
Ford,Ka,2011,130000,6900000.0,ARS,Córdoba,Córdoba
Volvo,V70,1997,171000,4000000.0,ARS,Mataderos,Ciudad Autónoma Buenos Aires
Mercedes,Clase SLK,2013,57108,33000000.0,ARS,Salta,Salta
Nissan,NP 300 Frontier,2016,114000,20000.0,USD,San Carlos de Bariloche,Río Negro
Chevrolet,Classic,2012,130000,9700000.0,ARS,Luján,Buenos Aires
Citroën,C4 Cactus,2021,105000,21000000.0,ARS,San Eduardo,Santa Fe
Renault,Clio Mío,2013,120000,10500000.0,ARS,Rosario,Santa Fe
Peugeot,408,2019,155000,13000000.0,ARS,Funes,Santa Fe
Peugeot,208,2018,95000,18000000.0,ARS,Caballito,Ciudad Autónoma Buenos Aires
Renault,Logan,2019,102000,16000000.0,ARS,Córdoba,Córdoba
Chevrolet,S 10,2019,118000,41900000.0,ARS,Villa Lynch Pueyrredon,Buenos Aires
Honda,Fit,2008,180000,6800.0,USD,Belgrano,Ciudad Autónoma Buenos Aires
Peugeot,208,2025,28900,19500.0,USD,Pilar,Buenos Aires (A.M.B.A.)
Volkswagen,Polo,2016,93000,17500000.0,ARS,Saavedra,Ciudad Autónoma Buenos Aires
FIAT,Toro,2018,122000,17900.0,USD,Pilar,Buenos Aires (A.M.B.A.)
Peugeot,308,2018,150000,17900000.0,ARS,Pasco,Córdoba
Volkswagen,Fox,2012,115000,11700000.0,ARS,Lomas De Zamora,Buenos Aires (A.M.B.A.)
Foton,Aumark TM1 Cabina Simple,2021,108000,24800000.0,ARS,Ituzaingo,Buenos Aires (A.M.B.A.)
Chevrolet,Tracker,2024,31000,32000000.0,ARS,Caballito,Ciudad Autónoma Buenos Aires
Renault,Duster,2017,48500,21000000.0,ARS,Villa Gobernador Galvez,Santa Fe
Toyota,Corolla Cross,2021,29400,37000000.0,ARS,Caballito,Ciudad Autónoma Buenos Aires
Chevrolet,Agile,2011,72000,12100000.0,ARS,Recoleta,Ciudad Autónoma Buenos Aires
Nissan,Kicks,2019,150000,23500000.0,ARS,Quilmes,Buenos Aires (A.M.B.A.)
Renault,Stepway,2020,146000,18500000.0,ARS,Rosario,Santa Fe
Volkswagen,Amarok,2022,61000,31500000.0,ARS,Formosa,Formosa
Renault,Kangoo,2016,133000,16000000.0,ARS,Guaymallén,Mendoza
Citroën,C4 Cactus,2019,86000,12500000.0,ARS,Río Cuarto,Córdoba
Nissan,Frontier,2020,152500,30500000.0,ARS,Mendiolaza,Córdoba
Volkswagen,Gol Trend,2011,150000,7500.0,USD,Balvanera,Ciudad Autónoma Buenos Aires
Ford,Territory,2022,85000,23000.0,USD,La Plata,Buenos Aires
Volkswagen,Taos,2024,15000,7999999.0,ARS,Flores,Ciudad Autónoma Buenos Aires
Volkswagen,up!,2019,93000,13800.0,USD,Pilar,Buenos Aires (A.M.B.A.)
Peugeot,308,2021,37000,23000000.0,ARS,Flores,Ciudad Autónoma Buenos Aires
Toyota,Corolla Cross Hybrid,2024,59000,48000000.0,ARS,Córdoba,Córdoba
Chevrolet,Sonic,2016,124000,12500000.0,ARS,Villa Devoto,Ciudad Autónoma Buenos Aires
Peugeot,Partner Patagónica,2003,294000,5600000.0,ARS,Castelar,Buenos Aires (A.M.B.A.)
Ford,EcoSport,2018,170000,16400000.0,ARS,Benavidez,Buenos Aires (A.M.B.A.)
Ford,Fiesta Kinetic,2014,137600,9900.0,USD,Malvinas Argentinas,Buenos Aires (A.M.B.A.)
Ford,Ka,2018,75000,10500.0,USD,Córdoba,Córdoba
Mercedes,Sprinter,2015,254000,20000.0,USD,Ituzaingo,Buenos Aires (A.M.B.A.)
Peugeot,308,2013,143000,10500000.0,ARS,Córdoba,Córdoba
Citroën,C3 Aircross,2011,168450,8000.0,USD,Avellaneda,Buenos Aires (A.M.B.A.)
Toyota,Corolla,2026,1000,49990000.0,ARS,Flores,Ciudad Autónoma Buenos Aires
FIAT,Punto,2012,103000,11900000.0,ARS,Córdoba,Córdoba
Volkswagen,Taos,2024,17000,6999999.0,ARS,Flores,Ciudad Autónoma Buenos Aires
Toyota,Corolla,2017,66200,16000.0,USD,Almagro,Ciudad Autónoma Buenos Aires
Ford,Kuga,2012,164000,12500000.0,ARS,Córdoba,Córdoba
Ford,Ka,2017,86000,15500000.0,ARS,Avellaneda,Buenos Aires (A.M.B.A.)
Volkswagen,Amarok,2024,45000,48500000.0,ARS,Villaguay,Entre Ríos
Chevrolet,Onix,2016,118000,1400000.0,ARS,Córdoba,Córdoba
FIAT,Siena,2013,373382,8800000.0,ARS,Córdoba,Córdoba
BAIC,BJ30,2026,1,34000.0,USD,Colegiales,Ciudad Autónoma Buenos Aires
Volkswagen,Gol Trend,2014,67700,13500000.0,ARS,Parana,Entre Ríos
Chery,Tiggo 7 Pro Hybrid,2026,1,29500.0,USD,Colegiales,Ciudad Autónoma Buenos Aires
Renault,Stepway,2023,121300,22000000.0,ARS,Córdoba,Córdoba
Chevrolet,Tracker,2023,74952,27000000.0,ARS,Córdoba,Córdoba
Volkswagen,up!,2015,139000,14500000.0,ARS,Parana,Entre Ríos
Volkswagen,Nivus,2024,25000,3499999.0,ARS,Flores,Ciudad Autónoma Buenos Aires
Volkswagen,Suran,2012,138000,9900000.0,ARS,Parque Chacabuco,Ciudad Autónoma Buenos Aires
Volkswagen,Golf,2015,144200,22000000.0,ARS,Parana,Entre Ríos
Peugeot,208,2014,93000,11500000.0,ARS,Las Heras,Mendoza
Peugeot,408,2018,67000,15600000.0,ARS,Villa Devoto,Ciudad Autónoma Buenos Aires
Honda,HR-V,2017,120000,25000000.0,ARS,Parana,Entre Ríos
Citroën,C3,2019,63303,18900000.0,ARS,Córdoba,Córdoba
Ford,Ka,2019,50000,17900000.0,ARS,San Francisco,Córdoba
Toyota,Corolla,2015,106000,15500.0,USD,La Plata,Buenos Aires
Toyota,Etios Hatchback,2016,157000,10000.0,USD,Córdoba,Córdoba
Renault,Fluence,2016,116000,12500000.0,ARS,Monserrat,Ciudad Autónoma Buenos Aires
Volkswagen,Gol,2009,177000,7500000.0,ARS,Tigre,Buenos Aires (A.M.B.A.)
Volkswagen,Polo 5P,2024,7500,34000000.0,ARS,Tandil,Buenos Aires
Audi,A4,2013,131000,25000000.0,ARS,Posadas,Misiones
Peugeot,208,2020,29300,14500.0,USD,General Rodriguez,Buenos Aires (A.M.B.A.)
Volkswagen,Taos,2024,21500,4999999.0,ARS,Flores,Ciudad Autónoma Buenos Aires
Chevrolet,Cruze,2022,54000,29000000.0,ARS,Guaymallén,Mendoza
Foton,Aumark TM1 Cabina Doble,2022,40000,17000.0,USD,Ituzaingo,Buenos Aires (A.M.B.A.)
Volkswagen,up!,2018,87000,10300.0,USD,Parque Avellaneda,Ciudad Autónoma Buenos Aires
Toyota,Etios Sedán,2018,112000,17000000.0,ARS,Quilmes,Buenos Aires (A.M.B.A.)
Toyota,Corolla,2025,7000,29000.0,USD,Palermo,Ciudad Autónoma Buenos Aires
Zanella,Force Truck,2024,40000,13200.0,USD,Ituzaingo,Buenos Aires (A.M.B.A.)
FIAT,Strada,2024,20000,5000000.0,ARS,Flores,Ciudad Autónoma Buenos Aires
Peugeot,2008,2025,4000,12000000.0,ARS,Caballito,Ciudad Autónoma Buenos Aires
Mercedes,Sprinter Chasis,2014,160000,22500.0,USD,Ituzaingo,Buenos Aires (A.M.B.A.)
Chevrolet,Tracker,2024,60000,28800000.0,ARS,Córdoba,Córdoba
Citroën,C4 Lounge,2020,74000,22000000.0,ARS,San Francisco,Córdoba
Toyota,Hilux,2013,273000,24000000.0,ARS,San Rafael,Mendoza
Chevrolet,Celta,2011,160,7500000.0,ARS,Godoy Cruz,Mendoza
Suzuki,Swift,2009,158000,7000.0,USD,Garin,Buenos Aires (A.M.B.A.)
Volkswagen,Taos,2024,13500,4999999.0,ARS,Flores,Ciudad Autónoma Buenos Aires
Toyota,Corolla,2025,15300,46500000.0,ARS,Córdoba,Córdoba
Peugeot,308,2017,71300,18300000.0,ARS,Dorrego,Mendoza
Renault,Logan,2018,110000,16000000.0,ARS,Mendoza,Mendoza
Toyota,Etios Hatchback,2018,18500,17500.0,USD,Córdoba,Córdoba
Toyota,Corolla,2022,43353,26500.0,USD,La Plata,Buenos Aires
Chevrolet,Sonic,2016,123000,14500000.0,ARS,La Pala,Buenos Aires
FIAT,Cronos,2024,32018,25000000.0,ARS,Córdoba,Córdoba
Dodge,Journey,2013,132000,11900.0,USD,Saavedra,Ciudad Autónoma Buenos Aires
Ford,Focus,2010,158577,8500000.0,ARS,Córdoba,Córdoba
FIAT,Fastback Abarth,2024,25000,8000000.0,ARS,Flores,Ciudad Autónoma Buenos Aires
Volkswagen,Vento,2016,35500,17500.0,USD,Flores,Ciudad Autónoma Buenos Aires
Jeep,Compass,2019,91500,20000.0,USD,La Plata,Buenos Aires
Peugeot,208,2019,73000,7000000.0,ARS,Caballito,Ciudad Autónoma Buenos Aires
Volkswagen,Gol Trend,2022,50000,2999999.0,ARS,Flores,Ciudad Autónoma Buenos Aires
Volkswagen,Suran,2014,125000,13200000.0,ARS,La Plata,Buenos Aires
Renault,Sandero,2020,96411,19500000.0,ARS,Córdoba,Córdoba
Suzuki,Fun,2008,155000,6500000.0,ARS,Lanus,Buenos Aires (A.M.B.A.)
Volkswagen,Golf,2016,80000,17500.0,USD,Villa Lugano,Ciudad Autónoma Buenos Aires
FIAT,Palio Weekend,2014,245000,13000000.0,ARS,Casilda,Santa Fe
Citroën,C4,2009,177544,5300.0,USD,San Isidro,Buenos Aires (A.M.B.A.)
Volkswagen,Polo 5P,2024,20000,3999999.0,ARS,Flores,Ciudad Autónoma Buenos Aires
Renault,Logan,2018,79700,15000000.0,ARS,San Vicente,Buenos Aires
BAIC,BJ30,2026,1,31000.0,USD,Colegiales,Ciudad Autónoma Buenos Aires
Toyota,Hilux,2022,62300,33500.0,USD,Temperley,Buenos Aires (A.M.B.A.)
Ford,Transit Chasis,2014,120000,30700000.0,ARS,Ituzaingo,Buenos Aires (A.M.B.A.)
Peugeot,207 Compact Sedán,2012,156300,6680.0,USD,Temperley,Buenos Aires (A.M.B.A.)
Ford,Escort,1994,159800,4500000.0,ARS,San Martin,Buenos Aires (A.M.B.A.)
Ford,EcoSport,2010,296000,5900.0,USD,Escobar,Buenos Aires (A.M.B.A.)
RAM,1500,2024,45800,59900.0,USD,Guillermo Hudson,Buenos Aires (A.M.B.A.)
Ford,Bronco Sport,2025,26300,52900000.0,ARS,Villa Santa Rita,Ciudad Autónoma Buenos Aires
Renault,Logan,2017,107000,8500000.0,ARS,Río Cuarto,Córdoba
Ford,Fiesta Kinetic,2016,42000,11500.0,USD,Recoleta,Ciudad Autónoma Buenos Aires
Volkswagen,Gol Trend,2020,90000,17500000.0,ARS,La Tablada,Buenos Aires (A.M.B.A.)
Citroën,Berlingo Multispace,2000,278000,6500000.0,ARS,Ciudad De San Martin,Mendoza
Toyota,Etios Sedán,2015,138355,11500000.0,ARS,Vicente Lopez,Buenos Aires (A.M.B.A.)
Chevrolet,Apache,1960,6000,14000.0,USD,San Martin,Buenos Aires (A.M.B.A.)
Chevrolet,Agile,2015,152000,11900000.0,ARS,Villa Devoto,Ciudad Autónoma Buenos Aires
Volkswagen,Saveiro,2015,79000,16000000.0,ARS,San Justo,Buenos Aires (A.M.B.A.)
Toyota,Corolla,2017,105000,25000000.0,ARS,Belgrano,Ciudad Autónoma Buenos Aires
Nissan,Versa,2018,135500,11200.0,USD,La Plata,Buenos Aires
FIAT,Pulse Abarth,2024,17000,5000000.0,ARS,Flores,Ciudad Autónoma Buenos Aires
Volkswagen,Polo 5P,2024,14500,4999999.0,ARS,Flores,Ciudad Autónoma Buenos Aires
Volkswagen,Polo 5P,2024,12000,4999999.0,ARS,Flores,Ciudad Autónoma Buenos Aires
Citroën,C3 Aircross,2017,95000,16900000.0,ARS,Wilde,Buenos Aires (A.M.B.A.)
Ford,Fiesta,2013,114000,10500.0,USD,Isidro Casanova,Buenos Aires (A.M.B.A.)
Ford,Fiesta,1997,235000,4700000.0,ARS,Esperanza,Santa Fe
Chevrolet,Corsa Classic,2008,191000,7000000.0,ARS,Flores,Ciudad Autónoma Buenos Aires
Renault,Alaskan,2022,78253,32000000.0,ARS,Córdoba,Córdoba
Chevrolet,Agile,2013,123559,11300000.0,ARS,Vicente Lopez,Buenos Aires (A.M.B.A.)
Citroën,C3 Aircross,2015,121000,14000000.0,ARS,Las Heras,Mendoza
FIAT,Strada,2024,20000,6000000.0,ARS,Flores,Ciudad Autónoma Buenos Aires
Renault,Fluence,2011,92500,11900000.0,ARS,Santa Fe,Santa Fe
Citroën,Berlingo Furgón,2021,200000,18000000.0,ARS,Campana,Buenos Aires
Peugeot,206,2006,246000,7000000.0,ARS,Ramos Mejia,Buenos Aires (A.M.B.A.)
FIAT,Siena,2011,185000,9000000.0,ARS,Isidro Casanova,Buenos Aires (A.M.B.A.)
Volkswagen,Nivus,2024,19999,3999999.0,ARS,Flores,Ciudad Autónoma Buenos Aires
Ford,Ranger Raptor,2025,2550,69000.0,USD,Balvanera,Ciudad Autónoma Buenos Aires
Volkswagen,Gol Country,2008,195700,7500000.0,ARS,La Plata,Buenos Aires
Mercedes,Vito,2023,90000,33500.0,USD,Chacras de Coria,Mendoza
Volkswagen,Passat,2014,153000,15000000.0,ARS,Neuquén,Neuquén
Jeep,Compass,2017,98000,28000000.0,ARS,Moron,Buenos Aires (A.M.B.A.)
Volkswagen,Nivus,2024,20000,2999999.0,ARS,Flores,Ciudad Autónoma Buenos Aires
Ford,Mondeo,2016,150000,26000000.0,ARS,Florencio Varela,Buenos Aires (A.M.B.A.)
Chevrolet,Tracker,2017,122000,21800000.0,ARS,Necochea,Buenos Aires
Chevrolet,Tracker,2018,119500,14000.0,USD,Córdoba,Córdoba
Mitsubishi,L200,2015,260000,25000000.0,ARS,Lules,Tucumán
FIAT,Strada,2024,140000,4999999.0,ARS,Flores,Ciudad Autónoma Buenos Aires
Toyota,SW4,2025,16000,59000.0,USD,Necochea,Buenos Aires
Renault,Kangoo,2017,135000,12000000.0,ARS,Quilmes Oeste,Buenos Aires (A.M.B.A.)
Peugeot,208,2024,15000,2999999.0,ARS,Flores,Ciudad Autónoma Buenos Aires
Mercedes,Clase GLB,2025,21000,56000.0,USD,Flores,Ciudad Autónoma Buenos Aires
FIAT,Palio Weekend,2006,101000,9000000.0,ARS,Wilde,Buenos Aires (A.M.B.A.)
Volkswagen,Polo 5P,2019,66000,19000000.0,ARS,Salta,Salta
Chevrolet,Cruze,2022,170000,20400000.0,ARS,Villa Carlos Paz,Córdoba
Peugeot,208,2021,41000,6500000.0,ARS,Cabildo,Buenos Aires
Volkswagen,Polo 5P,2024,47200,15500.0,USD,San Isidro,Buenos Aires (A.M.B.A.)
FIAT,Strada,2021,91000,26000000.0,ARS,Alta Gracia,Córdoba
FIAT,Fastback Abarth,2024,17500,3579999.0,ARS,Flores,Ciudad Autónoma Buenos Aires
FIAT,Fastback,2024,22500,6999999.0,ARS,Flores,Ciudad Autónoma Buenos Aires
Renault,Alaskan,2022,92500,31300000.0,ARS,El Challao,Mendoza
Toyota,Corolla,2015,368000,16500000.0,ARS,Lujan de Cuyo,Mendoza
Nissan,Note,2018,124000,16500000.0,ARS,La Pala,Buenos Aires
Jeep,Renegade,2019,59000,20000000.0,ARS,Yerba Buena - Marcos Paz,Tucumán
Peugeot,207 Compact,2010,110000,9400000.0,ARS,Wilde,Buenos Aires (A.M.B.A.)
Volkswagen,Polo,2019,75500,19000000.0,ARS,Mendoza,Mendoza
Ford,EcoSport,2009,256000,8200000.0,ARS,Sierra Grande,Río Negro
Toyota,Hilux,2021,36700,53000000.0,ARS,Salta,Salta
Volkswagen,Vento,2018,30000,27900000.0,ARS,Puerto Madero,Ciudad Autónoma Buenos Aires
Citroën,C4 Cactus,2019,149000,18990000.0,ARS,Flores,Ciudad Autónoma Buenos Aires
Ford,Ka,2020,52300,18000000.0,ARS,San Miguel de Tucumán,Tucumán
Chevrolet,Agile,2012,90000,11500000.0,ARS,Flores,Ciudad Autónoma Buenos Aires
Chevrolet,Cruze,2016,138000,17500000.0,ARS,La Plata,Buenos Aires
Ford,Fiesta,2004,225000,5800000.0,ARS,Las Heras,Mendoza
Citroën,C3 Aircross,2017,80000,17890000.0,ARS,La Tablada,Buenos Aires (A.M.B.A.)
Honda,HR-V,2018,96000,28900000.0,ARS,Puerto Madero,Ciudad Autónoma Buenos Aires
Peugeot,308,2016,135000,12500000.0,ARS,Colonia Avellaneda,Entre Ríos
FIAT,Pulse,2024,44857,33500000.0,ARS,San Luis,San Luis
Volkswagen,Amarok,2013,210000,26500000.0,ARS,Wilde,Buenos Aires (A.M.B.A.)
Chevrolet,Cruze RS,2023,33000,32000000.0,ARS,Salta,Salta
Renault,Duster,2018,189000,19900000.0,ARS,Malagueño,Córdoba
Volkswagen,Amarok,2024,23000,3499999.0,ARS,Flores,Ciudad Autónoma Buenos Aires
Ford,Focus,2011,155000,10000000.0,ARS,Corrientes,Corrientes
FIAT,Argo,2018,89000,17900000.0,ARS,San Francisco,Córdoba
Toyota,Corolla,1998,250000,7500000.0,ARS,Belgrano,Ciudad Autónoma Buenos Aires
Nissan,Frontier,2021,40000,37500000.0,ARS,Villa Urquiza,Ciudad Autónoma Buenos Aires
Renault,Sandero,2017,75000,17500000.0,ARS,San Luis,San Luis
Volkswagen,up!,2016,86200,14500000.0,ARS,Lujan de Cuyo,Mendoza
Volkswagen,Amarok,2024,22500,6509999.0,ARS,Flores,Ciudad Autónoma Buenos Aires
KIA,Sportage,2013,163000,13500.0,USD,Belgrano,Ciudad Autónoma Buenos Aires
Volkswagen,Voyage,2016,150000,14800000.0,ARS,Mayor Drummond,Mendoza
Peugeot,207 Compact,2011,166000,7500000.0,ARS,El Talar,Buenos Aires (A.M.B.A.)
MINI,Cooper,2004,95000,2000000.0,ARS,Barra Concepcion,Misiones
FIAT,Cronos,2022,70000,1950000.0,ARS,Córdoba,Córdoba
Chevrolet,Onix,2020,132000,17500000.0,ARS,Escobar,Buenos Aires (A.M.B.A.)
Chevrolet,S 10,2018,266000,25000000.0,ARS,Salta,Salta
Peugeot,2008,2024,17000,4999999.0,ARS,Flores,Ciudad Autónoma Buenos Aires
Toyota,Etios Hatchback,2022,87000,21500000.0,ARS,Rosario,Santa Fe
FIAT,Strada,2024,14500,4999999.0,ARS,Flores,Ciudad Autónoma Buenos Aires
FIAT,500,2011,116000,10800.0,USD,Villa Urquiza,Ciudad Autónoma Buenos Aires
Citroën,C4 Cactus,2021,80500,19700000.0,ARS,Rosario,Santa Fe
Citroën,C4,2018,140121,16500000.0,ARS,Escobar,Buenos Aires (A.M.B.A.)
Chevrolet,Spin,2019,100000,19200000.0,ARS,Corrientes,Corrientes
Volkswagen,Amarok,2015,175000,17200.0,USD,Benavidez,Buenos Aires (A.M.B.A.)
Renault,Kangoo Express,2021,73000,21000000.0,ARS,Escobar,Buenos Aires (A.M.B.A.)
Peugeot,208,2021,38000,7200000.0,ARS,Caballito,Ciudad Autónoma Buenos Aires
Peugeot,Expert,2026,1,49108800.0,ARS,Colegiales,Ciudad Autónoma Buenos Aires
Volkswagen,Amarok,2024,23500,5999999.0,ARS,Flores,Ciudad Autónoma Buenos Aires
Volkswagen,Nivus,2024,25000,3999999.0,ARS,Flores,Ciudad Autónoma Buenos Aires
Toyota,SW4,2009,360000,20500.0,USD,San Luis,San Luis
Ford,Focus,2014,160000,14000000.0,ARS,Junin,Mendoza
FIAT,Argo,2025,23000,24890000.0,ARS,La Tablada,Buenos Aires (A.M.B.A.)
FIAT,Cronos,2019,138000,1650000.0,ARS,Córdoba,Córdoba
Chevrolet,Corsa Wagon,2007,230000,6200000.0,ARS,Villa Tulumaya,Mendoza
Peugeot,408,2013,89000,11200000.0,ARS,Ciudadela,Buenos Aires (A.M.B.A.)
Ford,Focus,2017,83500,16500000.0,ARS,San Miguel de Tucumán,Tucumán
Citroën,C3,2013,108000,14500000.0,ARS,La Tablada,Buenos Aires (A.M.B.A.)
Renault,Duster,2021,56000,27500000.0,ARS,Claypole,Buenos Aires (A.M.B.A.)
Nissan,Frontier,2023,150,39000000.0,ARS,Carlos Casares,Buenos Aires
Volkswagen,Fox,2010,163000,11000000.0,ARS,Puerto Tirol,Chaco
Volkswagen,Gol Trend,2022,75000,4999999.0,ARS,Flores,Ciudad Autónoma Buenos Aires
Volkswagen,Amarok,2024,15000,6999999.0,ARS,Flores,Ciudad Autónoma Buenos Aires
Toyota,RAV4,2019,138000,27500.0,USD,Caballito,Ciudad Autónoma Buenos Aires
Citroën,C4 Lounge,2017,195000,14000000.0,ARS,Tandil,Buenos Aires
Ford,Fiesta,2016,170000,8500.0,USD,20 de Junio,Buenos Aires (A.M.B.A.)
Peugeot,3008 SUV,2026,1,62706000.0,ARS,Colegiales,Ciudad Autónoma Buenos Aires
FIAT,Fastback,2025,10800,24500000.0,ARS,Villa Luro,Ciudad Autónoma Buenos Aires
Honda,HR-V,2019,80000,23000.0,USD,Bahía Blanca,Buenos Aires
FIAT,Fastback,2024,20000,7000000.0,ARS,Flores,Ciudad Autónoma Buenos Aires
Peugeot,208,2023,15000,24000000.0,ARS,Villa Lugano,Ciudad Autónoma Buenos Aires
Peugeot,2008,2024,15000,5999999.0,ARS,Flores,Ciudad Autónoma Buenos Aires
Citroën,C3 Picasso,2012,58000,13000000.0,ARS,Parque Patricios,Ciudad Autónoma Buenos Aires
Chevrolet,Agile,2015,145000,10500000.0,ARS,Alderetes,Tucumán
Chevrolet,Prisma,2018,58400,13000000.0,ARS,Capilla del Monte,Córdoba
Chevrolet,Agile,2013,155000,7000000.0,ARS,Río Cuarto,Córdoba
Peugeot,207 Compact Sedán,2011,88000,11000000.0,ARS,La Paternal,Ciudad Autónoma Buenos Aires
Nissan,Versa,2017,44000,16500000.0,ARS,Colonia Avellaneda,Entre Ríos
Peugeot,Partner,2024,20000,6000000.0,ARS,Flores,Ciudad Autónoma Buenos Aires
Toyota,Etios Sedán,2023,32000,24500000.0,ARS,Luzuriaga,Mendoza
Ford,Focus,2016,34500,24490000.0,ARS,El Challao,Mendoza
Volkswagen,Taos,2024,20000,7499999.0,ARS,Flores,Ciudad Autónoma Buenos Aires
Chevrolet,Tracker,2016,97500,17900000.0,ARS,Villa Devoto,Ciudad Autónoma Buenos Aires
Dodge,Journey,2010,150000,15000000.0,ARS,Córdoba,Córdoba
Citroën,C3,2025,14400,6500.0,USD,Liniers,Ciudad Autónoma Buenos Aires
Volkswagen,up!,2015,140000,15200000.0,ARS,Berazategui,Buenos Aires (A.M.B.A.)
FIAT,Siena,2016,91100,12900000.0,ARS,Córdoba,Córdoba
Volkswagen,Polo 5P,2024,25600,2999999.0,ARS,Flores,Ciudad Autónoma Buenos Aires
Ford,Ka Freestyle,2020,35000,14000.0,USD,Haedo,Buenos Aires (A.M.B.A.)
Renault,Sandero Stepway,2015,93500,16150001.0,ARS,San Francisco,Córdoba
Volkswagen,Gol,2009,54000,3800.0,USD,San Martin,Buenos Aires (A.M.B.A.)
Volkswagen,Gol,2010,140000,8300000.0,ARS,Constitución,Ciudad Autónoma Buenos Aires
Volkswagen,Nivus,2024,20000,4999999.0,ARS,Flores,Ciudad Autónoma Buenos Aires
Chevrolet,Classic,2010,104000,9500000.0,ARS,Caballito,Ciudad Autónoma Buenos Aires
Toyota,Etios Sedán,2019,84691,19500000.0,ARS,Escobar,Buenos Aires (A.M.B.A.)
Ford,Maverick,2025,10600,46000000.0,ARS,Villa Lugano,Ciudad Autónoma Buenos Aires
Chevrolet,Equinox,2024,42500,40000000.0,ARS,Villa Constitución,Santa Fe
Honda,Civic,1999,300000,6500000.0,ARS,Rodeo De La Cruz,Mendoza
Citroën,C4 Lounge,2018,129000,15400000.0,ARS,Rosario,Santa Fe
Peugeot,208,2024,22500,3999999.0,ARS,Flores,Ciudad Autónoma Buenos Aires
Foton,Aumark TM1 Cabina Simple,2025,4400,32000000.0,ARS,Córdoba,Córdoba
MINI,Cooper Countryman,2013,49000,19500.0,USD,Mataderos,Ciudad Autónoma Buenos Aires
Peugeot,2008,2024,18000,7999999.0,ARS,Flores,Ciudad Autónoma Buenos Aires
Volkswagen,up!,2015,78000,9500.0,USD,Tigre,Buenos Aires (A.M.B.A.)
Peugeot,208,2024,17000,3000000.0,ARS,Flores,Ciudad Autónoma Buenos Aires
Renault,Duster,2018,150000,21600000.0,ARS,Florencio Varela,Buenos Aires (A.M.B.A.)
Toyota,Etios Sedán,2023,67100,26000000.0,ARS,Parana,Entre Ríos
FIAT,Cronos,2023,33500,24000000.0,ARS,Nuñez,Ciudad Autónoma Buenos Aires
Citroën,C3,2014,153000,13500000.0,ARS,Lanus,Buenos Aires (A.M.B.A.)
Chevrolet,Captiva,2013,166600,17000000.0,ARS,Santa Fe,Santa Fe
Peugeot,208,2022,97000,23000000.0,ARS,La Plata,Buenos Aires
Mercedes,Viano,2015,240000,28000.0,USD,Belgrano,Ciudad Autónoma Buenos Aires
FIAT,147,1993,300000,3500000.0,ARS,General Rodriguez,Buenos Aires
Volkswagen,Polo 5P,2023,17500,5000000.0,ARS,Flores,Ciudad Autónoma Buenos Aires
Chevrolet,Classic Wagon,2005,250000,8500000.0,ARS,Godoy Cruz,Mendoza
Ford,EcoSport,2022,27000,26000000.0,ARS,La Plata,Buenos Aires
Peugeot,308,2019,60000,18500000.0,ARS,Boca,Ciudad Autónoma Buenos Aires
Ford,EcoSport,2014,98000,16500000.0,ARS,Florencio Varela,Buenos Aires (A.M.B.A.)
BMW,X4,2019,82000,39500.0,USD,Villa Mercedes,San Luis
Volkswagen,Polo 5P,2023,45000,6999999.0,ARS,Flores,Ciudad Autónoma Buenos Aires
Peugeot,208,2024,17500,4499999.0,ARS,Flores,Ciudad Autónoma Buenos Aires
Volkswagen,Amarok,2024,25000,7499999.0,ARS,Flores,Ciudad Autónoma Buenos Aires
Peugeot,308,2022,64300,25000000.0,ARS,Concordia,Entre Ríos
FIAT,Fiorino,2024,20000,5000000.0,ARS,Flores,Ciudad Autónoma Buenos Aires
Peugeot,208,2021,64000,10700000.0,ARS,Caballito,Ciudad Autónoma Buenos Aires
Ford,Ranger,2015,129000,29000000.0,ARS,Bahía Blanca,Buenos Aires
Peugeot,208,2024,32000,11000000.0,ARS,Río Cuarto,Córdoba
Volkswagen,Amarok,2024,17500,15000000.0,ARS,Flores,Ciudad Autónoma Buenos Aires
Audi,A3 Sportback,2020,157000,22000.0,USD,San Fernando,Buenos Aires (A.M.B.A.)
FIAT,Toro,2023,94000,23000.0,USD,Cañuelas,Buenos Aires
Volkswagen,Nivus,2021,121200,30000000.0,ARS,Parana,Entre Ríos
Peugeot,3008 SUV,2020,38750,33500.0,USD,General Rodriguez,Buenos Aires (A.M.B.A.)
FIAT,Fastback Abarth,2024,20000,2999999.0,ARS,Flores,Ciudad Autónoma Buenos Aires
Toyota,Prius,2018,111000,16800.0,USD,Palermo,Ciudad Autónoma Buenos Aires
Volkswagen,Golf,2016,80000,14500.0,USD,Lujan de Cuyo,Mendoza
Renault,Sandero,2018,82000,10500.0,USD,Las Heras,Mendoza
Citroën,Xsara Picasso,2005,200000,6400000.0,ARS,Rosario,Santa Fe
Chery,QQ,2011,113500,7900000.0,ARS,Santa Fe,Santa Fe
Renault,Logan,2017,184000,13500000.0,ARS,Córdoba,Córdoba
Volkswagen,Taos,2024,15000,5999999.0,ARS,Flores,Ciudad Autónoma Buenos Aires
Peugeot,208,2024,21000,3399999.0,ARS,Flores,Ciudad Autónoma Buenos Aires
Audi,Q7,2017,140000,44500.0,USD,Villa Urquiza,Ciudad Autónoma Buenos Aires
Nissan,Versa,2021,120000,23000000.0,ARS,Anguinán,La Rioja
Renault,Stepway,2024,24000,24500000.0,ARS,Lanus,Buenos Aires (A.M.B.A.)
Volkswagen,Polo 5P,2024,11500,1999999.0,ARS,Flores,Ciudad Autónoma Buenos Aires
Ford,Ka,2012,185000,6500000.0,ARS,Villa Allende,Córdoba
Nissan,Versa,2019,145300,16200000.0,ARS,Córdoba,Córdoba
Toyota,Corolla Cross Hybrid,2022,43000,26900.0,USD,Almagro,Ciudad Autónoma Buenos Aires
Peugeot,208,2016,114000,11900.0,USD,Palermo,Ciudad Autónoma Buenos Aires
Peugeot,208,2024,15000,6000000.0,ARS,Flores,Ciudad Autónoma Buenos Aires
Peugeot,208,2019,62000,7500000.0,ARS,Caballito,Ciudad Autónoma Buenos Aires
Foton,V9,2026,100,76000000.0,ARS,Córdoba,Córdoba
Renault,Kangoo,2024,30000,20500.0,USD,Rosario,Santa Fe
Peugeot,308,2019,55000,25000000.0,ARS,Barracas,Ciudad Autónoma Buenos Aires
Nissan,Kicks,2021,71500,33000000.0,ARS,Parana,Entre Ríos
Ford,Ranger,2012,270000,17500000.0,ARS,Rosario,Santa Fe
Renault,Duster,2013,190000,12000000.0,ARS,Almagro,Ciudad Autónoma Buenos Aires
Nissan,Versa,2015,155000,1490000.0,ARS,Posadas,Misiones
Renault,Clio Mío,2015,88000,13500000.0,ARS,Lanus,Buenos Aires (A.M.B.A.)
Toyota,Yaris,2020,550000,27400000.0,ARS,Villa Santa Rita,Ciudad Autónoma Buenos Aires
Volkswagen,Polo 5P,2024,13500,2999999.0,ARS,Flores,Ciudad Autónoma Buenos Aires
Jeep,Renegade,2022,33400,27500000.0,ARS,Parana,Entre Ríos
Peugeot,307,2006,109000,6300.0,USD,Caballito,Ciudad Autónoma Buenos Aires
FIAT,Grand Siena,2014,146500,11900000.0,ARS,Córdoba,Córdoba
Renault,Sandero Stepway,2009,144000,6900.0,USD,San Martin,Buenos Aires (A.M.B.A.)
Ford,Ka,2016,71000,12500000.0,ARS,Córdoba,Córdoba
Peugeot,308,2021,76000,22000000.0,ARS,Villa Maria,Córdoba
Ford,Ranger,2024,40000,51990000.0,ARS,Posadas,Misiones
Citroën,C3,2023,40000,205000000.0,ARS,Colegiales,Ciudad Autónoma Buenos Aires
Volkswagen,Polo 5P,2024,17500,2700000.0,ARS,Flores,Ciudad Autónoma Buenos Aires
Volkswagen,Amarok,2024,33000,7000000.0,ARS,Flores,Ciudad Autónoma Buenos Aires
Peugeot,207,2010,54000,9300000.0,ARS,Vicente Lopez,Buenos Aires (A.M.B.A.)
Volkswagen,Gol Trend,2013,138000,11900000.0,ARS,Córdoba,Córdoba
Volkswagen,Polo 5P,2024,14000,3499999.0,ARS,Flores,Ciudad Autónoma Buenos Aires
Volkswagen,Amarok,2016,258000,21500000.0,ARS,La Plata,Buenos Aires
Renault,Clio Mío,2015,147000,11800000.0,ARS,Rosario,Santa Fe
Peugeot,208,2023,22000,7500000.0,ARS,Caballito,Ciudad Autónoma Buenos Aires
Nissan,Note,2017,94890,13500.0,USD,Escobar,Buenos Aires (A.M.B.A.)
FIAT,Fastback,2024,22000,4999999.0,ARS,Flores,Ciudad Autónoma Buenos Aires
Volkswagen,Gol Trend,2016,108000,15000000.0,ARS,Salta,Salta
FIAT,Toro,2016,167000,17900000.0,ARS,Córdoba,Córdoba
KIA,Rio,2021,92614,18000.0,USD,Escobar,Buenos Aires (A.M.B.A.)
Toyota,Corolla,2021,125000,23500.0,USD,Villa Urquiza,Ciudad Autónoma Buenos Aires
Toyota,SW4,2018,165000,46900000.0,ARS,Corrientes,Corrientes
Chevrolet,Aveo,2011,180000,9500000.0,ARS,Ayacucho,Buenos Aires
Volkswagen,Amarok,2024,20000,10000000.0,ARS,Flores,Ciudad Autónoma Buenos Aires
FIAT,Palio Fire,2016,58000,11500000.0,ARS,Neuquén,Neuquén
Audi,A5 Sportback,2013,203700,18700.0,USD,Concordia,Entre Ríos
Ford,Focus,2016,170000,15300000.0,ARS,Córdoba,Córdoba
Ford,F-100,1984,100000,8500000.0,ARS,Comandante Otamendi,Buenos Aires
Peugeot,308 CC,2017,154357,15000000.0,ARS,Córdoba,Córdoba
Ford,Ka,2019,120529,19000000.0,ARS,Escobar,Buenos Aires (A.M.B.A.)
Volkswagen,Gol Trend,2017,145000,14500000.0,ARS,San Luis,San Luis
Chevrolet,Onix,2018,64000,17500000.0,ARS,Villa Carlos Paz,Córdoba
Citroën,C4 Lounge,2016,110000,14800000.0,ARS,San Martin,Buenos Aires (A.M.B.A.)
Ford,Kuga,2013,138000,12800.0,USD,La Plata,Buenos Aires
FIAT,Fastback Abarth,2024,15000,5000000.0,ARS,Flores,Ciudad Autónoma Buenos Aires
Peugeot,2008,2021,38000,12500000.0,ARS,Caballito,Ciudad Autónoma Buenos Aires
Citroën,C4,2013,177000,9300000.0,ARS,Vicente Lopez,Buenos Aires (A.M.B.A.)
Nissan,Sentra,2019,59000,16500.0,USD,Córdoba,Córdoba
Ford,Territory,2023,57900,39000000.0,ARS,La Plata,Buenos Aires
Peugeot,208,2021,38000,11000000.0,ARS,Caballito,Ciudad Autónoma Buenos Aires
Ford,Focus Exe,2012,181000,12000000.0,ARS,San Antonio De Padua,Buenos Aires (A.M.B.A.)
Jeep,Compass,2023,40000,41000000.0,ARS,Escobar,Buenos Aires (A.M.B.A.)
Peugeot,206,2003,180000,5000.0,USD,Parque Chacabuco,Ciudad Autónoma Buenos Aires
Renault,Logan,2023,80000,19350000.0,ARS,Mendoza,Mendoza
Ford,Ka,2012,240000,10500000.0,ARS,Escobar,Buenos Aires (A.M.B.A.)
Peugeot,208,2019,58700,6000000.0,ARS,Caballito,Ciudad Autónoma Buenos Aires
FIAT,Cronos,2021,35000,8200000.0,ARS,Caballito,Ciudad Autónoma Buenos Aires
Audi,TT Coupé,2010,131000,22900.0,USD,Flores,Ciudad Autónoma Buenos Aires
Volkswagen,Amarok,2024,40000,12499999.0,ARS,Flores,Ciudad Autónoma Buenos Aires
Ford,Focus Sedán,2016,78000,19000000.0,ARS,Gálvez,Santa Fe
Peugeot,208,2024,20000,2999999.0,ARS,Flores,Ciudad Autónoma Buenos Aires
FIAT,Strada,2024,50000,5000000.0,ARS,Flores,Ciudad Autónoma Buenos Aires
FIAT,Fiorino,2024,40000,3000000.0,ARS,Flores,Ciudad Autónoma Buenos Aires
Ford,Ka,2017,74850,14900000.0,ARS,San Martin,Buenos Aires (A.M.B.A.)
Volkswagen,Virtus,2018,107000,21000000.0,ARS,Escobar,Buenos Aires (A.M.B.A.)
Volkswagen,Amarok,2024,18000,7000000.0,ARS,Flores,Ciudad Autónoma Buenos Aires
Ford,Ka,2018,112000,13500000.0,ARS,Córdoba,Córdoba
Renault,Kangoo,2005,290000,5500000.0,ARS,San Justo,Buenos Aires (A.M.B.A.)
Ford,EcoSport,2020,110000,19000000.0,ARS,Córdoba,Córdoba
Jeep,Renegade,2018,116000,22800000.0,ARS,Necochea,Buenos Aires
Citroën,C3,2016,144203,17500000.0,ARS,Escobar,Buenos Aires (A.M.B.A.)
Volkswagen,Polo 5P,2023,30000,7000000.0,ARS,Flores,Ciudad Autónoma Buenos Aires
Volkswagen,Polo 5P,2024,17500,4999999.0,ARS,Flores,Ciudad Autónoma Buenos Aires
FIAT,Toro,2016,214000,19500000.0,ARS,Vicente Lopez,Buenos Aires (A.M.B.A.)
Volkswagen,Voyage,2013,118200,12800000.0,ARS,Tandil,Buenos Aires
Ford,Ranger,2014,199000,15000000.0,ARS,Río Cuarto,Córdoba
KIA,Picanto,2010,125,10000000.0,ARS,Esther,Santa Fe
Chevrolet,Agile,2017,52000,12900000.0,ARS,Flores,Ciudad Autónoma Buenos Aires
Peugeot,208,2022,38000,8500000.0,ARS,Caballito,Ciudad Autónoma Buenos Aires
Citroën,Jumper,2018,289000,42500000.0,ARS,Escobar,Buenos Aires (A.M.B.A.)
Audi,A5 Coupé,2012,63000,29900000.0,ARS,Yerba Buena - Marcos Paz,Tucumán
Chevrolet,Spin,2017,159500,15000000.0,ARS,La Plata,Buenos Aires
FIAT,Idea,2013,138000,8900000.0,ARS,Córdoba,Córdoba
Ford,Kuga,2017,90000,26900000.0,ARS,Córdoba,Córdoba
Peugeot,308 CC,2016,125000,12000.0,USD,La Plata,Buenos Aires
FIAT,Uno,2013,199000,9500000.0,ARS,Córdoba,Córdoba
Ford,Fiesta Kinetic,2017,129200,14000000.0,ARS,Monserrat,Ciudad Autónoma Buenos Aires
Renault,Laguna,1997,360000,4000000.0,ARS,San Martin,Buenos Aires (A.M.B.A.)
Ford,Ka,2017,30000,15500000.0,ARS,Neuquén,Neuquén
Renault,Logan,2023,91000,17600000.0,ARS,Mendoza,Mendoza
Hyundai,Tucson,2007,202000,10900000.0,ARS,Córdoba,Córdoba
Citroën,C3,2014,137000,12000000.0,ARS,Tandil,Buenos Aires
Ford,EcoSport,2014,126600,15200000.0,ARS,Cosquín,Córdoba
Volkswagen,Polo 5P,2024,20000,5000000.0,ARS,Flores,Ciudad Autónoma Buenos Aires
Chevrolet,Corsa,2003,230000,4000000.0,ARS,Arroyo Seco,Santa Fe
Peugeot,Partner Patagónica,2012,143000,14300000.0,ARS,Las Heras,Mendoza
Peugeot,408,2012,117000,11000000.0,ARS,Caballito,Ciudad Autónoma Buenos Aires
Volkswagen,Polo 5P,2024,19200,2299999.0,ARS,Flores,Ciudad Autónoma Buenos Aires
Ford,Ka,2010,175000,7000000.0,ARS,Córdoba,Córdoba
Chevrolet,S 10,2020,86000,46000000.0,ARS,Córdoba,Córdoba
Peugeot,208,2026,1,34600000.0,ARS,Colegiales,Ciudad Autónoma Buenos Aires
Peugeot,208,2023,28000,28000000.0,ARS,Caballito,Ciudad Autónoma Buenos Aires
Chevrolet,Captiva,2015,166000,8500.0,USD,Recoleta,Ciudad Autónoma Buenos Aires
Volkswagen,Polo 5P,2026,1,29850000.0,ARS,Posadas,Misiones
Ford,Focus Sedán,2016,176500,18200000.0,ARS,Rosario,Santa Fe
Toyota,Corolla Cross,2022,79000,42000000.0,ARS,Córdoba,Córdoba
Ford,EcoSport,2008,158700,11000000.0,ARS,Avellaneda,Buenos Aires (A.M.B.A.)
Toyota,Prius,2018,166000,23000000.0,ARS,Yerba Buena - Marcos Paz,Tucumán
Volkswagen,Polo 5P,2024,15500,5000000.0,ARS,Flores,Ciudad Autónoma Buenos Aires
Lifan,X70,2019,82000,19500.0,USD,Campana,Buenos Aires
FIAT,Uno,2013,102000,11900000.0,ARS,Bahía Blanca,Buenos Aires
JAC,S3,2019,87000,11000.0,USD,Almagro,Ciudad Autónoma Buenos Aires
Chevrolet,Onix Plus,2025,21000,27500000.0,ARS,Loma Hermosa,Buenos Aires (A.M.B.A.)
Nissan,Frontier,2023,47300,45500000.0,ARS,Parana,Entre Ríos
Toyota,Yaris Sedán,2020,32000,25500000.0,ARS,Santa Fe,Santa Fe
FIAT,Palio,2010,182000,8900000.0,ARS,Córdoba,Córdoba
Citroën,C3,2017,119000,12900000.0,ARS,Córdoba,Córdoba
Nissan,Kicks,2019,77000,22500000.0,ARS,Castelar,Buenos Aires (A.M.B.A.)
Toyota,Etios Hatchback,2022,50500,26000000.0,ARS,San Lorenzo,Santa Fe
FIAT,500,2014,109000,14500000.0,ARS,Rosario,Santa Fe
FIAT,Bravo,2013,135000,10900000.0,ARS,Córdoba,Córdoba
Peugeot,208,2024,17000,40000000.0,ARS,Flores,Ciudad Autónoma Buenos Aires
Chevrolet,Cruze,2018,108000,20500000.0,ARS,Tunuyan,Mendoza
Peugeot,208,2024,13500,4999999.0,ARS,Flores,Ciudad Autónoma Buenos Aires
Dodge,Journey,2012,159000,16900000.0,ARS,Córdoba,Córdoba
Volkswagen,Nivus,2021,79677,31000000.0,ARS,San Luis,San Luis
Ford,EcoSport,2014,180000,14000000.0,ARS,San Fernando,Buenos Aires (A.M.B.A.)
Volkswagen,Amarok,2024,18500,4999999.0,ARS,Flores,Ciudad Autónoma Buenos Aires
Citroën,C3,2010,143000,7700000.0,ARS,Vicente Lopez,Buenos Aires (A.M.B.A.)
Chevrolet,Tracker,2018,140000,22000000.0,ARS,San Telmo,Ciudad Autónoma Buenos Aires
Chevrolet,Astra,2008,212242,9000000.0,ARS,Casilda,Santa Fe
Nissan,Versa,2024,10000,28000000.0,ARS,Parana,Entre Ríos
Ford,EcoSport,2016,90000,17890000.0,ARS,La Tablada,Buenos Aires (A.M.B.A.)
Renault,Fluence,2017,121000,17500000.0,ARS,Bahía Blanca,Buenos Aires
Peugeot,208,2015,155000,13500000.0,ARS,Plottier,Neuquén
Peugeot,208,2024,200000,6999999.0,ARS,Flores,Ciudad Autónoma Buenos Aires
FIAT,Fiorino,2017,120000,15000000.0,ARS,La Plata,Buenos Aires
Nissan,Note,2017,75400,17500000.0,ARS,Castelar,Buenos Aires (A.M.B.A.)
FIAT,Palio,2013,173000,11500000.0,ARS,Córdoba,Córdoba
FIAT,Cronos,2022,72360,21500000.0,ARS,San Francisco,Córdoba
Renault,Duster Oroch,2021,99800,24500000.0,ARS,Tandil,Buenos Aires
FIAT,Fiorino,2024,17500,3499999.0,ARS,Flores,Ciudad Autónoma Buenos Aires
Peugeot,208,2017,49000,13900000.0,ARS,Córdoba,Córdoba
Volkswagen,Taos,2023,65000,27900.0,USD,Pilar,Buenos Aires (A.M.B.A.)
Citroën,C4,2017,95000,14800000.0,ARS,Córdoba,Córdoba
FIAT,Palio Weekend,2015,200000,13000000.0,ARS,Lomas De Zamora,Buenos Aires (A.M.B.A.)
Ford,Focus,2015,142662,20000000.0,ARS,General Acha,La Pampa
Volkswagen,Polo 5P,2024,19000,3000000.0,ARS,Flores,Ciudad Autónoma Buenos Aires
Peugeot,308,2013,108000,16000000.0,ARS,Córdoba,Córdoba
FIAT,Fastback,2024,17000,3499999.0,ARS,Flores,Ciudad Autónoma Buenos Aires
Peugeot,2008,2016,158000,13000000.0,ARS,General Rodrguez,Buenos Aires
Volkswagen,Fox,2007,234000,8500000.0,ARS,Córdoba,Córdoba
Ford,Ranger,2016,245,13900.0,USD,Córdoba,Córdoba
Renault,Duster,2019,62400,21500000.0,ARS,Tandil,Buenos Aires
BMW,X1,2017,144000,23500.0,USD,Vicente Lopez,Buenos Aires (A.M.B.A.)
Ford,Focus Exe,2011,162000,11000000.0,ARS,Dolores,Buenos Aires
FIAT,Punto,2014,135000,12900000.0,ARS,Córdoba,Córdoba
Ford,Falcon,1980,50000,13000.0,USD,Ferré,Buenos Aires
Volkswagen,Taos,2024,20000,4999999.0,ARS,Flores,Ciudad Autónoma Buenos Aires
Toyota,Corolla,2024,44000,28500.0,USD,La Plata,Buenos Aires
Renault,Logan,2017,88000,13900000.0,ARS,Flores,Ciudad Autónoma Buenos Aires
Ford,Ranger,2021,88000,31900000.0,ARS,Yerba Buena - Marcos Paz,Tucumán
Volkswagen,Amarok,2020,229000,24900000.0,ARS,Palermo,Ciudad Autónoma Buenos Aires
Volkswagen,Nivus,2024,21899,5999999.0,ARS,Flores,Ciudad Autónoma Buenos Aires
FIAT,Siena Fire,2006,103000,4900.0,USD,Villa Crespo,Ciudad Autónoma Buenos Aires
Peugeot,206,2012,85000,11500000.0,ARS,San Francisco Del Monte,Mendoza
Renault,Duster,2018,165000,17500000.0,ARS,Ezpeleta Oeste,Buenos Aires (A.M.B.A.)
Volkswagen,Amarok,2024,19500,7899999.0,ARS,Flores,Ciudad Autónoma Buenos Aires
Audi,A6 Allroad,2017,113000,33000.0,USD,Parque Patricios,Ciudad Autónoma Buenos Aires
Renault,Sandero Stepway,2010,217140,8000000.0,ARS,Córdoba,Córdoba
Renault,Kwid,2020,56000,13000000.0,ARS,Flores,Ciudad Autónoma Buenos Aires
Honda,HR-V,2018,95800,18500.0,USD,Ituzaingo,Buenos Aires (A.M.B.A.)
Peugeot,208,2025,11000,28000000.0,ARS,Córdoba,Córdoba
Volkswagen,Polo 5P,2024,15000,3500000.0,ARS,Flores,Ciudad Autónoma Buenos Aires
Citroën,Basalt,2026,1,29000000.0,ARS,Colegiales,Ciudad Autónoma Buenos Aires
FIAT,Fastback,2024,18000,4999999.0,ARS,Flores,Ciudad Autónoma Buenos Aires
Peugeot,208,2014,85000,9000.0,USD,Llavallol,Buenos Aires (A.M.B.A.)
Volkswagen,Gol Trend,2017,69983,15500000.0,ARS,Godoy Cruz,Mendoza
Honda,HR-V,2019,83000,34000000.0,ARS,San Isidro,Buenos Aires (A.M.B.A.)
Peugeot,208,2023,21000,16500.0,USD,San Isidro,Buenos Aires (A.M.B.A.)
Chevrolet,Cruze 5,2022,77000,21000.0,USD,General Pacheco,Buenos Aires (A.M.B.A.)
Chevrolet,Spark,2017,54000,9700.0,USD,Flores,Ciudad Autónoma Buenos Aires
Toyota,Etios Hatchback,2018,123000,12200.0,USD,Villa Urquiza,Ciudad Autónoma Buenos Aires
Toyota,Corolla,2022,78000,32000000.0,ARS,Caballito,Ciudad Autónoma Buenos Aires
Peugeot,208,2024,17000,6000000.0,ARS,Flores,Ciudad Autónoma Buenos Aires
Jeep,Renegade,2016,132000,16500000.0,ARS,Neuquén,Neuquén
Peugeot,208,2024,16000,3000000.0,ARS,Flores,Ciudad Autónoma Buenos Aires
Nissan,Sentra,2016,100000,19000000.0,ARS,Rosario,Santa Fe
Volkswagen,Vento Variant,2012,178500,14900000.0,ARS,Olivos,Buenos Aires (A.M.B.A.)
Toyota,Corolla Cross Hybrid,2024,7800,52100000.0,ARS,Parque Patricios,Ciudad Autónoma Buenos Aires
Peugeot,2008,2025,7000,33500000.0,ARS,Palermo,Ciudad Autónoma Buenos Aires
Peugeot,208,2024,20000,2499999.0,ARS,Flores,Ciudad Autónoma Buenos Aires
Volkswagen,Nivus,2024,12000,3499999.0,ARS,Flores,Ciudad Autónoma Buenos Aires
BMW,X1,2012,154000,14000.0,USD,Santa Fe,Santa Fe
Jeep,Wrangler,1963,99998,10000.0,USD,Ferré,Buenos Aires
Citroën,C4 Picasso,2014,109000,16900000.0,ARS,Moron,Buenos Aires (A.M.B.A.)
Chevrolet,Captiva,2014,219000,16000000.0,ARS,Yerba Buena - Marcos Paz,Tucumán
Volkswagen,Nivus,2024,8500,4999999.0,ARS,Flores,Ciudad Autónoma Buenos Aires
Peugeot,Partner,2020,90000,18000000.0,ARS,Caballito,Ciudad Autónoma Buenos Aires
Ford,Kuga,2016,115000,17000.0,USD,Tolosa,Buenos Aires
Renault,Fluence,2013,200000,12000000.0,ARS,San Miguel de Tucumán,Tucumán
Ford,Ka,2017,104000,13990000.0,ARS,Saavedra,Ciudad Autónoma Buenos Aires
FIAT,Fastback Abarth,2024,17000,5000000.0,ARS,Flores,Ciudad Autónoma Buenos Aires
Nissan,Kicks,2023,68000,36500000.0,ARS,Parana,Entre Ríos
Volkswagen,Suran,2012,111000,11500000.0,ARS,Córdoba,Córdoba
Volkswagen,Polo 5P,2024,21500,4000000.0,ARS,Flores,Ciudad Autónoma Buenos Aires
Nissan,Tiida,2011,215000,7000.0,USD,Mar del Plata,Buenos Aires
FIAT,Toro,2019,145961,25000000.0,ARS,Escobar,Buenos Aires (A.M.B.A.)
Peugeot,Partner,2017,216000,14000000.0,ARS,Córdoba,Córdoba
Renault,Sandero Stepway,2010,210200,8500000.0,ARS,Palermo,Ciudad Autónoma Buenos Aires
Peugeot,208,2024,15700,8000000.0,ARS,Caballito,Ciudad Autónoma Buenos Aires
Nissan,Tiida,2010,143000,9000000.0,ARS,Río Cuarto,Córdoba
FIAT,Punto,2009,169000,7900000.0,ARS,Villa Ballester,Buenos Aires (A.M.B.A.)
Peugeot,207 Compact,2011,108000,8972000.0,ARS,Córdoba,Córdoba
Chevrolet,Agile,2015,123000,12000000.0,ARS,Pergamino,Buenos Aires
KIA,Sportage,2017,89000,20000.0,USD,San Martin,Buenos Aires (A.M.B.A.)
Volkswagen,Polo 5P,2024,15000,2999999.0,ARS,Flores,Ciudad Autónoma Buenos Aires
Renault,Sandero,2022,70000,18000000.0,ARS,La Plata,Buenos Aires
Chevrolet,Onix Joy Plus,2018,80000,16000000.0,ARS,Lomas De Zamora,Buenos Aires (A.M.B.A.)
Volkswagen,Amarok,2024,17500,4499999.0,ARS,Flores,Ciudad Autónoma Buenos Aires
Renault,Master,2009,410772,19000000.0,ARS,Pergamino,Buenos Aires
FIAT,Fastback,2024,30000,3000000.0,ARS,Flores,Ciudad Autónoma Buenos Aires
Renault,Twingo,2000,170000,4800000.0,ARS,San Martin,Buenos Aires (A.M.B.A.)
FIAT,Cronos,2022,35000,7500000.0,ARS,Caballito,Ciudad Autónoma Buenos Aires
Toyota,Corolla Cross,2021,55000,43000000.0,ARS,Santa Fe,Santa Fe
Volkswagen,Vento Variant,2011,146000,13999000.0,ARS,Floresta,Ciudad Autónoma Buenos Aires
Honda,HR-V,2016,110000,16000.0,USD,Córdoba,Córdoba
Suzuki,Fun,2010,200000,6000000.0,ARS,Flores,Ciudad Autónoma Buenos Aires
Ford,Focus,2016,171383,16000000.0,ARS,Escobar,Buenos Aires (A.M.B.A.)
Chery,Tiggo 3,2019,95000,18500000.0,ARS,Comodoro Rivadavia,Chubut
Citroën,C4,2013,109757,12500000.0,ARS,Escobar,Buenos Aires (A.M.B.A.)
Volkswagen,Gol Trend,2011,142600,8990000.0,ARS,Boedo,Ciudad Autónoma Buenos Aires
Toyota,Corolla Cross,2022,77000,27000.0,USD,General Pacheco,Buenos Aires (A.M.B.A.)
Audi,Q5,2013,130000,24000000.0,ARS,Yerba Buena - Marcos Paz,Tucumán
FIAT,Mobi,2017,120000,14200000.0,ARS,La Plata,Buenos Aires
Peugeot,208,2022,36000,7500000.0,ARS,Caballito,Ciudad Autónoma Buenos Aires
Volkswagen,Amarok,2023,80560,26500.0,USD,Río Tercero,Córdoba
Renault,Sandero,2019,110600,20800000.0,ARS,Tandil,Buenos Aires
Volkswagen,Vento GLI,2025,40699,53500000.0,ARS,San Luis,San Luis
Volkswagen,Polo 5P,2024,17500,3499999.0,ARS,Flores,Ciudad Autónoma Buenos Aires
Ford,Focus,2016,167000,17500000.0,ARS,Santo Tome,Santa Fe
Citroën,C3,2011,164000,8500000.0,ARS,Tigre,Buenos Aires (A.M.B.A.)
Toyota,Corolla Hybrid,2021,35000,25000.0,USD,Caballito,Ciudad Autónoma Buenos Aires
Chevrolet,Blazer,2006,357000,13500000.0,ARS,Villa Devoto,Ciudad Autónoma Buenos Aires
Jeep,Renegade,2024,13000,22997.0,USD,Córdoba,Córdoba
Volkswagen,Golf,2020,187681,16500000.0,ARS,Escobar,Buenos Aires (A.M.B.A.)
Honda,HR-V,2020,72000,32000000.0,ARS,San Francisco,Córdoba
Peugeot,208,2021,45500,21000000.0,ARS,Santo Tome,Santa Fe
Citroën,Berlingo Furgón,2017,172000,14000.0,USD,La Plata,Buenos Aires
Volkswagen,Amarok,2021,120000,30000.0,USD,Escobar,Buenos Aires (A.M.B.A.)
Renault,Sandero Stepway,2012,121000,13500000.0,ARS,Santo Tome,Santa Fe
Volkswagen,Amarok,2024,17000,4999999.0,ARS,Flores,Ciudad Autónoma Buenos Aires
Renault,Logan,2022,51000,22000000.0,ARS,Salto,Buenos Aires
Toyota,RAV4,2010,218000,16300000.0,ARS,Córdoba,Córdoba
Chevrolet,Prisma,2016,203000,13200000.0,ARS,James Craik,Córdoba
FIAT,Argo,2020,120000,19200000.0,ARS,Almagro,Ciudad Autónoma Buenos Aires
Peugeot,208,2021,43000,8500000.0,ARS,Caballito,Ciudad Autónoma Buenos Aires
Hyundai,Tucson,2019,75000,27000.0,USD,Guaymallén,Mendoza
Chevrolet,Prisma,2012,105000,10000000.0,ARS,Salta,Salta
Volkswagen,Amarok,2025,2670,64000000.0,ARS,Escobar,Buenos Aires (A.M.B.A.)
Hyundai,H1,2015,100800,30000.0,USD,Montes de Oca,Santa Fe
Chevrolet,Classic,2013,120000,11500000.0,ARS,Ayacucho,Buenos Aires
Honda,HR-V,2017,95000,17900.0,USD,Palermo,Ciudad Autónoma Buenos Aires
Volkswagen,Suran,2015,98000,12000.0,USD,Escobar,Buenos Aires (A.M.B.A.)
Volkswagen,Amarok,2022,115000,40000000.0,ARS,Parana,Entre Ríos
Peugeot,2008,2026,1,34300000.0,ARS,Colegiales,Ciudad Autónoma Buenos Aires
Toyota,Yaris,2021,39000,26500000.0,ARS,Ciudadela,Buenos Aires (A.M.B.A.)
Chevrolet,Blazer,2006,357000,13500000.0,ARS,Agronomía,Ciudad Autónoma Buenos Aires
Renault,Fluence,2013,58000,14000000.0,ARS,Liniers,Ciudad Autónoma Buenos Aires
Chevrolet,S 10,2017,140000,19500000.0,ARS,Río Cuarto,Córdoba
FIAT,Cronos,2021,91500,10000000.0,ARS,Lanus,Buenos Aires (A.M.B.A.)
Volkswagen,Vento,2021,150000,16500000.0,ARS,Curuzu Cuatia,Corrientes
FIAT,Toro,2024,15000,4499999.0,ARS,Flores,Ciudad Autónoma Buenos Aires
Volkswagen,Amarok,2024,20000,7999999.0,ARS,Flores,Ciudad Autónoma Buenos Aires
Volkswagen,Polo 5P,2024,20000,4599999.0,ARS,Flores,Ciudad Autónoma Buenos Aires
Nissan,Tiida Hatchback,2011,196000,6700.0,USD,Villa Del Parque,Ciudad Autónoma Buenos Aires
Peugeot,408,2016,100000,11500000.0,ARS,Recoleta,Ciudad Autónoma Buenos Aires
Volkswagen,Gol,2012,85100,10900000.0,ARS,La Calera,Córdoba
FIAT,Punto,2012,116000,11990000.0,ARS,Flores,Ciudad Autónoma Buenos Aires
Renault,Duster,2014,135480,13500000.0,ARS,Córdoba,Córdoba
FIAT,Strada Adventure,2017,106000,16000000.0,ARS,San Salvador de Jujuy,Jujuy
Chevrolet,Corsa Classic,2010,245000,7500000.0,ARS,Posadas,Misiones
Chevrolet,Agile,2012,194000,8500000.0,ARS,Vicente Lopez,Buenos Aires (A.M.B.A.)
Toyota,Corolla Cross Hybrid,2022,103000,43000000.0,ARS,Santo Tome,Santa Fe
Ford,EcoSport,2006,320000,8000000.0,ARS,Gral. San Martín,Mendoza
Ford,Focus Sedán,2016,113000,16200000.0,ARS,Rosario,Santa Fe
Volkswagen,Amarok,2020,130000,45000000.0,ARS,Villa Urquiza,Ciudad Autónoma Buenos Aires
Peugeot,208,2020,42000,21000000.0,ARS,Neuquén,Neuquén
Volkswagen,Gol Country,1998,440000,5000000.0,ARS,Cortines,Buenos Aires
Renault,Sandero Stepway,2021,74000,17500.0,USD,Tigre,Buenos Aires (A.M.B.A.)
Peugeot,208,2017,52000,18000000.0,ARS,Cañada de Gomez,Santa Fe
Ford,Focus,2017,55000,20900000.0,ARS,Parana,Entre Ríos
FIAT,Cronos,2022,66000,22000000.0,ARS,Zapala,Neuquén
Toyota,Hilux,2019,78000,32000000.0,ARS,Río Cuarto,Córdoba
Citroën,C4 Lounge,2020,85000,16000000.0,ARS,Rosario,Santa Fe
Chevrolet,Corsa,2006,330000,6500000.0,ARS,Ayacucho,Buenos Aires
FIAT,Cronos,2023,8700,27800000.0,ARS,Viedma,Río Negro
FIAT,600 HYBRID,2025,10000,37500000.0,ARS,El Talar,Buenos Aires (A.M.B.A.)
Renault,Logan,2012,300000,7200000.0,ARS,Isidro Casanova,Buenos Aires (A.M.B.A.)
Chevrolet,Tracker,2016,119500,17800000.0,ARS,Avellaneda,Buenos Aires (A.M.B.A.)
Renault,Captur,2017,141000,13000000.0,ARS,Río Cuarto,Córdoba
Citroën,C3 Aircross,2018,110000,16000000.0,ARS,Godoy Cruz,Mendoza
Nissan,Tiida,2014,110000,13000000.0,ARS,Godoy Cruz,Mendoza
Honda,Accord,2014,149000,16000.0,USD,Retiro,Ciudad Autónoma Buenos Aires
Citroën,C3,2025,14000,6500.0,USD,Liniers,Ciudad Autónoma Buenos Aires
FIAT,Linea,2015,100000,12500000.0,ARS,Concepción Del Uruguay,Entre Ríos
Peugeot,2008,2024,21000,8000000.0,ARS,Caballito,Ciudad Autónoma Buenos Aires
Renault,Fluence,2014,72000,14500000.0,ARS,Caballito,Ciudad Autónoma Buenos Aires
Renault,Duster Oroch,2020,200000,20700000.0,ARS,Vicente Lopez,Buenos Aires (A.M.B.A.)
Volkswagen,Taos,2024,17000,6000000.0,ARS,Flores,Ciudad Autónoma Buenos Aires
Nissan,Kicks,2017,170000,23500000.0,ARS,Salta,Salta
FIAT,Fiorino,2007,200000,7800000.0,ARS,Ayacucho,Buenos Aires
Renault,Duster,2014,178000,15000000.0,ARS,Rosario,Santa Fe
Toyota,Corolla Hybrid,2022,65600,36800000.0,ARS,Villa Crespo,Ciudad Autónoma Buenos Aires
Toyota,SW4,2016,278000,32000.0,USD,Tigre,Buenos Aires (A.M.B.A.)
Renault,Clio,2013,135000,9500008.0,ARS,Santo Tome,Santa Fe
Volkswagen,Amarok,2015,95000,16200.0,USD,Liniers,Ciudad Autónoma Buenos Aires
FIAT,Fiorino,2015,180000,10000.0,USD,Monte Grande,Buenos Aires (A.M.B.A.)
Chevrolet,Cruze,2015,135000,14500000.0,ARS,Vicente Lopez,Buenos Aires (A.M.B.A.)
Volkswagen,Gol Trend,2010,170000,9500000.0,ARS,San Luis,San Luis
Toyota,Hilux,2015,342000,33000000.0,ARS,Ayacucho,Buenos Aires
Renault,Duster,2021,126000,22500000.0,ARS,General Campos,Entre Ríos
Subaru,Outback,2010,260000,17000.0,USD,Hurlingham,Buenos Aires (A.M.B.A.)
Citroën,C4 Cactus,2022,49000,25573000.0,ARS,El Cazador,Buenos Aires (A.M.B.A.)
DS,3,2018,48000,14000.0,USD,Nuñez,Ciudad Autónoma Buenos Aires
Citroën,C-Elysée,2018,200000,11500000.0,ARS,Belgrano,Ciudad Autónoma Buenos Aires
Peugeot,308,2015,110000,13500000.0,ARS,Villa Del Parque,Ciudad Autónoma Buenos Aires
Chevrolet,Captiva,2017,180000,17500.0,USD,Rosario,Santa Fe
Nissan,X-Trail,2013,215000,11500.0,USD,Capitán Bermúdez,Santa Fe
FIAT,Punto,2013,141000,10500000.0,ARS,Flores,Ciudad Autónoma Buenos Aires
Ford,Ka,2012,96400,9000000.0,ARS,Córdoba,Córdoba
Volkswagen,Amarok,2024,23000,6999999.0,ARS,Flores,Ciudad Autónoma Buenos Aires
Chevrolet,Tracker,2019,120000,19500000.0,ARS,Cañada de Gomez,Santa Fe
Volkswagen,Polo 5P,2024,18000,3499999.0,ARS,Flores,Ciudad Autónoma Buenos Aires
Citroën,C3,2016,115000,11900000.0,ARS,Córdoba,Córdoba
Nissan,Frontier,2021,46000,40000000.0,ARS,Neuquén,Neuquén
Chevrolet,Classic,2012,146,8900.0,USD,Monte Grande,Buenos Aires (A.M.B.A.)
Citroën,C4 MHEV,2026,2050,53500000.0,ARS,El Cazador,Buenos Aires (A.M.B.A.)
Citroën,Berlingo Furgón,2016,217000,14900000.0,ARS,Urdinarrain,Entre Ríos
FIAT,Siena,2014,114906,14000000.0,ARS,Junín,Buenos Aires
Volkswagen,Suran,2015,95000,16500000.0,ARS,Flores,Ciudad Autónoma Buenos Aires
FIAT,Punto,2014,132000,13900000.0,ARS,Yerba Buena - Marcos Paz,Tucumán
FIAT,Ducato,2019,230000,33000000.0,ARS,Córdoba,Córdoba
Renault,Duster,2016,159000,18000000.0,ARS,Lujan de Cuyo,Mendoza
Peugeot,208,2024,22000,16000.0,USD,Caballito,Ciudad Autónoma Buenos Aires
Toyota,SW4,2006,380000,23000000.0,ARS,Necochea,Buenos Aires
Peugeot,308,2014,124000,10600.0,USD,Barracas,Ciudad Autónoma Buenos Aires
Volkswagen,Gol Trend,2019,25000,17000000.0,ARS,Mar del Plata,Buenos Aires
Renault,Kwid,2018,61000,13500000.0,ARS,La Tablada,Buenos Aires (A.M.B.A.)
Ford,Focus Exe,2013,174000,11000000.0,ARS,Las Heras,Mendoza
Ford,Focus,2007,266000,7500000.0,ARS,Godoy Cruz,Mendoza
Renault,Fluence,2017,118000,15900000.0,ARS,Yerba Buena - Marcos Paz,Tucumán
Volkswagen,Gol Trend,2012,170000,11000000.0,ARS,Villa Lugano,Ciudad Autónoma Buenos Aires
Toyota,Hilux,2016,260000,27000.0,USD,Tigre,Buenos Aires (A.M.B.A.)
Jeep,Renegade,2017,180000,21500000.0,ARS,Córdoba,Córdoba
Volkswagen,Gol Trend,2021,110000,12000.0,USD,San Cristóbal,Ciudad Autónoma Buenos Aires
Renault,Arkana E-Tech Hybrid,2025,2370,44000000.0,ARS,Córdoba,Córdoba
Peugeot,208,2024,3000,13000000.0,ARS,Caballito,Ciudad Autónoma Buenos Aires
Volkswagen,Gol,2007,103000,8500000.0,ARS,Rosario,Santa Fe
Ford,Ka,2019,99000,16300000.0,ARS,Santa Fe,Santa Fe
Renault,Captur,2018,64500,21000000.0,ARS,Mar del Plata,Buenos Aires
Ford,Ka,2012,137000,6900000.0,ARS,Vicente Lopez,Buenos Aires (A.M.B.A.)
FIAT,Fiorino,2025,10,26600000.0,ARS,General Pacheco,Buenos Aires (A.M.B.A.)
Ford,Focus,2018,55000,8000.0,USD,Hurlingham,Buenos Aires (A.M.B.A.)
FIAT,500,2015,120000,16000000.0,ARS,Córdoba,Córdoba
Mitsubishi,Outlander,2017,95125,11800000.0,ARS,Yerba Buena - Marcos Paz,Tucumán
Ford,EcoSport,2007,191000,8500000.0,ARS,Parana,Entre Ríos
Peugeot,208,2023,6850,26643000.0,ARS,El Cazador,Buenos Aires (A.M.B.A.)
Peugeot,2008,2021,110300,22000000.0,ARS,Parana,Entre Ríos
Audi,A1,2013,131000,12900.0,USD,Puerto Madero,Ciudad Autónoma Buenos Aires
Toyota,Etios Sedán,2018,157000,16500000.0,ARS,Escobar,Buenos Aires (A.M.B.A.)
Citroën,C4 Lounge,2018,179000,16400000.0,ARS,Boedo,Ciudad Autónoma Buenos Aires
Chevrolet,Classic,2008,200,5000000.0,ARS,Caseros,Buenos Aires (A.M.B.A.)
Renault,Clio Mío,2016,100000,12500000.0,ARS,Godoy Cruz,Mendoza
FIAT,Cronos,2026,100,29900000.0,ARS,Tigre,Buenos Aires (A.M.B.A.)
Volkswagen,Suran,2014,86000,12500000.0,ARS,Flores,Ciudad Autónoma Buenos Aires
Renault,Kangoo,2024,31000,28500000.0,ARS,San Telmo,Ciudad Autónoma Buenos Aires
Renault,Duster Oroch,2020,141000,21500000.0,ARS,San Francisco,Córdoba
Peugeot,208,2022,83800,22000000.0,ARS,Campana,Buenos Aires
FIAT,Toro,2024,15000,5000000.0,ARS,Flores,Ciudad Autónoma Buenos Aires
Audi,A3 Sportback,2007,170100,11000.0,USD,Gualeguaychú,Entre Ríos
Volkswagen,Taos,2024,22500,6999999.0,ARS,Flores,Ciudad Autónoma Buenos Aires
Ford,EcoSport,2019,95000,21000000.0,ARS,Toay,La Pampa
Peugeot,208,2025,20000,8000000.0,ARS,Caballito,Ciudad Autónoma Buenos Aires
Toyota,SW4,2008,290000,25000000.0,ARS,Salta,Salta
Nissan,Versa,2021,480000,19900000.0,ARS,Córdoba,Córdoba
Honda,City,2011,170000,12500000.0,ARS,Lanus,Buenos Aires (A.M.B.A.)
Renault,Captur,2018,143000,21500000.0,ARS,Ensenada,Buenos Aires
FIAT,Strada,2025,10000,29500000.0,ARS,La Plata,Buenos Aires
Volkswagen,up!,2019,300,12000000.0,ARS,Hurlingham,Buenos Aires (A.M.B.A.)
Jeep,Compass,2024,17000,31000.0,USD,Córdoba,Córdoba
Ford,Fiesta Kinetic,2018,46000,18900000.0,ARS,Wilde,Buenos Aires (A.M.B.A.)
Ford,Focus,2011,199000,12000000.0,ARS,Córdoba,Córdoba
Toyota,RAV4,2020,84000,40000.0,USD,La Pala,Buenos Aires
Chevrolet,S 10,2011,209000,13300.0,USD,Villa la Angostura,Neuquén
Volkswagen,Polo 5P,2024,17000,4999999.0,ARS,Flores,Ciudad Autónoma Buenos Aires
Citroën,C4 Grand Picasso,2018,82000,22200000.0,ARS,Puerto Madero,Ciudad Autónoma Buenos Aires
Toyota,Etios Hatchback,2018,115000,14000.0,USD,El Pedregal,Mendoza
Peugeot,Expert,2019,109000,28000.0,USD,Villa Pueyrredón,Ciudad Autónoma Buenos Aires
Volkswagen,Tiguan,2021,55000,37000000.0,ARS,Pilar,Buenos Aires (A.M.B.A.)
Peugeot,208,2017,87000,16500000.0,ARS,Jesús María,Córdoba
Renault,Kangoo,2014,84001,12900000.0,ARS,Flores,Ciudad Autónoma Buenos Aires
Ford,Ka,2018,74000,13500.0,USD,Corrientes,Corrientes
FIAT,Siena,2014,184000,13000000.0,ARS,Lujan de Cuyo,Mendoza
Toyota,SW4,2018,138000,35800.0,USD,Villa Adelina,Buenos Aires (A.M.B.A.)
Chevrolet,Tracker,2023,31500,29500000.0,ARS,Posadas,Misiones
Renault,Stepway,2024,28300,26000000.0,ARS,Bahía Blanca,Buenos Aires
Peugeot,208,2019,100000,19900000.0,ARS,Puerto Madero,Ciudad Autónoma Buenos Aires
Toyota,Etios Sedán,2021,91000,24000000.0,ARS,Maipu,Mendoza
Toyota,Hilux,2025,162200,22000.0,USD,City Bell,Buenos Aires
Chevrolet,Astra,2005,275000,8900000.0,ARS,Vicente Lopez,Buenos Aires (A.M.B.A.)
Chevrolet,Onix,2026,6500,36500000.0,ARS,Santa Fe,Santa Fe
Peugeot,208,2024,17000,8000000.0,ARS,Caballito,Ciudad Autónoma Buenos Aires
Volkswagen,Vento,2016,152000,22500000.0,ARS,Pehuajó,Buenos Aires
Volkswagen,Gol,2010,150,8300000.0,ARS,Posadas,Misiones
Citroën,C3 Picasso,2013,250000,12000000.0,ARS,San Miguel de Tucumán,Tucumán
Toyota,Hilux,2014,48000,28000.0,USD,Santa Rosa,La Pampa
Renault,Duster,2018,115100,21000000.0,ARS,Parana,Entre Ríos
FIAT,Pulse,2022,107000,23000000.0,ARS,Escobar,Buenos Aires (A.M.B.A.)
Volkswagen,Vento,2018,181000,22500000.0,ARS,Viedma,Río Negro
Ford,Ranger,2023,33000,40000000.0,ARS,Boca,Ciudad Autónoma Buenos Aires
Volkswagen,Voyage,2012,205000,11900000.0,ARS,Ayacucho,Buenos Aires
Citroën,C4 Lounge,2016,86000,15500000.0,ARS,Ituzaingo,Buenos Aires (A.M.B.A.)
Chevrolet,Cruze,2021,100000,22900000.0,ARS,Córdoba,Córdoba
Peugeot,208,2021,33000,7000000.0,ARS,Belgrano,Ciudad Autónoma Buenos Aires
Citroën,C4,2013,139500,12800000.0,ARS,Florida,Buenos Aires (A.M.B.A.)
Jeep,Compass,2018,120500,23500000.0,ARS,Córdoba,Córdoba
Jeep,Compass,2023,52800,30000.0,USD,Rosario,Santa Fe
Ford,Focus,2017,126299,14500.0,USD,Escobar,Buenos Aires (A.M.B.A.)
Volkswagen,Taos,2024,14500,8000000.0,ARS,Flores,Ciudad Autónoma Buenos Aires
Citroën,C3,2017,45000,15000000.0,ARS,San Miguel de Tucumán,Tucumán
Renault,Logan,2017,126000,11200000.0,ARS,Neuquén,Neuquén
Volkswagen,Fox,2017,40000,16000.0,USD,Villa Lugano,Ciudad Autónoma Buenos Aires
Ford,Focus,2019,600000,13900.0,USD,Villa Urquiza,Ciudad Autónoma Buenos Aires
Volkswagen,Passat Variant,2007,180000,9000.0,USD,Haedo,Buenos Aires (A.M.B.A.)
Ford,Ranger,2017,138100,25800000.0,ARS,Córdoba,Córdoba
Chrysler,300,2014,110000,22000.0,USD,Recoleta,Ciudad Autónoma Buenos Aires
Nissan,Kicks,2018,72000,23700000.0,ARS,Alta Gracia,Córdoba
Volkswagen,Golf,2021,62567,20500000.0,ARS,Escobar,Buenos Aires (A.M.B.A.)
Agrale,Marruá,2023,60000,54750.0,USD,El Calafate,Santa Cruz
Peugeot,207 Compact,2011,148000,8500000.0,ARS,Cipolletti,Río Negro
Toyota,Corolla,2017,79000,16900.0,USD,San Andres,Buenos Aires (A.M.B.A.)
Chevrolet,Classic,2013,186000,10000000.0,ARS,Dorrego,Mendoza
Peugeot,207 Compact,2010,160000,8000000.0,ARS,Villa Lugano,Ciudad Autónoma Buenos Aires
Renault,Sandero,2019,49000,19000000.0,ARS,Firmat,Santa Fe
Volkswagen,Polo 5P,2020,65000,22000000.0,ARS,La Plata,Buenos Aires
Chevrolet,Agile,2016,104000,12000000.0,ARS,Resistencia,Chaco
Ford,Ranger,2005,465000,13000000.0,ARS,Monserrat,Ciudad Autónoma Buenos Aires
Peugeot,308 CC,2017,114000,15500000.0,ARS,Salta,Salta
Chevrolet,Spin Activ,2019,68000,23500000.0,ARS,Rosario,Santa Fe
Renault,Clio Mío,2015,82700,12000000.0,ARS,Tanti,Córdoba
Ford,Ka Freestyle,2021,57000,20000000.0,ARS,Bahía Blanca,Buenos Aires
Chevrolet,Aveo,2012,30000,8300.0,USD,Lomas De Zamora,Buenos Aires (A.M.B.A.)
FIAT,Punto,2014,231000,9500000.0,ARS,Villa Tulumaya,Mendoza
Volkswagen,Polo 5P,2024,15000,3499999.0,ARS,Flores,Ciudad Autónoma Buenos Aires
Chevrolet,Cruze,2017,165000,20500000.0,ARS,Ayacucho,Buenos Aires
Ford,Fiesta Kinetic,2015,174000,14200000.0,ARS,San Luis,San Luis
Ford,Mondeo,2019,134000,27500000.0,ARS,Córdoba,Córdoba
Peugeot,2008,2016,117000,15750000.0,ARS,Villa Carlos Paz,Córdoba
Volkswagen,up!,2015,93500,9200.0,USD,Flores,Ciudad Autónoma Buenos Aires
Volkswagen,Polo 5P,2024,22000,2499999.0,ARS,Flores,Ciudad Autónoma Buenos Aires
Volkswagen,Gol Trend,2020,82200,18725000.0,ARS,El Cazador,Buenos Aires (A.M.B.A.)
Volkswagen,Polo,2018,92000,19000000.0,ARS,Ingeniero Maschwitz,Buenos Aires (A.M.B.A.)
Volkswagen,up!,2019,92000,17500000.0,ARS,La Tablada,Buenos Aires (A.M.B.A.)
Renault,Kangoo,2020,110000,24900000.0,ARS,Mataderos,Ciudad Autónoma Buenos Aires
Nissan,Versa,2021,50000,18000.0,USD,Vaqueros,Salta
Citroën,Berlingo Furgón,2026,1000,38000000.0,ARS,Mataderos,Ciudad Autónoma Buenos Aires
Citroën,C3,2009,173000,9000000.0,ARS,Wilde,Buenos Aires (A.M.B.A.)
Mercedes,Clase C Sedán,2018,360000,21000.0,USD,General Villegas,Buenos Aires
Citroën,C4 Picasso,2018,264000,14400000.0,ARS,Rosario,Santa Fe
BMW,Serie 2 Coupé,2018,48000,48000.0,USD,Tigre,Buenos Aires (A.M.B.A.)
Toyota,Hilux,2022,131000,35800.0,USD,Lujan de Cuyo,Mendoza
Peugeot,206,2012,197705,7600000.0,ARS,Las Heras,Mendoza
Mercedes,Clase A Hatchback,2019,19000,33000.0,USD,Progreso,Santa Fe
Peugeot,208,2021,3800,22000000.0,ARS,Resistencia,Chaco
Peugeot,208,2023,50000,17000.0,USD,Villa Allende,Córdoba
Jeep,Renegade,2024,16000,33200000.0,ARS,Lujan de Cuyo,Mendoza
Renault,Logan,2019,48000,16000000.0,ARS,La Rioja,La Rioja
Renault,Clio Mío,2014,150000,11300000.0,ARS,General Pico,La Pampa
Citroën,C3,2017,70000,15000000.0,ARS,San Justo,Buenos Aires (A.M.B.A.)
Nissan,Kicks,2020,45000,20500.0,USD,Moron,Buenos Aires (A.M.B.A.)
Volkswagen,Amarok,2017,134000,31500000.0,ARS,Corrientes,Corrientes
Peugeot,308,2014,169000,13000000.0,ARS,Cosquín,Córdoba
Ford,Ka,2011,172000,8500000.0,ARS,Resistencia,Chaco
Chevrolet,Cruze,2013,143000,11900000.0,ARS,Villa Real,Ciudad Autónoma Buenos Aires
Chevrolet,Cruze,2018,128000,18500000.0,ARS,Ciudad Evita,Buenos Aires (A.M.B.A.)
Peugeot,208,2017,98000,16000000.0,ARS,Rosario,Santa Fe
Chevrolet,Tracker,2013,110000,10000.0,USD,Chacabuco,Buenos Aires
Peugeot,208,2022,29000,7000000.0,ARS,Caballito,Ciudad Autónoma Buenos Aires
Toyota,Hilux,2009,300000,18900.0,USD,Boedo,Ciudad Autónoma Buenos Aires
Citroën,C4 Lounge,2020,54000,14900.0,USD,Barracas,Ciudad Autónoma Buenos Aires
Peugeot,308,2014,109000,13500000.0,ARS,Palermo,Ciudad Autónoma Buenos Aires
Toyota,Hilux,2022,67000,24000.0,USD,El Chorrillo,San Luis
Ford,Focus,2017,52000,25300000.0,ARS,Belgrano,Ciudad Autónoma Buenos Aires
Ford,Mondeo,2020,103000,30000000.0,ARS,Rosario,Santa Fe
Ford,Territory,2022,40000,23500.0,USD,Barracas,Ciudad Autónoma Buenos Aires
Renault,Logan,2020,105000,16000000.0,ARS,Rio Grande,Tierra del Fuego
Toyota,Hilux,2015,193000,34000000.0,ARS,Villa Manzano,Río Negro
FIAT,Titano,2026,1,30000000.0,ARS,El Talar,Buenos Aires (A.M.B.A.)
Renault,Kwid,2019,30000,13600000.0,ARS,Adrogue,Buenos Aires (A.M.B.A.)
Chevrolet,Cruze 5,2020,66000,24000000.0,ARS,Guaymallén,Mendoza
Nissan,Kicks,2026,1,53110600.0,ARS,Posadas,Misiones
Volkswagen,Amarok,2015,123000,22500.0,USD,Villa Devoto,Ciudad Autónoma Buenos Aires
Chevrolet,Tracker,2024,112808,30000000.0,ARS,Córdoba,Córdoba
Ford,EcoSport,2021,71000,29000000.0,ARS,Neuquén,Neuquén
Volkswagen,Fox,2012,110000,12500000.0,ARS,San José,Mendoza
Chevrolet,Classic,2013,164000,4800.0,USD,Florida,Buenos Aires (A.M.B.A.)
Volkswagen,Taos,2022,88000,30900000.0,ARS,Yerba Buena - Marcos Paz,Tucumán
Nissan,Tiida,2011,78000,11000000.0,ARS,San Miguel de Tucumán,Tucumán
Jeep,Wrangler,2010,120000,45000000.0,ARS,Yerba Buena - Marcos Paz,Tucumán
FIAT,Punto,2015,148500,10000000.0,ARS,Garin,Buenos Aires (A.M.B.A.)
Peugeot,306 Sedán,1997,172000,4700000.0,ARS,Caseros,Buenos Aires (A.M.B.A.)
Peugeot,208,2021,25000,8000000.0,ARS,Caballito,Ciudad Autónoma Buenos Aires
Volkswagen,Suran,2011,165000,11500000.0,ARS,Floresta,Ciudad Autónoma Buenos Aires
Ford,EcoSport,2005,250000,7700000.0,ARS,Martín Coronado,Buenos Aires
Ford,EcoSport,2016,130000,13000.0,USD,Glew,Buenos Aires (A.M.B.A.)
Jeep,Compass,2026,2100,43900000.0,ARS,Mendiolaza,Córdoba
Jeep,Renegade,2021,60000,28000000.0,ARS,Castelar,Buenos Aires (A.M.B.A.)
Audi,TT Coupé,2013,81000,37000000.0,ARS,Rosario,Santa Fe
Peugeot,208,2021,75000,14100.0,USD,City Bell,Buenos Aires
Honda,CR-V,2015,140000,24000000.0,ARS,Villa Lugano,Ciudad Autónoma Buenos Aires
Renault,Kangoo Express,2018,107000,18000000.0,ARS,Retiro,Ciudad Autónoma Buenos Aires
Renault,Clio,2004,165000,4000000.0,ARS,Caballito,Ciudad Autónoma Buenos Aires
Peugeot,308,2018,145000,16692000.0,ARS,El Cazador,Buenos Aires (A.M.B.A.)
Ford,F-100,2008,400000,22000.0,USD,Ayacucho,Buenos Aires
Ford,Focus One,2009,250000,6000000.0,ARS,Totoras,Santa Fe
Ford,Ka,2005,168000,6490000.0,ARS,San José,Mendoza
Toyota,Etios Sedán,2022,66900,20000000.0,ARS,Pilar,Buenos Aires (A.M.B.A.)
Peugeot,208,2021,38000,9000000.0,ARS,Caballito,Ciudad Autónoma Buenos Aires
Hyundai,Tucson,2009,208000,9000.0,USD,La Pala,Buenos Aires
Chevrolet,Spin,2016,163000,14000000.0,ARS,Florencio Varela,Buenos Aires (A.M.B.A.)
Renault,Sandero Stepway,2011,209400,11000000.0,ARS,Córdoba,Córdoba
Ford,Ka,2009,167669,7500000.0,ARS,La Plata,Buenos Aires
Chevrolet,Tracker,2018,140000,9100000.0,ARS,Martinez,Buenos Aires (A.M.B.A.)
Toyota,Corolla,2012,195000,13000000.0,ARS,San Francisco,Córdoba
Honda,Fit,2013,213000,8000.0,USD,Resistencia,Chaco
Ford,Ka,2018,87534,16500000.0,ARS,La Plata,Buenos Aires
Toyota,Etios Hatchback,2014,180,9000.0,USD,Resistencia,Chaco
Toyota,Corolla Hybrid,2024,13000,43000000.0,ARS,San Guillermo,Santa Fe
Peugeot,208,2023,25800,21300000.0,ARS,Lanus,Buenos Aires (A.M.B.A.)
Peugeot,207 Compact,2010,140000,10000000.0,ARS,Martinez,Buenos Aires (A.M.B.A.)
FIAT,500,2012,85300,14500.0,USD,Villa Carlos Paz,Córdoba
Chevrolet,Meriva,2007,208163,8500000.0,ARS,San Cristóbal,Ciudad Autónoma Buenos Aires
Honda,Civic,2018,135000,29500000.0,ARS,Palermo,Ciudad Autónoma Buenos Aires
Ford,Fiesta Kinetic,2016,111000,17000000.0,ARS,San Luis,San Luis
Ford,Ranger,2023,13000,53500000.0,ARS,Mar del Plata,Buenos Aires
Hyundai,H1,2009,285000,26000000.0,ARS,Lujan de Cuyo,Mendoza
Renault,Kangoo,2012,118000,14500000.0,ARS,Almagro,Ciudad Autónoma Buenos Aires
Volkswagen,Virtus,2024,12000,32000000.0,ARS,Almagro,Ciudad Autónoma Buenos Aires
Peugeot,208,2019,52996,10000000.0,ARS,San Isidro,Buenos Aires (A.M.B.A.)
Volkswagen,Bora,2011,117000,7500.0,USD,Almagro,Ciudad Autónoma Buenos Aires
Ford,EcoSport,2014,126000,15000000.0,ARS,El Pensamiento,Buenos Aires
Volkswagen,Fox,2012,108000,9500.0,USD,La Plata,Buenos Aires
Ford,Territory,2025,26500,44000000.0,ARS,La Rioja,La Rioja
Peugeot,208,2022,29000,10000000.0,ARS,Caballito,Ciudad Autónoma Buenos Aires
Volkswagen,Gol Trend,2011,134000,10800000.0,ARS,Mendoza,Mendoza
FIAT,Mobi,2022,35000,12000000.0,ARS,Lanus,Buenos Aires (A.M.B.A.)
Chevrolet,Cruze,2022,43000,21500.0,USD,Zárate,Buenos Aires
Chevrolet,Prisma,2019,108000,19000000.0,ARS,Córdoba,Córdoba
Volkswagen,Taos,2022,37000,29000.0,USD,Boulogne Sur Mer,Buenos Aires (A.M.B.A.)
Ford,Fiesta Kinetic,2018,122000,13800000.0,ARS,Flores,Ciudad Autónoma Buenos Aires
FIAT,Siena,2016,142700,12999999.0,ARS,Córdoba,Córdoba
MINI,Cooper,2016,84000,20500.0,USD,Rosario,Santa Fe
Audi,A3 Sportback,2012,103000,16500.0,USD,La Plata,Buenos Aires
Ford,Focus,2017,95000,20000000.0,ARS,Corrientes,Corrientes
BAIC,X55 II,2024,54000,30000.0,USD,Lujan de Cuyo,Mendoza
Volkswagen,Voyage,2015,157000,14000000.0,ARS,Cipolletti,Río Negro
Honda,Fit,2008,304000,6800.0,USD,La Plata,Buenos Aires
Honda,Civic,2009,124000,11900.0,USD,Munro,Buenos Aires (A.M.B.A.)
Ford,EcoSport,2016,140000,16000000.0,ARS,Castelar,Buenos Aires (A.M.B.A.)
Chevrolet,S 10,2020,119682,33853000.0,ARS,Córdoba,Córdoba
Peugeot,2008,2022,29000,12000000.0,ARS,Caballito,Ciudad Autónoma Buenos Aires
Peugeot,208,2019,53000,8500000.0,ARS,Caballito,Ciudad Autónoma Buenos Aires
Volkswagen,Suran,2013,124500,12600000.0,ARS,Banfield,Buenos Aires (A.M.B.A.)
Peugeot,2008,2021,38000,15000000.0,ARS,Caballito,Ciudad Autónoma Buenos Aires
Peugeot,Partner Patagónica,2019,120000,20500000.0,ARS,Funes,Santa Fe
Volkswagen,Vento,2019,60000,15000.0,USD,Villa Lugano,Ciudad Autónoma Buenos Aires
Chevrolet,Agile,2017,57000,14500000.0,ARS,Chacarita,Ciudad Autónoma Buenos Aires
Toyota,Etios Sedán,2017,88763,17000000.0,ARS,San Luis,San Luis
FIAT,Cronos,2021,97000,18000000.0,ARS,Córdoba,Córdoba
Hyundai,Santa Fe,2011,199000,18000000.0,ARS,Ayacucho,Buenos Aires
Chery,Tiggo 5,2017,95000,18500000.0,ARS,Flores,Ciudad Autónoma Buenos Aires
Renault,Kwid,2018,49700,9500.0,USD,Ciudadela,Buenos Aires (A.M.B.A.)
Renault,Clio Mío,2016,96700,11800000.0,ARS,Mendoza,Mendoza
Ford,Fiesta Kinetic,2018,127000,18000000.0,ARS,San Miguel de Tucumán,Tucumán
Honda,City,2014,126000,16000000.0,ARS,Córdoba,Córdoba
Chevrolet,Spin,2020,134904,20855000.0,ARS,Córdoba,Córdoba
Chevrolet,Corsa Classic,2010,150000,7500000.0,ARS,Martinez,Buenos Aires (A.M.B.A.)
Peugeot,Expert,2022,45000,18000000.0,ARS,Caballito,Ciudad Autónoma Buenos Aires
Peugeot,Partner Patagónica,2018,78001,12900.0,USD,Flores,Ciudad Autónoma Buenos Aires
Volkswagen,Suran,2017,78000,15900000.0,ARS,Flores,Ciudad Autónoma Buenos Aires
Nissan,Versa,2022,65000,24000000.0,ARS,Caballito,Ciudad Autónoma Buenos Aires
Peugeot,208,2022,54000,23500000.0,ARS,Paternal,Ciudad Autónoma Buenos Aires
Renault,Kangoo Express,2012,120300,9000000.0,ARS,Córdoba,Córdoba
Honda,HR-V,2016,134000,18000.0,USD,San Martin,Buenos Aires (A.M.B.A.)
Chevrolet,Spin,2019,115430,18333000.0,ARS,Córdoba,Córdoba
Volkswagen,Vento GLI,2024,27266,50000000.0,ARS,Lanus,Buenos Aires (A.M.B.A.)
FIAT,Punto,2014,127000,12500000.0,ARS,Godoy Cruz,Mendoza
Renault,Clio Mío,2012,46800,12900.0,USD,Casilda,Santa Fe
Chevrolet,Trailblazer,2020,79500,26500.0,USD,Rosario,Santa Fe
Renault,Fluence,2012,180000,11500000.0,ARS,Ayacucho,Buenos Aires
FIAT,Mobi,2020,29800,18500000.0,ARS,La Plata,Buenos Aires
Ford,Ranger,2023,24500,57000000.0,ARS,San Martin,Buenos Aires (A.M.B.A.)
Ford,EcoSport,2017,86207,15000.0,USD,Escobar,Buenos Aires (A.M.B.A.)
Lifan,MyWay,2017,81050,13000.0,USD,Lomas De Zamora,Buenos Aires (A.M.B.A.)
Toyota,RAV4,2008,253000,14800.0,USD,Necochea,Buenos Aires
Citroën,C3,2024,17000,26000000.0,ARS,Mar del Plata,Buenos Aires
Volkswagen,New Beetle,2010,118000,11500.0,USD,Necochea,Buenos Aires
Toyota,Corolla Cross,2022,21000,30900.0,USD,Palermo,Ciudad Autónoma Buenos Aires
Toyota,Etios Hatchback,2023,53000,24800000.0,ARS,Luis Guillón,Buenos Aires (A.M.B.A.)
Chevrolet,Aveo,2012,92500,12000000.0,ARS,José C. Paz,Buenos Aires (A.M.B.A.)
Jeep,Cherokee,2007,300000,14000000.0,ARS,Córdoba,Córdoba
Chevrolet,Agile,2016,109000,8000.0,USD,Los Polvorines,Buenos Aires (A.M.B.A.)
Ford,Mondeo,2020,71000,31500000.0,ARS,Rosario,Santa Fe
Volkswagen,Gol Trend,2020,29000,19000000.0,ARS,General Guemes,Salta
Peugeot,308,2013,84000,10000.0,USD,Mataderos,Ciudad Autónoma Buenos Aires
Chevrolet,Celta,2013,112600,9000000.0,ARS,Don Torcuato,Buenos Aires (A.M.B.A.)
Peugeot,3008 SUV,2020,42000,26900000.0,ARS,Rosario,Santa Fe
Toyota,Hilux,2016,121790,35000000.0,ARS,Escobar,Buenos Aires (A.M.B.A.)
Renault,Clio Mío,2016,88400,12000000.0,ARS,Córdoba,Córdoba
Renault,Fluence,2017,85000,14000.0,USD,Avellaneda,Buenos Aires (A.M.B.A.)
Chevrolet,Onix,2022,70821,20855000.0,ARS,Córdoba,Córdoba
Chevrolet,Cruze,2018,140000,22000000.0,ARS,Salta,Salta
Chevrolet,Cruze,2022,36500,30250000.0,ARS,Palermo,Ciudad Autónoma Buenos Aires
Nissan,Note,2019,60000,19000000.0,ARS,San Francisco,Córdoba
Honda,HR-V,2021,82500,32600000.0,ARS,Russell,Mendoza
Ford,Ranger,2017,175000,22000.0,USD,Don Torcuato,Buenos Aires (A.M.B.A.)
Jeep,Compass,2021,89000,40900000.0,ARS,Puerto Madero,Ciudad Autónoma Buenos Aires
Volkswagen,Amarok,2019,140000,28500000.0,ARS,Bahía Blanca,Buenos Aires
BMW,Serie 3 Coupé,2007,157000,30500.0,USD,Almagro,Ciudad Autónoma Buenos Aires
Subaru,XV,2017,140000,22000.0,USD,Escobar,Buenos Aires (A.M.B.A.)
Volkswagen,Gol Trend,2018,81000,18200000.0,ARS,Maipu,Mendoza
FIAT,Cronos,2022,39500,22500000.0,ARS,Córdoba,Córdoba
Chevrolet,Cruze,2017,105768,19400000.0,ARS,Córdoba,Córdoba
Volkswagen,Voyage,2014,312000,10500000.0,ARS,Lisandro Olmos,Buenos Aires
Citroën,Xsara Picasso,2011,135000,10500000.0,ARS,Bernal,Buenos Aires (A.M.B.A.)
DFSK,C31,2018,170000,18000000.0,ARS,Escobar,Buenos Aires (A.M.B.A.)
Chevrolet,Prisma Joy,2018,158000,14000000.0,ARS,Centenario,Neuquén
FIAT,Toro,2017,140000,24000000.0,ARS,Bahía Blanca,Buenos Aires
Renault,Logan,2020,124000,18500000.0,ARS,Floresta,Ciudad Autónoma Buenos Aires
Honda,Fit,2017,99000,17000.0,USD,La Pala,Buenos Aires
FIAT,Fiorino,2014,148000,12000000.0,ARS,Mendoza,Mendoza
FIAT,Cronos,2023,36500,22500000.0,ARS,Caballito,Ciudad Autónoma Buenos Aires
Ford,Ka,2006,140000,6400000.0,ARS,Lujan de Cuyo,Mendoza
Toyota,Hilux,2019,305000,37500000.0,ARS,Belgrano,Ciudad Autónoma Buenos Aires
Peugeot,208,2018,34000,19990000.0,ARS,Posadas,Misiones
Renault,Duster,2019,78000,20500000.0,ARS,Lomas De Zamora,Buenos Aires (A.M.B.A.)
Honda,HR-V,2016,162000,16500.0,USD,Escobar,Buenos Aires (A.M.B.A.)
Ford,Fiesta,2017,148000,15000000.0,ARS,San Isidro,Buenos Aires (A.M.B.A.)
Renault,Sandero,2011,191000,11800000.0,ARS,Ayacucho,Buenos Aires
Chery,Tiggo 2,2022,114822,20855000.0,ARS,Córdoba,Córdoba
Volkswagen,Scirocco,2013,130000,30000000.0,ARS,Córdoba,Córdoba
Peugeot,207 Compact Sedán,2012,98000,9500000.0,ARS,Córdoba,Córdoba
Ford,EcoSport,2015,129500,9900.0,USD,San Luis,San Luis
Jeep,Renegade,2025,14000,35800000.0,ARS,Necochea,Buenos Aires
MINI,Cooper,2017,83000,21000.0,USD,Mataderos,Ciudad Autónoma Buenos Aires
FIAT,Grand Siena,2015,88800,14000000.0,ARS,San Francisco,Córdoba
Citroën,C4 Lounge,2015,137000,12500000.0,ARS,Merlo,Buenos Aires (A.M.B.A.)
Renault,Clio Mío,2014,102450,11000000.0,ARS,San Isidro,Buenos Aires (A.M.B.A.)
Renault,Sandero Stepway,2018,92000,16200000.0,ARS,Flores,Ciudad Autónoma Buenos Aires
Chevrolet,Cruze,2021,102611,24250000.0,ARS,Córdoba,Córdoba
Mercedes,Clase A Hatchback,2018,90000,33500.0,USD,Puerto Madero,Ciudad Autónoma Buenos Aires
Volkswagen,Suran,2013,181000,11500000.0,ARS,Lanus,Buenos Aires (A.M.B.A.)
Volkswagen,Suran,2015,192000,17000000.0,ARS,Francisco Alvarez,Buenos Aires (A.M.B.A.)
Volkswagen,Gol Trend,2011,62000,12500000.0,ARS,Villa Urquiza,Ciudad Autónoma Buenos Aires
Ford,Ka,2019,78000,10500.0,USD,Saavedra,Ciudad Autónoma Buenos Aires
Lifan,Foison,2017,116000,13900000.0,ARS,San Miguel,Buenos Aires (A.M.B.A.)
BMW,Serie 1,2016,17000,28000.0,USD,San Juan,San Juan
FIAT,Mobi,2018,108000,13000000.0,ARS,Godoy Cruz,Mendoza
Volkswagen,up!,2015,45000,16500000.0,ARS,Neuquén,Neuquén
Chevrolet,Corsa,2008,195000,7000000.0,ARS,Florencio Varela,Buenos Aires (A.M.B.A.)
Citroën,C4 Cactus,2020,68000,21500000.0,ARS,Avellaneda,Buenos Aires (A.M.B.A.)
Renault,Master,2012,200000,28600000.0,ARS,San Martin,Buenos Aires (A.M.B.A.)
Audi,Q5,2019,69000,34000.0,USD,Mendoza,Mendoza
Peugeot,208,2022,30000,18500000.0,ARS,Córdoba,Córdoba
Citroën,C-Elysée,2017,46000,17000000.0,ARS,Florencio Varela,Buenos Aires (A.M.B.A.)
Peugeot,408,2014,59000,16000000.0,ARS,Lanus,Buenos Aires (A.M.B.A.)
Toyota,Etios Hatchback,2020,92000,14000.0,USD,Salta,Salta
Peugeot,208,2019,64000,14900000.0,ARS,Flores,Ciudad Autónoma Buenos Aires
MG,ZS HEV,2026,1000,29900.0,USD,San Cristóbal,Ciudad Autónoma Buenos Aires
Peugeot,Partner,2026,1,9500000.0,ARS,Caballito,Ciudad Autónoma Buenos Aires
MINI,Cooper,2019,105000,20500.0,USD,Godoy Cruz,Mendoza
DS,3,2019,64000,14900.0,USD,Puerto Madero,Ciudad Autónoma Buenos Aires
Ford,Focus,2011,104400,14000000.0,ARS,Guaymallén,Mendoza
Chevrolet,Classic,2013,175000,9000000.0,ARS,Córdoba,Córdoba
Nissan,Tiida Hatchback,2015,143000,12000000.0,ARS,Ushuaia,Tierra del Fuego
BMW,Serie 1,2016,140788,19900.0,USD,Vicente Lopez,Buenos Aires (A.M.B.A.)
Jeep,Renegade,2010,30000,25000000.0,ARS,Cañada de Gomez,Santa Fe
Ford,Fiesta Kinetic Sedán,2011,113000,11500000.0,ARS,Berisso,Buenos Aires
Volkswagen,Suran,2019,78600,19000000.0,ARS,Flores,Ciudad Autónoma Buenos Aires
Peugeot,206,1999,100,3500000.0,ARS,Liniers,Ciudad Autónoma Buenos Aires
Volkswagen,Bora,2011,166100,13000.0,USD,Luján,Buenos Aires
Honda,Fit,2006,198000,8000000.0,ARS,Diamante,Entre Ríos
Ford,Orion,1995,153700,4300000.0,ARS,Lomas De Zamora,Buenos Aires (A.M.B.A.)
Chevrolet,Celta,2012,148000,9700000.0,ARS,Caballito,Ciudad Autónoma Buenos Aires
Nissan,Sentra,2017,148000,18400000.0,ARS,Córdoba,Córdoba
Audi,A1 Sportback,2018,108936,26675000.0,ARS,Córdoba,Córdoba
Volkswagen,Nivus,2021,86600,26000000.0,ARS,Flores,Ciudad Autónoma Buenos Aires
Honda,City,2013,171000,12000000.0,ARS,Rio Grande,Tierra del Fuego
Peugeot,207,2013,86000,10000000.0,ARS,Villa Urquiza,Ciudad Autónoma Buenos Aires
Honda,Fit,2014,124000,13000.0,USD,Caseros,Buenos Aires (A.M.B.A.)
Toyota,Corolla Cross,2022,56000,38700000.0,ARS,Villa Ballester,Buenos Aires (A.M.B.A.)
Ford,Focus,2016,124000,10000000.0,ARS,Moron,Buenos Aires (A.M.B.A.)
Ford,EcoSport,2006,74636,15000000.0,ARS,Lanus,Buenos Aires (A.M.B.A.)
BMW,Serie 1,2017,113000,21500.0,USD,La Pala,Buenos Aires
Renault,Duster,2016,130000,17000000.0,ARS,Villa Carmela,Tucumán
Volkswagen,Vento,2013,186000,18400000.0,ARS,Guaymallén,Mendoza
Audi,Q5,2010,141000,19500000.0,ARS,Córdoba,Córdoba
Ford,Focus Sedán,2016,131500,17500000.0,ARS,Resistencia,Chaco
Jeep,Cherokee,2006,140000,15000.0,USD,Guernica,Buenos Aires (A.M.B.A.)
Peugeot,2008,2019,59000,15000000.0,ARS,San Isidro,Buenos Aires (A.M.B.A.)
FIAT,Cronos,2024,37600,24500000.0,ARS,Villa Pueyrredón,Ciudad Autónoma Buenos Aires
Citroën,C-Elysée,2017,126000,9500.0,USD,Santa Fe,Santa Fe
Peugeot,408,2011,194000,10500000.0,ARS,Vicente Lopez,Buenos Aires (A.M.B.A.)
Toyota,Corolla Cross Hybrid,2023,75000,32000.0,USD,Córdoba,Córdoba
Peugeot,208,2019,56000,15000.0,USD,Caballito,Ciudad Autónoma Buenos Aires
Peugeot,208,2020,51000,6000000.0,ARS,Caballito,Ciudad Autónoma Buenos Aires
Chevrolet,Onix,2021,35200,16000.0,USD,Mar del Plata,Buenos Aires
Honda,HR-V,2020,19300,23000.0,USD,Belgrano,Ciudad Autónoma Buenos Aires
Jeep,Renegade,2016,156000,18000000.0,ARS,Yerba Buena - Marcos Paz,Tucumán
Citroën,C4 Lounge,2020,74000,23900000.0,ARS,Puerto Madero,Ciudad Autónoma Buenos Aires
Volkswagen,Suran,2013,169000,9900000.0,ARS,Villa Adelina,Buenos Aires (A.M.B.A.)
Chevrolet,Cruze,2017,129000,18500000.0,ARS,Villa Constitución,Santa Fe
Peugeot,207,2013,172000,10500000.0,ARS,Escobar,Buenos Aires (A.M.B.A.)
Jeep,Renegade,2018,94000,17000.0,USD,Puerto Madero,Ciudad Autónoma Buenos Aires
Toyota,Corolla,2025,24500,45000000.0,ARS,Mattaldi,Córdoba
Toyota,Etios Sedán,2023,61500,25500000.0,ARS,Parana,Entre Ríos
Peugeot,208,2023,48000,22500000.0,ARS,Floresta,Ciudad Autónoma Buenos Aires
Volkswagen,Golf,2018,99000,22900.0,USD,Villa Sarmiento,Buenos Aires (A.M.B.A.)
Volkswagen,Vento,2017,109000,25000000.0,ARS,Pergamino,Buenos Aires
Mercedes,Sprinter,2000,196000,17000.0,USD,San Fernando Del Valle De Catamarca,Catamarca
Toyota,Etios Sedán,2014,134000,14000000.0,ARS,Parque Patricios,Ciudad Autónoma Buenos Aires
Toyota,Corolla Cross,2021,30600,39900000.0,ARS,Olivos,Buenos Aires (A.M.B.A.)
Renault,Sandero Stepway,2013,120000,10000.0,USD,Esquel,Chubut
Ford,Focus,2019,56400,21700000.0,ARS,Flores,Ciudad Autónoma Buenos Aires
Volkswagen,Golf,2011,102425,9600000.0,ARS,San Luis,San Luis
FIAT,Cronos,2024,43000,24000000.0,ARS,Zárate,Buenos Aires
Volkswagen,Nivus,2023,54000,21000.0,USD,Escobar,Buenos Aires (A.M.B.A.)
Peugeot,206,2000,340000,4500000.0,ARS,San Francisco Del Monte,Mendoza
Renault,Captur,2019,100000,19000000.0,ARS,Yerba Buena - Marcos Paz,Tucumán
Mercedes,Clase E Sedán,2013,93000,24000.0,USD,La Pala,Buenos Aires
Honda,City,2014,138000,13000000.0,ARS,San Isidro,Buenos Aires (A.M.B.A.)
Volkswagen,CrossFox,2016,91000,18500000.0,ARS,San Nicolás de los Arroyos,Buenos Aires
Ford,Ranger,2018,218000,19000.0,USD,La Pala,Buenos Aires
Citroën,C4 Grand Picasso,2012,114000,12500000.0,ARS,Flores,Ciudad Autónoma Buenos Aires
Ford,Ka,2017,120000,7500.0,USD,Agronomía,Ciudad Autónoma Buenos Aires
Volkswagen,New Beetle,2015,70000,18000.0,USD,Nuñez,Ciudad Autónoma Buenos Aires
Volkswagen,Gol Trend,2020,130000,17000000.0,ARS,La Pala,Buenos Aires
Peugeot,208,2024,15000,13000000.0,ARS,Caballito,Ciudad Autónoma Buenos Aires
Volkswagen,Gol Trend,2019,104000,16500000.0,ARS,Flores,Ciudad Autónoma Buenos Aires
FIAT,Toro,2017,177000,19500000.0,ARS,Córdoba,Córdoba
Toyota,Etios Hatchback,2018,105000,15800.0,USD,Don Torcuato,Buenos Aires (A.M.B.A.)
Toyota,Corolla,2015,114400,23000000.0,ARS,San Luis,San Luis
Volkswagen,New Beetle,2016,71000,17900.0,USD,Puerto Madero,Ciudad Autónoma Buenos Aires
Citroën,C3,2015,160,13000000.0,ARS,Posadas,Misiones
Chevrolet,Spark,2012,170000,10000000.0,ARS,Caballito,Ciudad Autónoma Buenos Aires
Renault,Logan,2018,80300,15600000.0,ARS,San Martin,Buenos Aires (A.M.B.A.)
Citroën,C4 Grand Picasso,2009,176000,7000.0,USD,Mar del Plata,Buenos Aires
Volkswagen,Suran,2009,150000,8500000.0,ARS,Córdoba,Córdoba
Peugeot,408,2017,130000,11500000.0,ARS,La Plata,Buenos Aires
Toyota,Yaris,2019,80513,24000000.0,ARS,Escobar,Buenos Aires (A.M.B.A.)
Peugeot,Partner,2016,187000,10500.0,USD,La Plata,Buenos Aires
Toyota,Etios Sedán,2015,258000,14500000.0,ARS,Ayacucho,Buenos Aires
Renault,Clio Mío,2014,92000,11000000.0,ARS,Balvanera,Ciudad Autónoma Buenos Aires
FIAT,Toro,2025,11500,23500.0,USD,Villa Lugano,Ciudad Autónoma Buenos Aires
Volkswagen,Gol Trend,2009,187000,9200000.0,ARS,Monserrat,Ciudad Autónoma Buenos Aires
Toyota,Corolla,2012,157000,16900000.0,ARS,Dorrego,Mendoza
Volkswagen,Nivus,2021,127000,23000000.0,ARS,Arequito,Santa Fe
Dodge,Journey,2012,212000,9000.0,USD,Chacarita,Ciudad Autónoma Buenos Aires
Toyota,Etios Hatchback,2016,171000,14300000.0,ARS,Tigre,Buenos Aires (A.M.B.A.)
Daihatsu,Cuore,1994,1000,78000000.0,ARS,Vistalba,Mendoza
FIAT,Grand Siena,2012,155000,11899999.0,ARS,Boedo,Ciudad Autónoma Buenos Aires
Ford,Ranger,2023,36000,32500.0,USD,Saavedra,Ciudad Autónoma Buenos Aires
Ford,Fiesta,2016,137000,16500000.0,ARS,Ayacucho,Buenos Aires
FIAT,Cronos,2022,54001,13500.0,USD,Flores,Ciudad Autónoma Buenos Aires
FIAT,Toro,2023,58000,34500000.0,ARS,Hernando,Córdoba
Ford,Focus,2018,96000,24500000.0,ARS,San Nicolás,Ciudad Autónoma Buenos Aires
Volkswagen,Gol Trend,2019,82000,15800000.0,ARS,Córdoba,Córdoba
Volkswagen,Polo 5P,2018,89000,19000000.0,ARS,Rosario,Santa Fe
Mitsubishi,Montero,2006,211000,17000.0,USD,San Fernando Del Valle De Catamarca,Catamarca
Ford,EcoSport,2007,160000,9500000.0,ARS,Córdoba,Córdoba
Peugeot,308 CC,2014,82000,13900000.0,ARS,Posadas,Misiones
Toyota,Etios Hatchback,2018,84700,14300.0,USD,Chacarita,Ciudad Autónoma Buenos Aires
Ford,Ranger,2020,162200,33000000.0,ARS,Parana,Entre Ríos
Audi,A1,2017,18000,19500.0,USD,Villa Devoto,Ciudad Autónoma Buenos Aires
Daihatsu,Feroza,1980,123454,14500.0,USD,La Pala,Buenos Aires
Chevrolet,Cruze,2022,81330,28000000.0,ARS,San Francisco,Córdoba
Citroën,C3,2011,196000,6800000.0,ARS,Flores,Ciudad Autónoma Buenos Aires
FIAT,Argo,2018,82000,13500.0,USD,Versalles,Ciudad Autónoma Buenos Aires
DS,3,2018,83000,20000000.0,ARS,La Pala,Buenos Aires
Chevrolet,C 10,1970,10547,6300000.0,ARS,Mocoretá,Corrientes
Chevrolet,Prisma,2016,155000,13000000.0,ARS,Gálvez,Santa Fe
Peugeot,3008 SUV,2024,24466,45000000.0,ARS,Moron,Buenos Aires (A.M.B.A.)
Volkswagen,Gol Trend,2016,92000,13500000.0,ARS,Belgrano,Ciudad Autónoma Buenos Aires
Peugeot,408,2011,100000,6000000.0,ARS,Villa Del Parque,Ciudad Autónoma Buenos Aires
Peugeot,208,2023,21000,4000000.0,ARS,Caballito,Ciudad Autónoma Buenos Aires
Toyota,Hilux,2025,700,80000000.0,ARS,Mar del Plata,Buenos Aires
Ford,EcoSport,2018,33200,20500000.0,ARS,Ituzaingo,Buenos Aires (A.M.B.A.)
Nissan,Kicks,2021,89000,19900.0,USD,San Andres,Buenos Aires (A.M.B.A.)
Citroën,C4,2014,187635,11000000.0,ARS,Escobar,Buenos Aires (A.M.B.A.)
Jeep,Renegade,2017,90600,15000.0,USD,Necochea,Buenos Aires
Peugeot,208,2019,53000,7000000.0,ARS,Caballito,Ciudad Autónoma Buenos Aires
Peugeot,308,2016,115000,15500000.0,ARS,San Nicolás de los Arroyos,Buenos Aires
Peugeot,408,2012,293000,7900000.0,ARS,Rosario,Santa Fe
Renault,Logan,2024,59000,23500000.0,ARS,La Paternal,Ciudad Autónoma Buenos Aires
Chevrolet,Cruze,2017,173000,16000000.0,ARS,Salta,Salta
Volkswagen,Suran,2018,93400,18000000.0,ARS,Parana,Entre Ríos
BMW,Serie 3 Sedán,2013,130000,26000.0,USD,Córdoba,Córdoba
Toyota,Corolla,2013,130000,7700000.0,ARS,Martinez,Buenos Aires (A.M.B.A.)
Chevrolet,S 10,2020,58000,38500000.0,ARS,Maipu,Mendoza
Volkswagen,Taos,2024,22000,28500.0,USD,Pilar,Buenos Aires (A.M.B.A.)
Nissan,Versa,2021,60000,17000.0,USD,Olivos,Buenos Aires (A.M.B.A.)
FIAT,Fastback,2025,11000,35500000.0,ARS,Córdoba,Córdoba
Ford,Fiesta Kinetic,2012,230000,8400.0,USD,Guaymallén,Mendoza
Peugeot,208,2018,78000,11900.0,USD,Banfield,Buenos Aires (A.M.B.A.)
Peugeot,207 Compact,2013,134000,12000000.0,ARS,La Pala,Buenos Aires
Chevrolet,Cruze,2017,135000,19900000.0,ARS,Puerto Madero,Ciudad Autónoma Buenos Aires
Volkswagen,Virtus,2023,54000,24000000.0,ARS,Merlo,Buenos Aires (A.M.B.A.)
Chevrolet,Cruze 5,2022,52000,28750000.0,ARS,Justiniano Posse,Córdoba
Renault,Master,2011,335000,24500000.0,ARS,Ramos Mejia,Buenos Aires (A.M.B.A.)
Peugeot,Expert,2020,66000,15900000.0,ARS,Caballito,Ciudad Autónoma Buenos Aires
FIAT,Punto,2012,275000,10800000.0,ARS,Lujan de Cuyo,Mendoza
Renault,Logan,2017,150000,11000000.0,ARS,Paso Del Rey,Buenos Aires (A.M.B.A.)
Peugeot,208,2023,21500,26000000.0,ARS,Rosario,Santa Fe
FIAT,Toro,2018,159000,16000.0,USD,Córdoba,Córdoba
Toyota,Hilux,2013,137000,28000.0,USD,Avellaneda,Buenos Aires (A.M.B.A.)
Renault,Fluence,2017,125000,16000000.0,ARS,Ituzaingo,Buenos Aires (A.M.B.A.)
FIAT,Uno,1994,283000,1800000.0,ARS,Parana,Entre Ríos
MG,3,2026,1000,25900.0,USD,San Cristóbal,Ciudad Autónoma Buenos Aires
Chevrolet,Corsa,2011,160000,7000000.0,ARS,Resistencia,Chaco
Peugeot,208,2024,55000,12000000.0,ARS,Caballito,Ciudad Autónoma Buenos Aires
Chery,QQ,2012,198600,4800000.0,ARS,Ramos Mejia,Buenos Aires (A.M.B.A.)
Citroën,Xsara Picasso,2008,166000,7500000.0,ARS,Parque Chacabuco,Ciudad Autónoma Buenos Aires
Volkswagen,Taos,2024,25000,5999999.0,ARS,Flores,Ciudad Autónoma Buenos Aires
Ford,Fiesta Kinetic,2015,144000,9990.0,USD,Flores,Ciudad Autónoma Buenos Aires
Honda,Accord,2011,93000,14000.0,USD,Villa Nueva,Mendoza
Audi,A5 Coupé,2010,186000,25000.0,USD,Salsipuedes,Córdoba
Peugeot,208,2024,20800,26000000.0,ARS,Mendoza,Mendoza
Renault,Duster,2013,260000,12000000.0,ARS,Córdoba,Córdoba
Chevrolet,Cruze,2021,95000,20000000.0,ARS,Rosario,Santa Fe
Volkswagen,Gol Trend,2015,250000,10500000.0,ARS,Florencio Varela,Buenos Aires (A.M.B.A.)
Mercedes,Clase GLA AMG,2024,12000,64000.0,USD,Villa Maria,Córdoba
FIAT,Siena,2015,150000,1095000.0,ARS,Hurlingham,Buenos Aires (A.M.B.A.)
Ford,Ka,2016,53200,11000.0,USD,Santa Fe,Santa Fe
Ford,Ka,2017,133000,14000000.0,ARS,La Pala,Buenos Aires
Citroën,C3,2014,75000,11900000.0,ARS,Rosario,Santa Fe
Peugeot,207 Compact,2012,136000,10990000.0,ARS,Flores,Ciudad Autónoma Buenos Aires
Audi,Q2,2024,9527,42500.0,USD,Pilar,Buenos Aires (A.M.B.A.)
Chevrolet,Tracker,2016,150000,17500000.0,ARS,Pilar,Buenos Aires
Peugeot,208,2017,64000,17000000.0,ARS,La Plata,Buenos Aires
Volkswagen,Nivus,2022,90000,24500.0,USD,Villa Urquiza,Ciudad Autónoma Buenos Aires
Peugeot,208,2019,55000,12000000.0,ARS,Caballito,Ciudad Autónoma Buenos Aires
FIAT,Punto,2013,140000,12000000.0,ARS,Ensenada,Buenos Aires
Peugeot,2008,2016,187000,9800.0,USD,Banfield,Buenos Aires (A.M.B.A.)
Chery,Tiggo 3,2019,137000,17000000.0,ARS,Mendoza,Mendoza
Ford,Ranger Raptor,2024,20200,75000.0,USD,Vicente Lopez,Buenos Aires (A.M.B.A.)
Ford,Ka,2019,57000,16800000.0,ARS,Necochea,Buenos Aires
Renault,Fluence,2013,174000,11500000.0,ARS,Avellaneda,Buenos Aires (A.M.B.A.)
Renault,Logan,2018,138000,14000000.0,ARS,Hurlingham,Buenos Aires (A.M.B.A.)
Renault,Captur,2017,72000,22000000.0,ARS,Río Cuarto,Córdoba
Chevrolet,Agile,2014,94000,11000000.0,ARS,Flores,Ciudad Autónoma Buenos Aires
Volkswagen,Suran,2015,92000,16000000.0,ARS,San Martin de los Andes,Neuquén
FIAT,Toro,2018,190000,13000.0,USD,Martinez,Buenos Aires (A.M.B.A.)
RAM,1500,2022,74000,53500.0,USD,Tigre,Buenos Aires (A.M.B.A.)
Volkswagen,Voyage,2009,176000,9500000.0,ARS,Dorrego,Mendoza
FIAT,Cronos,2021,7600,22000000.0,ARS,Olivos,Buenos Aires (A.M.B.A.)
Ford,Fiesta Kinetic,2013,160000,12600000.0,ARS,Rosario,Santa Fe
Renault,Clio,2006,163000,4800000.0,ARS,Avellaneda,Buenos Aires (A.M.B.A.)
Toyota,Hilux,2019,361000,27500000.0,ARS,Neuquén,Neuquén
Ford,Ranger,2015,270000,19500000.0,ARS,Lujan de Cuyo,Mendoza
Isuzu,Trooper,1998,303000,10500.0,USD,Córdoba,Córdoba
Chevrolet,Equinox,2024,42000,46500000.0,ARS,Villa Constitución,Santa Fe
Nissan,Sentra,2021,53000,28500000.0,ARS,Villa Ballester,Buenos Aires (A.M.B.A.)
FIAT,Uno,2011,244000,8000.0,USD,Nuñez,Ciudad Autónoma Buenos Aires
Renault,Clio Mío,2013,156000,11000000.0,ARS,Neuquén,Neuquén
Ford,Ranger,2014,257000,25000000.0,ARS,Palermo,Ciudad Autónoma Buenos Aires
Volkswagen,Polo,2016,83000,14000000.0,ARS,Villa Devoto,Ciudad Autónoma Buenos Aires
Volkswagen,Amarok,2019,144000,38500.0,USD,Lujan de Cuyo,Mendoza
Citroën,Xsara Picasso,2012,123000,12000000.0,ARS,Escobar,Buenos Aires (A.M.B.A.)
Volkswagen,Gol Trend,2019,93000,15500000.0,ARS,Avellaneda,Buenos Aires (A.M.B.A.)
Ford,Ka,2013,96000,8900000.0,ARS,Villa Ballester,Buenos Aires (A.M.B.A.)
Chevrolet,Onix Joy,2021,65000,17000000.0,ARS,Río Tercero,Córdoba
Renault,Sandero,2018,75000,17500000.0,ARS,Parque Avellaneda,Ciudad Autónoma Buenos Aires
Chevrolet,Onix Plus,2020,73000,19500000.0,ARS,Boedo,Ciudad Autónoma Buenos Aires
Ford,Territory,2024,44000,32000.0,USD,Córdoba,Córdoba
Peugeot,208,2013,132000,14300000.0,ARS,Lanus,Buenos Aires (A.M.B.A.)
Volkswagen,up!,2015,206273,8000.0,USD,Escobar,Buenos Aires (A.M.B.A.)
Ford,Focus,2011,48157,14500000.0,ARS,Flores,Ciudad Autónoma Buenos Aires
BMW,Serie 3 Sedán,2012,160500,17000.0,USD,Lomas De Zamora,Buenos Aires (A.M.B.A.)
Volkswagen,Fox,2015,130000,15000000.0,ARS,Córdoba,Córdoba
Nissan,Versa,2017,85000,15500000.0,ARS,Versalles,Ciudad Autónoma Buenos Aires
Peugeot,208,2024,24000,20000.0,USD,Córdoba,Córdoba
Chevrolet,Meriva,2010,220000,8300000.0,ARS,Santa Fe,Santa Fe
Toyota,Corolla Cross Hybrid,2024,9000,33500.0,USD,Villa Ballester,Buenos Aires (A.M.B.A.)
Chevrolet,Classic,2015,98000,10200000.0,ARS,Córdoba,Córdoba
Chevrolet,Cruze,2018,103000,21000000.0,ARS,Escobar,Buenos Aires (A.M.B.A.)
FIAT,Argo,2018,106000,18000000.0,ARS,San Nicolás,Ciudad Autónoma Buenos Aires
Mercedes,Clase A Hatchback,2019,83000,35500.0,USD,Banfield,Buenos Aires (A.M.B.A.)
Jeep,Renegade,2027,24000,23800.0,USD,Vicente Lopez,Buenos Aires (A.M.B.A.)
Chery,Tiggo 3,2017,180000,12000.0,USD,Mar del Plata,Buenos Aires
Volkswagen,Gol Country,2013,13000,10900000.0,ARS,Gonzalez Catán,Buenos Aires (A.M.B.A.)
Volkswagen,Amarok,2023,102000,40500000.0,ARS,Yerba Buena - Marcos Paz,Tucumán
Peugeot,2008,2021,41000,23000000.0,ARS,Córdoba,Córdoba
FIAT,Punto,2015,165369,9600000.0,ARS,Valentin Alsina,Buenos Aires (A.M.B.A.)
Chevrolet,Corsa Classic,2016,86000,11500000.0,ARS,Olivos,Buenos Aires (A.M.B.A.)
Renault,Duster,2017,159000,11900.0,USD,Barracas,Ciudad Autónoma Buenos Aires
Peugeot,307,2011,168000,9000.0,USD,Escobar,Buenos Aires (A.M.B.A.)
Ford,Focus Sedán,2014,80000,17500000.0,ARS,Lujan de Cuyo,Mendoza
Volkswagen,Voyage,2013,202000,11500000.0,ARS,Escobar,Buenos Aires (A.M.B.A.)
Chevrolet,Cobalt,2016,131500,1250000.0,ARS,Ushuaia,Tierra del Fuego
Volkswagen,Amarok,2014,210000,26000000.0,ARS,La Plata,Buenos Aires
Toyota,SW4,2017,96000,38000.0,USD,Mar del Plata,Buenos Aires
Ford,Fiesta Kinetic,2016,102000,16000000.0,ARS,Córdoba,Córdoba
Alfa Romeo,MiTo,2011,119000,11800.0,USD,Monte Castro,Ciudad Autónoma Buenos Aires
Toyota,Corolla,2021,94000,29800000.0,ARS,Saavedra,Ciudad Autónoma Buenos Aires
Renault,Kwid,2018,76000,12600000.0,ARS,Mendoza,Mendoza
Ford,Ka,2020,75000,17500000.0,ARS,Versalles,Ciudad Autónoma Buenos Aires
Peugeot,206,2012,199000,10000000.0,ARS,Olivos,Buenos Aires (A.M.B.A.)
Peugeot,308,2014,123000,16000000.0,ARS,Lomas De Zamora,Buenos Aires (A.M.B.A.)
FIAT,Qubo,2012,183500,13500000.0,ARS,Moreno,Buenos Aires (A.M.B.A.)
Ford,Fiesta Kinetic,2014,130,12000000.0,ARS,Villa Elisa,Buenos Aires
Ford,EcoSport,2013,236000,9000.0,USD,Lomas De Zamora,Buenos Aires (A.M.B.A.)
Ford,Ranger,2017,148000,17500.0,USD,Escobar,Buenos Aires (A.M.B.A.)
FIAT,Cronos,2020,96000,17300000.0,ARS,Córdoba,Córdoba
Toyota,Corolla Cross,2021,77500,38500000.0,ARS,Córdoba,Córdoba
Chevrolet,Tracker,2023,72272,31360000.0,ARS,Córdoba,Córdoba
Mercedes,Viano,2004,147000,18000.0,USD,Flores,Ciudad Autónoma Buenos Aires
Chevrolet,S 10,2012,315000,16500000.0,ARS,Ayacucho,Buenos Aires
Ford,Ranger,2021,160000,42500000.0,ARS,Bahía Blanca,Buenos Aires
Volkswagen,Voyage,2016,95600,12500000.0,ARS,Villa Fiad - Ingenio Leales,Tucumán
Peugeot,2008,2017,86500,17000000.0,ARS,Villa Urquiza,Ciudad Autónoma Buenos Aires
FIAT,Cronos,2025,2100,31700000.0,ARS,Monserrat,Ciudad Autónoma Buenos Aires
Peugeot,308,2014,114000,15400000.0,ARS,Ezeiza,Buenos Aires (A.M.B.A.)
Citroën,C3,2013,106000,12500000.0,ARS,Escobar,Buenos Aires (A.M.B.A.)
Ford,Focus,2009,193000,8000.0,USD,Escobar,Buenos Aires (A.M.B.A.)
Citroën,Berlingo Furgón,2018,120000,16300000.0,ARS,Bernal,Buenos Aires (A.M.B.A.)
Ford,Fiesta Kinetic,2014,101000,13500000.0,ARS,Rosario,Santa Fe
Toyota,Hilux,2022,65000,68000000.0,ARS,Neuquén,Neuquén
Renault,Clio Mío,2016,210000,11500000.0,ARS,Boedo,Ciudad Autónoma Buenos Aires
Jeep,Compass,2020,53356,28500000.0,ARS,San Luis,San Luis
Toyota,Etios Sedán,2020,55000,21000000.0,ARS,Palermo,Ciudad Autónoma Buenos Aires
BMW,X1,2013,142000,16000.0,USD,Escobar,Buenos Aires (A.M.B.A.)
Peugeot,207 Compact,2015,65000,11500000.0,ARS,Las Varillas,Córdoba
Volkswagen,Fox,2012,117000,12500000.0,ARS,Rosario,Santa Fe
Hyundai,Genesis Coupé,2010,40000,22000.0,USD,Villa Luro,Ciudad Autónoma Buenos Aires
Volkswagen,Gol Trend,2021,90000,18300000.0,ARS,Villa Urquiza,Ciudad Autónoma Buenos Aires
Audi,Q3,2019,91800,27990.0,USD,Monte Castro,Ciudad Autónoma Buenos Aires
Renault,Clio,2013,99000,11000000.0,ARS,Río Cuarto,Córdoba
Ford,Ka,2018,109000,14300000.0,ARS,Villa Devoto,Ciudad Autónoma Buenos Aires
Renault,Sandero,2016,190000,14000000.0,ARS,Concordia,Entre Ríos
Citroën,C3,2019,133000,17000000.0,ARS,Salta,Salta
Ford,Ranger,2019,35000,32000000.0,ARS,Rodeo De La Cruz,Mendoza
FIAT,Toro,2018,117000,25800000.0,ARS,Córdoba,Córdoba
Toyota,Hilux,2015,234000,23499998.0,ARS,Rufino,Santa Fe
Volkswagen,Vento,2015,123500,16800000.0,ARS,Avellaneda,Buenos Aires (A.M.B.A.)
Ford,Fiesta,2014,154000,13899000.0,ARS,Córdoba,Córdoba
Lifan,Foison,2020,108000,17500000.0,ARS,Paternal,Ciudad Autónoma Buenos Aires
Volkswagen,Taos,2025,9200,42500000.0,ARS,Puerto Madero,Ciudad Autónoma Buenos Aires
Chevrolet,Cruze,2022,80000,25500000.0,ARS,Florencio Varela,Buenos Aires (A.M.B.A.)
Peugeot,Partner,2020,70533,14000.0,USD,Rosario,Santa Fe
Renault,Duster,2017,133000,16000000.0,ARS,Cosquín,Córdoba
Subaru,Forester,2016,99000,25500.0,USD,Bahía Blanca,Buenos Aires
Citroën,C4 Aircross,2014,133500,10500.0,USD,Villa Urquiza,Ciudad Autónoma Buenos Aires
FIAT,Palio,2016,109285,14000000.0,ARS,San Luis,San Luis
Ford,EcoSport,2018,87000,22000000.0,ARS,Salta,Salta
Audi,A4,2021,77500,34900.0,USD,Villa Urquiza,Ciudad Autónoma Buenos Aires
FIAT,Palio Weekend,2011,200000,10500000.0,ARS,Bahía Blanca,Buenos Aires
Peugeot,208,2021,50000,7500000.0,ARS,Caballito,Ciudad Autónoma Buenos Aires
Ford,Maverick,2025,4900,35500.0,USD,Puerto Madero,Ciudad Autónoma Buenos Aires
Volkswagen,Polo,2007,30000,9800000.0,ARS,Villa Constitución,Santa Fe
Honda,HR-V,2017,136000,15500.0,USD,Ciudadela,Buenos Aires (A.M.B.A.)
Toyota,Hilux,2021,95000,25000000.0,ARS,Eldorado,Misiones
Peugeot,208,2024,15000,3000000.0,ARS,Flores,Ciudad Autónoma Buenos Aires
Volkswagen,Amarok,2021,148000,43000000.0,ARS,Concordia,Entre Ríos
Toyota,Hilux,2008,211000,27500000.0,ARS,Salta,Salta
Nissan,Kicks,2024,78000,36000000.0,ARS,Salta,Salta
Renault,Kangoo Express,2013,186000,12000000.0,ARS,Paternal,Ciudad Autónoma Buenos Aires
Peugeot,207,2012,114243,11000000.0,ARS,San Luis,San Luis
Renault,Kangoo Express,2022,90000,27500000.0,ARS,La Tablada,Buenos Aires (A.M.B.A.)
Peugeot,2008,2018,50000,20000000.0,ARS,Belgrano,Ciudad Autónoma Buenos Aires
FIAT,Uno,2014,180000,8249999.0,ARS,Mayor Drummond,Mendoza
FIAT,Punto,2015,136000,12750000.0,ARS,La Tablada,Buenos Aires (A.M.B.A.)
Renault,Sandero,2018,116000,17000000.0,ARS,Barrio Las Margaritas,Buenos Aires
Volkswagen,Amarok,2019,78500,32000000.0,ARS,Dorrego,Mendoza
Renault,Sandero,2019,128000,18200000.0,ARS,Tristan Suarez,Buenos Aires (A.M.B.A.)
Renault,Kwid,2018,62660,12300000.0,ARS,Boedo,Ciudad Autónoma Buenos Aires
Ford,EcoSport,2017,143000,11500.0,USD,Las Flores,Buenos Aires
Peugeot,3008 SUV,2018,85000,23500.0,USD,Córdoba,Córdoba
Volkswagen,Bora,2013,149000,12500.0,USD,Castelar,Buenos Aires (A.M.B.A.)
Peugeot,5008 SUV,2018,23000,21000.0,USD,Haedo,Buenos Aires (A.M.B.A.)
FIAT,Argo,2018,90000,16500000.0,ARS,Posadas,Misiones
Renault,Kwid,2019,85000,11900.0,USD,Olivos,Buenos Aires (A.M.B.A.)
Peugeot,208,2022,30000,6500000.0,ARS,Caballito,Ciudad Autónoma Buenos Aires
Audi,Q5,2011,171000,22500000.0,ARS,Monte Caseros,Corrientes
Suzuki,Fun,2007,187000,7200000.0,ARS,Martinez,Buenos Aires (A.M.B.A.)
FIAT,Pulse Abarth,2025,31,40964000.0,ARS,Córdoba,Córdoba
Ford,F-100,1993,214000,25000.0,USD,La Plata,Buenos Aires
Peugeot,208,2021,32000,9000000.0,ARS,Caballito,Ciudad Autónoma Buenos Aires
Citroën,Basalt,2025,21000,27000000.0,ARS,Moreno,Buenos Aires (A.M.B.A.)
Peugeot,208,2021,37000,6500000.0,ARS,Caballito,Ciudad Autónoma Buenos Aires
Chevrolet,Astra,2008,148000,7500000.0,ARS,El Challao,Mendoza
Toyota,Yaris,2021,93500,25000000.0,ARS,Resistencia,Chaco
Citroën,C4 Grand Picasso,2013,204000,7200.0,USD,Martinez,Buenos Aires (A.M.B.A.)
Volkswagen,Voyage,2013,159400,9500.0,USD,Mar del Plata,Buenos Aires
Mercedes,Clase A Hatchback,2026,100,56500.0,USD,Don Torcuato,Buenos Aires (A.M.B.A.)
Volkswagen,Suran,2010,141768,10500000.0,ARS,Floresta,Ciudad Autónoma Buenos Aires
Citroën,C4 Lounge,2016,131500,13800000.0,ARS,Córdoba,Córdoba
KIA,Sportage,2010,220000,12000000.0,ARS,Rosario,Santa Fe
Renault,Sandero Stepway,2010,210000,10699999.0,ARS,Mayor Drummond,Mendoza
Citroën,C4 Grand Picasso,2017,170000,20500000.0,ARS,Cañada de Gomez,Santa Fe
Peugeot,208,2025,15000,26900000.0,ARS,Las Corzuelas,Córdoba
Ford,F-100,1980,400000,10200000.0,ARS,Villa Mercedes,San Luis
Nissan,Tiida,2014,188000,14000000.0,ARS,Córdoba,Córdoba
Peugeot,Hoggar,2013,160000,11000000.0,ARS,Salta,Salta
Nissan,Pathfinder,1992,430000,7500000.0,ARS,Villa Gesell,Buenos Aires
Peugeot,Partner,2019,34000,6000000.0,ARS,Caballito,Ciudad Autónoma Buenos Aires
Nissan,Kicks,2020,98000,18500.0,USD,1a. Seccion,Mendoza
FIAT,Toro,2017,110000,20000000.0,ARS,Obera,Misiones
Peugeot,2008,2022,50000,9000000.0,ARS,Caballito,Ciudad Autónoma Buenos Aires
Renault,Kardian,2026,1,39000000.0,ARS,Córdoba,Córdoba
Ford,Bronco Sport,2021,49000,20000000.0,ARS,Río Cuarto,Córdoba
Peugeot,208,2022,32000,7000000.0,ARS,Caballito,Ciudad Autónoma Buenos Aires
Citroën,C3,2019,48000,16900000.0,ARS,Rosario,Santa Fe
Volkswagen,Vento,2018,177500,21500000.0,ARS,La Plata,Buenos Aires
Toyota,Corolla,2016,167000,15000.0,USD,Lomas De Zamora,Buenos Aires (A.M.B.A.)
Jeep,Compass,2021,56000,30500000.0,ARS,Rosario,Santa Fe
Mercedes,Clase A Hatchback,2014,19000,27000.0,USD,Villa Urquiza,Ciudad Autónoma Buenos Aires
Ford,EcoSport,2015,95500,15500000.0,ARS,Lujan de Cuyo,Mendoza
Peugeot,208,2021,45000,7000000.0,ARS,Caballito,Ciudad Autónoma Buenos Aires
Peugeot,206,2007,233765,7500000.0,ARS,Guaymallén,Mendoza
FIAT,Cronos,2019,76000,18000000.0,ARS,Córdoba,Córdoba
Audi,RS 3 Sportback,2018,86000,68900.0,USD,Villa Urquiza,Ciudad Autónoma Buenos Aires
Peugeot,Partner,2012,162692,12000000.0,ARS,Escobar,Buenos Aires (A.M.B.A.)
FIAT,Punto,2010,173000,7500000.0,ARS,Córdoba,Córdoba
Ford,Ranger,2025,44000,69900000.0,ARS,Ayacucho,Buenos Aires
FIAT,Strada,2022,130000,24900000.0,ARS,Rodeo De La Cruz,Mendoza
Renault,Clio,2006,168000,7000000.0,ARS,Parana,Entre Ríos
Peugeot,208,2017,700000,16000000.0,ARS,Posadas,Misiones
Renault,Master,2009,171000,23500000.0,ARS,San Francisco,Córdoba
Renault,Sandero Stepway,2022,52000,20000000.0,ARS,Lanus,Buenos Aires (A.M.B.A.)
Volkswagen,Nivus,2024,22500,3499999.0,ARS,Flores,Ciudad Autónoma Buenos Aires
Honda,Fit,2014,130300,13500.0,USD,Neuquén,Neuquén
KIA,Sportage,2018,107000,25000.0,USD,General Pico,La Pampa
Ford,Focus,2015,188000,12000.0,USD,Luján,Buenos Aires
Volkswagen,Nivus,2024,20000,3499999.0,ARS,Flores,Ciudad Autónoma Buenos Aires
Toyota,Etios Sedán,2018,50000,19400000.0,ARS,Villa Urquiza,Ciudad Autónoma Buenos Aires
Honda,Civic,2014,186000,13000.0,USD,Vicente Lopez,Buenos Aires (A.M.B.A.)
Volkswagen,Vento,2014,168500,15500000.0,ARS,Santa Lucía,Buenos Aires
Chevrolet,Cruze 5,2017,148000,15000.0,USD,General Pacheco,Buenos Aires (A.M.B.A.)
Peugeot,3008 SUV,2022,38000,28000.0,USD,Chacarita,Ciudad Autónoma Buenos Aires
Ford,Ranger,2016,181215,31000000.0,ARS,Córdoba,Córdoba
Ford,Ranger,2015,176800,25000000.0,ARS,Córdoba,Córdoba
Citroën,Xsara Picasso,2009,142000,7200.0,USD,San Justo,Buenos Aires (A.M.B.A.)
Ford,Ka,2004,260000,5500000.0,ARS,Mendoza,Mendoza
Hyundai,i10,2011,195000,6900.0,USD,Boedo,Ciudad Autónoma Buenos Aires
Mercedes,Clase GLA,2021,27000,96900.0,USD,Villa Urquiza,Ciudad Autónoma Buenos Aires
Ford,Ranger,2018,90000,36000000.0,ARS,Tafi Viejo,Tucumán
Ford,Ranger,2014,198000,18900.0,USD,Versalles,Ciudad Autónoma Buenos Aires
Nissan,Versa,2023,9700,28000000.0,ARS,Avellaneda,Buenos Aires (A.M.B.A.)
Peugeot,208,2022,36000,7000000.0,ARS,Caballito,Ciudad Autónoma Buenos Aires
Chevrolet,Tracker,2014,139000,15499000.0,ARS,Córdoba,Córdoba
Audi,Q8,2021,27000,99000.0,USD,Villa Urquiza,Ciudad Autónoma Buenos Aires
Chevrolet,Cruze,2018,175000,12500.0,USD,Villa Urquiza,Ciudad Autónoma Buenos Aires
Ford,Ranger,2024,29000,35500000.0,ARS,Concordia,Entre Ríos
FIAT,Palio Weekend,2007,202000,8700000.0,ARS,San Martin,Buenos Aires (A.M.B.A.)
Ford,EcoSport,2015,153000,18200000.0,ARS,Hurlingham,Buenos Aires (A.M.B.A.)
Alfa Romeo,MiTo,2013,132000,17500000.0,ARS,Córdoba,Córdoba
Hyundai,HB20,2025,10000,20000.0,USD,Recoleta,Ciudad Autónoma Buenos Aires
Volkswagen,Golf,2016,134000,14500000.0,ARS,Rosario,Santa Fe
Nissan,Note,2017,82000,15800000.0,ARS,Vicente Lopez,Buenos Aires (A.M.B.A.)
Chevrolet,Prisma,2015,88514,15500000.0,ARS,Junín,Buenos Aires
Chevrolet,Tracker,2025,2500,37000000.0,ARS,San Vicente,Misiones
Peugeot,207 Compact,2011,148000,1000000.0,ARS,Rosario,Santa Fe
MINI,Cooper Countryman,2017,123000,21900.0,USD,Villa Urquiza,Ciudad Autónoma Buenos Aires
Volkswagen,Amarok,2022,42000,38000000.0,ARS,La Plata,Buenos Aires
Volkswagen,Gol Trend,2019,82000,17200000.0,ARS,Tanti,Córdoba
Renault,Sandero,2018,96000,15000000.0,ARS,General Guemes,Salta
Peugeot,2008,2016,115000,15000000.0,ARS,San Telmo,Ciudad Autónoma Buenos Aires
Mercedes,Clase SLK,2018,47000,38000000.0,ARS,Yerba Buena - Marcos Paz,Tucumán
Volkswagen,Vento,2016,50000,18000.0,USD,Villa Luro,Ciudad Autónoma Buenos Aires
Chevrolet,Cruze,2023,70,30000.0,USD,Córdoba,Córdoba
Ford,EcoSport,2014,173000,15000000.0,ARS,Córdoba,Córdoba
Citroën,C4 Lounge,2018,34890,18000000.0,ARS,Puerto Iguazú,Misiones
Peugeot,2008,2016,112000,11000.0,USD,Floresta,Ciudad Autónoma Buenos Aires
DS,3,2018,16000,14900.0,USD,San Miguel de Tucumán,Tucumán
Chevrolet,Onix Joy,2017,66000,9800.0,USD,Coghlan,Ciudad Autónoma Buenos Aires
Chevrolet,Cobalt,2015,118000,12200000.0,ARS,Parque Patricios,Ciudad Autónoma Buenos Aires
Jeep,Renegade,2021,80100,19900.0,USD,Cosquín,Córdoba
Honda,City,2014,255,14400000.0,ARS,Godoy Cruz,Mendoza
Citroën,C4 Lounge,2014,85500,13500000.0,ARS,Alejandro Korn,Buenos Aires
Ford,T,1929,1000,19500.0,USD,Las Heras,Mendoza
Chevrolet,Montana,2012,233765,12000000.0,ARS,Guaymallén,Mendoza
Chevrolet,Astra,2008,267000,10500000.0,ARS,Córdoba,Córdoba
Renault,Duster,2018,161700,18899000.0,ARS,Córdoba,Córdoba
Peugeot,Expert,2019,64000,15450000.0,ARS,Caballito,Ciudad Autónoma Buenos Aires
Renault,Sandero Stepway,2025,100,27500000.0,ARS,Córdoba,Córdoba
Renault,Duster,2016,78000,19000000.0,ARS,Resistencia,Chaco
Renault,Kangoo Express,2012,146000,10000000.0,ARS,Quilmes,Buenos Aires (A.M.B.A.)
Toyota,GR Yaris,2021,17000,48900.0,USD,Villa Urquiza,Ciudad Autónoma Buenos Aires
Volkswagen,Polo,1996,118000,4000000.0,ARS,Chacarita,Ciudad Autónoma Buenos Aires
FIAT,Siena,2015,163867,12000000.0,ARS,Escobar,Buenos Aires (A.M.B.A.)
Citroën,C3,2020,54000,16800000.0,ARS,Córdoba,Córdoba
Volkswagen,Suran,2014,135100,13000000.0,ARS,Carrodilla,Mendoza
Chevrolet,Onix,2025,300,2500000.0,ARS,Palermo,Ciudad Autónoma Buenos Aires
Peugeot,408,2014,87000,11900000.0,ARS,Flores,Ciudad Autónoma Buenos Aires
Peugeot,208,2018,59000,18300000.0,ARS,Caballito,Ciudad Autónoma Buenos Aires
Ford,Focus,2018,100000,17500000.0,ARS,Parque Chacabuco,Ciudad Autónoma Buenos Aires
FIAT,Strada,2023,150000,24980000.0,ARS,San Francisco,Córdoba
FIAT,Argo,2018,280000,14000000.0,ARS,Villa Devoto,Ciudad Autónoma Buenos Aires
Toyota,Corolla,2020,106000,20500.0,USD,Villa Del Parque,Ciudad Autónoma Buenos Aires
FIAT,Argo,2019,103700,16000000.0,ARS,San Salvador de Jujuy,Jujuy
Renault,Clio,2005,220000,3500.0,USD,Isidro Casanova,Buenos Aires (A.M.B.A.)
Toyota,Corolla,2023,46200,20000000.0,ARS,Córdoba,Córdoba
Renault,Clio Mío,2015,153000,9000000.0,ARS,Godoy Cruz,Mendoza
Volkswagen,Vento GLI,2016,141000,26000000.0,ARS,Santa Fe,Santa Fe
Ford,Focus,2011,175000,12900000.0,ARS,Ayacucho,Buenos Aires
Chevrolet,Cruze,2016,69500,14000000.0,ARS,Resistencia,Chaco
Chevrolet,Corsa,2009,162812,7000000.0,ARS,Concepción Del Uruguay,Entre Ríos
Peugeot,208,2018,90000,13500.0,USD,Acassuso,Buenos Aires (A.M.B.A.)
Mercedes,Clase A Sedán,2018,160000,18000.0,USD,La Plata,Buenos Aires
Chevrolet,Cruze,2017,113000,14150.0,USD,Escobar,Buenos Aires (A.M.B.A.)
Renault,Duster,2017,129000,16300000.0,ARS,San Francisco,Córdoba
Chevrolet,Tracker,2018,120000,19500000.0,ARS,Zárate,Buenos Aires
Volkswagen,Amarok,2015,170000,21500.0,USD,Villa Devoto,Ciudad Autónoma Buenos Aires
Volkswagen,Polo 5P,2024,47000,14800000.0,ARS,Villa Luro,Ciudad Autónoma Buenos Aires
Ford,F-350,1986,200000,15000000.0,ARS,Villa Krause,San Juan
Citroën,C4 Cactus,2022,46000,23000000.0,ARS,Zapala,Neuquén
Hyundai,Santa Fe,2017,190000,26500.0,USD,Versalles,Ciudad Autónoma Buenos Aires
Renault,Sandero,2020,780000,18000000.0,ARS,Parque Avellaneda,Ciudad Autónoma Buenos Aires
Renault,Duster,2014,121000,13800000.0,ARS,San Francisco,Córdoba
Audi,A3 Sportback,2017,102000,21900.0,USD,Villa Urquiza,Ciudad Autónoma Buenos Aires
Jeep,Compass,2022,41804,43900000.0,ARS,San Francisco,Córdoba
Chevrolet,Cruze,2023,43000,20000.0,USD,Caballito,Ciudad Autónoma Buenos Aires
Chevrolet,Cruze,2020,48500,26000000.0,ARS,Santiago del Estero,Santiago del Estero
Mercedes,Clase E Sedán,2008,92000,23899.0,USD,Caballito,Ciudad Autónoma Buenos Aires
Peugeot,208,2021,21000,21500000.0,ARS,Caballito,Ciudad Autónoma Buenos Aires
Chevrolet,Cruze,2022,65000,25000000.0,ARS,Rosario,Santa Fe
Ford,Focus,2015,76200,9300.0,USD,Maipu,Mendoza
Volkswagen,Suran,2014,175000,14000000.0,ARS,Ayacucho,Buenos Aires
FIAT,Uno,2011,127500,9500000.0,ARS,Ituzaingo,Buenos Aires (A.M.B.A.)
Toyota,Yaris,2025,7000,31000000.0,ARS,Saenz Peña,Buenos Aires (A.M.B.A.)
Citroën,C3 Picasso,2013,160000,10500000.0,ARS,Moreno,Buenos Aires (A.M.B.A.)
Peugeot,308,2014,86000,15000000.0,ARS,Resistencia,Chaco
Ford,Ranger,2016,98500,27000.0,USD,Puerto Madero,Ciudad Autónoma Buenos Aires
FIAT,Cronos,2021,152000,12000000.0,ARS,Lanus,Buenos Aires (A.M.B.A.)
Peugeot,307,2007,165000,7800000.0,ARS,Villa Ballester,Buenos Aires (A.M.B.A.)
Chevrolet,Prisma,2016,126500,12700000.0,ARS,Lomas De Zamora,Buenos Aires (A.M.B.A.)
Ford,Territory,2023,47000,40900000.0,ARS,Puerto Madero,Ciudad Autónoma Buenos Aires
Citroën,C4 Lounge,2014,83000,10990.0,USD,Flores,Ciudad Autónoma Buenos Aires
Peugeot,Partner,2018,75000,15800000.0,ARS,Lomas De Zamora,Buenos Aires (A.M.B.A.)
Volkswagen,Senda,1994,109000,5490.0,USD,Flores,Ciudad Autónoma Buenos Aires
Audi,A3 Sedán,2020,102000,28500.0,USD,Villa Urquiza,Ciudad Autónoma Buenos Aires
Chevrolet,Meriva,2011,152000,8800000.0,ARS,Almagro,Ciudad Autónoma Buenos Aires
Chevrolet,Cruze 5,2016,155000,1200000.0,ARS,Córdoba,Córdoba
Peugeot,208,2019,56000,8000000.0,ARS,Caballito,Ciudad Autónoma Buenos Aires
Peugeot,208,2019,45000,7000000.0,ARS,Caballito,Ciudad Autónoma Buenos Aires
Peugeot,208,2016,86000,15300000.0,ARS,Villa Elisa,Buenos Aires
Volkswagen,Vento,2011,198000,1900000.0,ARS,Las Heras,Mendoza
Peugeot,208,2025,7000,19500.0,USD,Mataderos,Ciudad Autónoma Buenos Aires
Citroën,C4 Lounge,2017,155000,15500000.0,ARS,Villa Mercedes,San Luis
Ford,EcoSport,2018,65500,23700000.0,ARS,San Cristóbal,Ciudad Autónoma Buenos Aires
Peugeot,208,2016,86000,9000000.0,ARS,Caballito,Ciudad Autónoma Buenos Aires
Peugeot,208,2014,158000,11990000.0,ARS,Flores,Ciudad Autónoma Buenos Aires
Renault,Mégane,2006,118500,8000000.0,ARS,Balvanera,Ciudad Autónoma Buenos Aires
Audi,Q5,2018,135000,56000.0,USD,Villa Urquiza,Ciudad Autónoma Buenos Aires
Toyota,Corolla,2016,130000,21500000.0,ARS,Flores,Ciudad Autónoma Buenos Aires
Chevrolet,Classic,2015,96000,12450000.0,ARS,Villa Del Parque,Ciudad Autónoma Buenos Aires
Ford,Ka,2012,154000,8900000.0,ARS,Pilar,Buenos Aires (A.M.B.A.)
Volkswagen,Bora,2009,125600,12099000.0,ARS,Almagro,Ciudad Autónoma Buenos Aires
Chevrolet,Tracker,2025,300,7500000.0,ARS,Palermo,Ciudad Autónoma Buenos Aires
FIAT,Palio,2015,118000,12500000.0,ARS,Villa Urquiza,Ciudad Autónoma Buenos Aires
Toyota,Corolla,2016,110000,14000.0,USD,Córdoba,Córdoba
Peugeot,308,2013,127000,13400000.0,ARS,Hurlingham,Buenos Aires (A.M.B.A.)
Renault,Sandero RS,2021,60400,24000000.0,ARS,Parana,Entre Ríos
RAM,1500,2020,95010,43000.0,USD,Parana,Entre Ríos
FIAT,Punto,2016,95000,13900000.0,ARS,Wilde,Buenos Aires (A.M.B.A.)
Chevrolet,Classic,2012,165000,9500000.0,ARS,Guaymallén,Mendoza
Peugeot,208,2022,17460,24500000.0,ARS,Córdoba,Córdoba
Mercedes,Clase A Hatchback,2013,95000,27000.0,USD,25 de Mayo,Buenos Aires
Ford,Fiesta Kinetic,2020,108000,19000000.0,ARS,Córdoba,Córdoba
Peugeot,208,2021,40000,6500000.0,ARS,Caballito,Ciudad Autónoma Buenos Aires
Toyota,Etios Hatchback,2021,99000,23900000.0,ARS,Córdoba,Córdoba
Honda,HR-V,2022,61000,39000000.0,ARS,Lujan de Cuyo,Mendoza
Renault,Duster,2015,122500,17500000.0,ARS,San Francisco,Córdoba
Chevrolet,Cruze,2017,175000,23500000.0,ARS,Villa Mercedes,San Luis
Hyundai,H1,2016,142000,29000.0,USD,Mar del Plata,Buenos Aires
Ford,Focus,2015,102300,18000000.0,ARS,Parana,Entre Ríos
FIAT,Pulse,2023,53000,31200000.0,ARS,Villa Lynch,Buenos Aires (A.M.B.A.)
Volkswagen,Voyage,2013,151000,13500000.0,ARS,Ayacucho,Buenos Aires
Toyota,Yaris Sedán,2021,49000,26500000.0,ARS,Ciudadela,Buenos Aires (A.M.B.A.)
Volkswagen,Gol Trend,2013,192000,11500000.0,ARS,Mendoza,Mendoza
FIAT,Toro,2016,154000,18000000.0,ARS,Córdoba,Córdoba
Peugeot,208,2024,21000,27000000.0,ARS,Río Ceballos,Córdoba
Audi,A4,2013,124000,16500.0,USD,Mendoza,Mendoza
FIAT,Strada,2024,35000,28000000.0,ARS,Eldorado,Misiones
Volkswagen,Amarok,2015,163000,26000.0,USD,Villa Allende,Córdoba
Mercedes,Clase E Sedán,2018,88000,45000.0,USD,Villa Urquiza,Ciudad Autónoma Buenos Aires
RAM,Rampage,2024,18500,39500.0,USD,Puerto Madero,Ciudad Autónoma Buenos Aires
Peugeot,208,2018,62000,15500.0,USD,Hurlingham,Buenos Aires (A.M.B.A.)
Chevrolet,Corsa,2002,109000,7000000.0,ARS,Godoy Cruz,Mendoza
Citroën,C3,2014,119000,14499000.0,ARS,Luzuriaga,Mendoza
Ford,Focus,2004,200000,8400000.0,ARS,Córdoba,Córdoba
Chevrolet,Celta,2011,112000,8000000.0,ARS,Avellaneda,Buenos Aires (A.M.B.A.)
Nissan,Sentra,2011,183000,9400000.0,ARS,Villa Devoto,Ciudad Autónoma Buenos Aires
Chevrolet,Tracker,2018,88500,21000000.0,ARS,Rosario,Santa Fe
Ford,Ka Freestyle,2020,40000,19600000.0,ARS,Villa Lugano,Ciudad Autónoma Buenos Aires
Geely,Emgrand GS,2018,99000,12000.0,USD,San Martin,Buenos Aires (A.M.B.A.)
Renault,Sandero,2013,104000,12000000.0,ARS,Tortuguitas,Buenos Aires (A.M.B.A.)
Toyota,Corolla,2018,85700,18500.0,USD,Flores,Ciudad Autónoma Buenos Aires
FIAT,Cronos,2026,100,13000000.0,ARS,San Justo,Buenos Aires (A.M.B.A.)
Renault,Clio,2015,20000,9900.0,USD,Puerto Madero,Ciudad Autónoma Buenos Aires
Chevrolet,Cruze,2021,50000,25500000.0,ARS,Bahía Blanca,Buenos Aires
Volkswagen,Taos,2024,25000,6999999.0,ARS,Flores,Ciudad Autónoma Buenos Aires
FIAT,Siena,2008,177000,8500000.0,ARS,Córdoba,Córdoba
Renault,Duster Oroch,2016,104000,11900.0,USD,Barracas,Ciudad Autónoma Buenos Aires
Volkswagen,T-Cross,2021,121850,27500000.0,ARS,Parana,Entre Ríos
Volkswagen,Amarok,2022,130000,35000000.0,ARS,Córdoba,Córdoba
Peugeot,208,2019,50000,6500000.0,ARS,Caballito,Ciudad Autónoma Buenos Aires
Peugeot,Expert,2022,37000,20000000.0,ARS,Caballito,Ciudad Autónoma Buenos Aires
Peugeot,208,2023,25000,9000000.0,ARS,Caballito,Ciudad Autónoma Buenos Aires
Peugeot,208,2023,25500,8200000.0,ARS,Caballito,Ciudad Autónoma Buenos Aires
Renault,Kangoo,2011,230000,11000000.0,ARS,Coronel Suárez,Buenos Aires
Volkswagen,Gol,2020,128000,16500000.0,ARS,Escobar,Buenos Aires (A.M.B.A.)
FIAT,Siena,2015,146000,11000000.0,ARS,Maipu,Mendoza
Ford,F-100,1974,59000,4300000.0,ARS,Juarez Celman,Córdoba
Citroën,Basalt,2025,1100,27000000.0,ARS,Formosa,Formosa
Chevrolet,Spin Activ,2017,37500,20700000.0,ARS,Villa Ballester,Buenos Aires (A.M.B.A.)
FIAT,Cronos,2019,65000,17000000.0,ARS,Armstrong,Santa Fe
Volkswagen,Voyage,2011,210000,10500000.0,ARS,Santa María,Buenos Aires
Hyundai,H100,2017,92000,21000.0,USD,Salta,Salta
Volkswagen,Gol,2012,195000,8500000.0,ARS,Guaymallén,Mendoza
Renault,Clio Mío,2013,77000,11990000.0,ARS,Luzuriaga,Mendoza
Peugeot,208,2024,16000,7500000.0,ARS,Caballito,Ciudad Autónoma Buenos Aires
FIAT,Argo,2018,89351,17900000.0,ARS,San Francisco,Córdoba
FIAT,Palio Weekend,2016,125000,14800000.0,ARS,Comodoro Rivadavia,Chubut
FIAT,Cronos,2023,46500,20300000.0,ARS,Flores,Ciudad Autónoma Buenos Aires
FIAT,Toro,2017,179000,18800000.0,ARS,Flores,Ciudad Autónoma Buenos Aires
Ford,EcoSport,2019,122000,22400000.0,ARS,San Miguel,Buenos Aires (A.M.B.A.)
Volkswagen,Amarok,2015,140000,22800.0,USD,San Andres,Buenos Aires (A.M.B.A.)
Volkswagen,Bora,2014,164000,15300000.0,ARS,Villa Mercedes,San Luis
Peugeot,208,2023,12000,23500000.0,ARS,Caballito,Ciudad Autónoma Buenos Aires
Ford,Ranger,2023,38000,31000.0,USD,Mar del Plata,Buenos Aires
Renault,Captur,2017,142000,18100000.0,ARS,Capilla del Señor,Buenos Aires
Chevrolet,Corsa,2004,284000,3000000.0,ARS,Pilar,Buenos Aires (A.M.B.A.)
Volkswagen,Amarok,2024,157000,48500000.0,ARS,Parana,Entre Ríos
Jeep,Compass,2025,12500,48000000.0,ARS,Palermo,Ciudad Autónoma Buenos Aires
FIAT,Cronos,2025,30000,28000000.0,ARS,Quilmes,Buenos Aires (A.M.B.A.)
KIA,Sportage,2017,169000,17000.0,USD,Villa Devoto,Ciudad Autónoma Buenos Aires
Mercedes,Clase A Sedán AMG,2020,6400,45000.0,USD,Mendoza,Mendoza
Ford,EcoSport,2014,155000,11999.0,USD,Mar del Plata,Buenos Aires
Peugeot,308,2013,125000,16000000.0,ARS,Maipu,Mendoza
Volkswagen,Bora,2008,195000,11000000.0,ARS,Jáuregui,Buenos Aires
Peugeot,Partner,2022,72000,11000000.0,ARS,Caballito,Ciudad Autónoma Buenos Aires
Chevrolet,Prisma,2018,125000,16899999.0,ARS,Hurlingham,Buenos Aires (A.M.B.A.)
Peugeot,2008,2016,100000,17500000.0,ARS,San Telmo,Ciudad Autónoma Buenos Aires
Chevrolet,Onix Joy,2019,85000,14800000.0,ARS,Córdoba,Córdoba
Renault,Alaskan,2021,130000,27000.0,USD,Lanus,Buenos Aires (A.M.B.A.)
Renault,Kwid,2018,86000,14000000.0,ARS,Barrio Santa Isabel,Córdoba
Renault,Clio,2007,299000,5800000.0,ARS,Ramos Mejia,Buenos Aires (A.M.B.A.)
Volkswagen,Virtus,2018,95700,23800000.0,ARS,Tandil,Buenos Aires
Chevrolet,Spin,2018,45000,20000000.0,ARS,Las Catitas,Mendoza
BMW,Serie 3 Sedán,2001,500,11000.0,USD,Mendoza,Mendoza
Volkswagen,Nivus,2020,35000,22700.0,USD,San Andres,Buenos Aires (A.M.B.A.)
Ford,Ka,2007,129700,4700000.0,ARS,Mendoza,Mendoza
Volkswagen,Amarok,2014,140000,25000000.0,ARS,Zárate,Buenos Aires
Volkswagen,Tera,2026,500,28500.0,USD,San Isidro,Buenos Aires (A.M.B.A.)
Chevrolet,Celta,2013,162000,7500000.0,ARS,Córdoba,Córdoba
Ford,Focus,2003,172000,5900000.0,ARS,La Plata,Buenos Aires
Peugeot,208,2025,3000,27500000.0,ARS,Caseros,Buenos Aires (A.M.B.A.)
Volkswagen,Gol Trend,2012,153000,13800000.0,ARS,Villa Mercedes,San Luis
Ford,Ranger,2014,206700,26500000.0,ARS,Guaymallén,Mendoza
Hyundai,Santa Fe,2017,108000,28100000.0,ARS,Yerba Buena - Marcos Paz,Tucumán
Ford,EcoSport,2013,172000,14000000.0,ARS,Mar del Plata,Buenos Aires
FIAT,Uno,2013,106000,9500000.0,ARS,San Telmo,Ciudad Autónoma Buenos Aires
Toyota,SW4,2003,223000,18500000.0,ARS,Rosario,Santa Fe
Renault,11,1993,600000,4300000.0,ARS,Rosario,Santa Fe
Ford,Ranger,2023,23000,44000.0,USD,Lanus,Buenos Aires (A.M.B.A.)
Citroën,C4,2010,134800,7500000.0,ARS,San Miguel,Buenos Aires (A.M.B.A.)
Renault,Kwid,2019,31000,16900000.0,ARS,Nuñez,Ciudad Autónoma Buenos Aires
Chevrolet,Celta,2014,103000,9000.0,USD,Villa Ballester,Buenos Aires (A.M.B.A.)
Chevrolet,Prisma,2016,117000,16000000.0,ARS,Floresta,Ciudad Autónoma Buenos Aires
Renault,Logan,2016,102000,33000.0,USD,Tandil,Buenos Aires
Volkswagen,Amarok,2020,99000,40000000.0,ARS,Córdoba,Córdoba
Peugeot,207 Compact,2014,108000,7500.0,USD,Isidro Casanova,Buenos Aires (A.M.B.A.)
Toyota,Hilux,2016,175000,41300000.0,ARS,Wilde,Buenos Aires (A.M.B.A.)
Jeep,Renegade,2020,50000,26400000.0,ARS,Villa Luro,Ciudad Autónoma Buenos Aires
FIAT,Palio Fire,2016,85000,13900000.0,ARS,Villa Urquiza,Ciudad Autónoma Buenos Aires
Ford,Fiesta,2015,123000,9000.0,USD,San Antonio De Areco,Buenos Aires
Toyota,C-HR,2022,75000,33900.0,USD,Villa Urquiza,Ciudad Autónoma Buenos Aires
FIAT,Mobi,2018,80000,14500000.0,ARS,Villa Luro,Ciudad Autónoma Buenos Aires
Chevrolet,Spin,2013,191000,8800.0,USD,La Plata,Buenos Aires
Peugeot,206,2003,141000,6900000.0,ARS,Recoleta,Ciudad Autónoma Buenos Aires
Renault,Captur,2018,74000,20500000.0,ARS,Berazategui,Buenos Aires (A.M.B.A.)
Chevrolet,Cruze,2017,128000,20500000.0,ARS,Ayacucho,Buenos Aires
Renault,Duster,2017,82000,16900000.0,ARS,Wilde,Buenos Aires (A.M.B.A.)
Peugeot,2008,2022,50000,29000000.0,ARS,Caballito,Ciudad Autónoma Buenos Aires
Volkswagen,Amarok,2015,190000,24800000.0,ARS,Ayacucho,Buenos Aires
Chevrolet,Spin,2017,230000,10400.0,USD,José C. Paz,Buenos Aires (A.M.B.A.)
Volkswagen,Bora,2013,96300,14500000.0,ARS,La Plata,Buenos Aires
Citroën,C4 Cactus,2022,92000,19300000.0,ARS,Villa Carlos Paz,Córdoba
Ford,Territory,2025,1100,50000000.0,ARS,Olivos,Buenos Aires (A.M.B.A.)
Ford,Fiesta,2012,145000,11800000.0,ARS,Ayacucho,Buenos Aires
Peugeot,208,2022,22000,9500000.0,ARS,Caballito,Ciudad Autónoma Buenos Aires
Renault,Duster,2012,98000,12990000.0,ARS,Formosa,Formosa
Volkswagen,Amarok,2017,110000,27500000.0,ARS,Lujan de Cuyo,Mendoza
Peugeot,208,2019,60000,9000000.0,ARS,Caballito,Ciudad Autónoma Buenos Aires
FIAT,Grand Siena,2013,167000,11000000.0,ARS,Monte Chingolo,Buenos Aires (A.M.B.A.)
Volkswagen,Suran,2009,180000,6500.0,USD,Neuquén,Neuquén
Ford,Fiesta Kinetic Sedán,2017,149000,16600000.0,ARS,Villa Mercedes,San Luis
Peugeot,Partner,2013,156000,12500000.0,ARS,Wilde,Buenos Aires (A.M.B.A.)
Suzuki,Swift,2010,116000,11490000.0,ARS,Rosario,Santa Fe
Ford,EcoSport,2021,71000,21700000.0,ARS,Yerba Buena - Marcos Paz,Tucumán
Ford,Focus,2013,86950,12000.0,USD,La Plata,Buenos Aires
Volkswagen,Gol Trend,2022,82000,20500000.0,ARS,Posadas,Misiones
Renault,Sandero Stepway,2012,115500,11500000.0,ARS,Santa Rosa,La Pampa
FIAT,Punto,2013,145000,12500000.0,ARS,Córdoba,Córdoba
Volkswagen,Gol Trend,2017,119000,17500000.0,ARS,Carrodilla,Mendoza
DS,7 Crossback,2021,108000,23000.0,USD,Almagro,Ciudad Autónoma Buenos Aires
Volkswagen,Fox,2014,86600,12700000.0,ARS,Rosario,Santa Fe
Toyota,Corolla Cross,2022,39500,24500.0,USD,Floresta,Ciudad Autónoma Buenos Aires
Peugeot,207 Compact,2009,260000,7999999.0,ARS,Lujan de Cuyo,Mendoza
Jeep,Renegade,2024,24000,31000.0,USD,San Justo,Buenos Aires (A.M.B.A.)
Honda,Fit,2009,180000,8500.0,USD,Floresta,Ciudad Autónoma Buenos Aires
Ford,EcoSport,2013,172000,15800000.0,ARS,Villa Mercedes,San Luis
Dodge,Ram,2020,87000,44800.0,USD,Ayacucho,Buenos Aires
Ford,EcoSport,2014,150000,13000000.0,ARS,Recoleta,Ciudad Autónoma Buenos Aires
FIAT,Palio,2015,127000,11500000.0,ARS,Rosario,Santa Fe
Chevrolet,Cruze 5,2021,91000,24900000.0,ARS,Santa Fe,Santa Fe
Volkswagen,Gol Trend,2018,125000,15000000.0,ARS,Mendoza,Mendoza
Honda,CR-V,1998,230000,9900000.0,ARS,Wilde,Buenos Aires (A.M.B.A.)
Ford,Focus,2017,105000,13500.0,USD,Barracas,Ciudad Autónoma Buenos Aires
Ford,Fiesta Kinetic,2015,82000,14500000.0,ARS,Córdoba,Córdoba
Ford,Focus,2014,115000,11300.0,USD,Martinez,Buenos Aires (A.M.B.A.)
Renault,Kangoo,2013,145000,11000000.0,ARS,Juarez Celman,Córdoba
Peugeot,2008,2018,48000,14500000.0,ARS,Resistencia,Chaco
KIA,Sorento,2008,218000,18000000.0,ARS,Esquel,Chubut
Citroën,C3,2007,100000,8000000.0,ARS,Parana,Entre Ríos
Chery,QQ,2015,73349,7000000.0,ARS,San Clemente Del Tuyú,Buenos Aires
Renault,Master,2024,850000,4500000.0,ARS,Eldorado,Misiones
Honda,HR-V,2018,95000,28000000.0,ARS,Palermo,Ciudad Autónoma Buenos Aires
Citroën,C4,2014,202000,12500000.0,ARS,Ituzaingo,Buenos Aires (A.M.B.A.)
Renault,Sandero Stepway,2020,40700,21500000.0,ARS,San Justo,Santa Fe
Ford,Fiesta Kinetic,2011,157000,11800000.0,ARS,Caballito,Ciudad Autónoma Buenos Aires
Peugeot,208,2022,16000,15000000.0,ARS,Caballito,Ciudad Autónoma Buenos Aires
Renault,Duster,2013,95000,17000.0,USD,9 de Julio,Buenos Aires
Citroën,C4 Lounge,2018,144000,15500000.0,ARS,Trelew,Chubut
Suzuki,Fun,2009,194000,7500000.0,ARS,Rosario,Santa Fe
Nissan,Tiida,2011,196000,8500000.0,ARS,Boedo,Ciudad Autónoma Buenos Aires
Peugeot,208,2019,100000,18900000.0,ARS,La Plata,Buenos Aires
Jeep,Compass,2021,800000,37000000.0,ARS,Colegiales,Ciudad Autónoma Buenos Aires
Peugeot,2008,2021,54000,22000000.0,ARS,Caballito,Ciudad Autónoma Buenos Aires
Toyota,RAV4,2014,134000,17800.0,USD,Caballito,Ciudad Autónoma Buenos Aires
Peugeot,208,2020,100000,21000000.0,ARS,Rosario,Santa Fe
Chevrolet,Onix,2025,300,9500000.0,ARS,Palermo,Ciudad Autónoma Buenos Aires
Volkswagen,Vento,2013,103000,12500.0,USD,Mataderos,Ciudad Autónoma Buenos Aires
Mercedes,Clase GLA,2018,125000,23900.0,USD,Barracas,Ciudad Autónoma Buenos Aires
Ford,Ka,2017,105002,16500000.0,ARS,Victoria,Entre Ríos
Renault,Sandero,2023,34000,21500000.0,ARS,Vicente Lopez,Buenos Aires (A.M.B.A.)
Volkswagen,Golf,2011,160000,10500000.0,ARS,Río Cuarto,Córdoba
Chevrolet,Onix,2017,120100,14000000.0,ARS,Salta,Salta
BMW,Serie 3 Sedán,2017,56000,29000.0,USD,Rosario,Santa Fe
Peugeot,408,2013,118000,14500000.0,ARS,Las Heras,Mendoza
Renault,Clio Mío,2013,65300,7300.0,USD,La Plata,Buenos Aires
Citroën,C4 Lounge,2019,69616,24000000.0,ARS,San Luis,San Luis
Toyota,Corolla Cross,2024,59000,34000.0,USD,La Plata,Buenos Aires
Renault,Duster,2025,156000,11000000.0,ARS,Mendoza,Mendoza
FIAT,Cronos,2022,62000,20500000.0,ARS,Villa Luro,Ciudad Autónoma Buenos Aires
Toyota,SW4,2019,120000,37800.0,USD,Villa Constitución,Santa Fe
Ford,Focus Exe,2011,270000,12000000.0,ARS,Godoy Cruz,Mendoza
Peugeot,2008,2017,107000,10900.0,USD,Barracas,Ciudad Autónoma Buenos Aires
Ford,Fiesta Kinetic,2015,125000,11000.0,USD,Villa Del Parque,Ciudad Autónoma Buenos Aires
Volkswagen,Amarok,2020,72000,43900000.0,ARS,Puerto Madero,Ciudad Autónoma Buenos Aires
Peugeot,2008,2019,46000,20000000.0,ARS,Yerba Buena - Marcos Paz,Tucumán
Peugeot,208,2018,79000,18600000.0,ARS,Chacras de Coria,Mendoza
Volkswagen,Golf,2012,155000,20500.0,USD,Barracas,Ciudad Autónoma Buenos Aires
Jeep,Compass,2018,166000,26000000.0,ARS,Lanus,Buenos Aires (A.M.B.A.)
Jeep,Commander,2022,92000,44500000.0,ARS,Santa Fe,Santa Fe
Ford,Territory,2021,49700,26500.0,USD,Lago Puelo,Chubut
FIAT,Argo,2019,97000,20000000.0,ARS,Luis Guillón,Buenos Aires (A.M.B.A.)
Volkswagen,Polo 5P,2019,75000,19000000.0,ARS,Mendoza,Mendoza
Ford,EcoSport,2009,187000,12000000.0,ARS,Lujan de Cuyo,Mendoza
Peugeot,2008,2018,78900,17000000.0,ARS,Neuquén,Neuquén
Volkswagen,Voyage,2014,163,12500000.0,ARS,Bahía Blanca,Buenos Aires
FIAT,Toro,2018,72000,25000000.0,ARS,San Miguel de Tucumán,Tucumán
Nissan,Note,2018,90000,12500.0,USD,San Andres,Buenos Aires (A.M.B.A.)
Peugeot,Partner,2013,241000,9500000.0,ARS,Quilmes Oeste,Buenos Aires (A.M.B.A.)
Ford,Fiesta Kinetic,2017,89000,11000.0,USD,La Plata,Buenos Aires
Volkswagen,Amarok,2020,85000,30000000.0,ARS,Centro 25 De Junio,Salta
FIAT,Palio,2015,107000,11700000.0,ARS,La Plata,Buenos Aires
Renault,12,1990,180000,3500000.0,ARS,Godoy Cruz,Mendoza
Volkswagen,Fox,2018,75000,17000000.0,ARS,Cipolletti,Río Negro
Peugeot,Partner Patagónica,2018,78000,19500000.0,ARS,Flores,Ciudad Autónoma Buenos Aires
Ford,Focus,2018,66400,21500000.0,ARS,Chilecito,La Rioja
Toyota,RAV4,2019,190000,48000000.0,ARS,Parana,Entre Ríos
Peugeot,308,2016,127000,11000.0,USD,Belgrano,Ciudad Autónoma Buenos Aires
Ford,Ranger,2021,72000,34000.0,USD,Ezeiza,Buenos Aires (A.M.B.A.)
Volkswagen,Gol Country,2012,173000,7700000.0,ARS,San Carlos de Bariloche,Río Negro
Peugeot,Partner,2020,65000,12000000.0,ARS,Caballito,Ciudad Autónoma Buenos Aires
FIAT,Palio,2014,77000,12500000.0,ARS,Pergamino,Buenos Aires
FIAT,Toro,2017,215000,20000000.0,ARS,Córdoba,Córdoba
Peugeot,2008,2018,100000,15500000.0,ARS,Yerba Buena - Marcos Paz,Tucumán
Peugeot,207,2010,170000,8000000.0,ARS,Rosario,Santa Fe
Volkswagen,Taos,2022,145000,29500000.0,ARS,Santa Fe,Santa Fe
Peugeot,408,2019,112000,18000000.0,ARS,Capilla Del Rosario,Mendoza
Chevrolet,Cruze,2017,103600,21500000.0,ARS,Córdoba,Córdoba
Honda,HR-V,2016,141000,17500.0,USD,Flores,Ciudad Autónoma Buenos Aires
Jeep,Renegade,2021,120000,20800.0,USD,Flores,Ciudad Autónoma Buenos Aires
Jeep,Grand Cherokee,2021,67000,59000.0,USD,Rosario,Santa Fe
Toyota,Corolla,2023,40000,29900.0,USD,Recoleta,Ciudad Autónoma Buenos Aires
Renault,4,1985,10000,6500000.0,ARS,Salta,Salta
Renault,Master,2014,192000,32000000.0,ARS,Santa Fe,Santa Fe
Mercedes,Sprinter,2018,126000,47000000.0,ARS,Villa Luro,Ciudad Autónoma Buenos Aires
Citroën,C3 Picasso,2015,125000,15000000.0,ARS,Las Heras,Mendoza
Renault,Clio Mío,2013,98800,8000.0,USD,City Bell,Buenos Aires
Nissan,Kicks,2020,93000,27000000.0,ARS,Villa Bosch,Buenos Aires (A.M.B.A.)
Chevrolet,Onix Plus,2023,78000,23000000.0,ARS,Córdoba,Córdoba
Toyota,SW4,2019,120000,40000.0,USD,Villa Constitución,Santa Fe
Honda,Accord,2011,141000,12500.0,USD,Villa Ortuzar,Ciudad Autónoma Buenos Aires
Renault,Captur,2018,94500,15600.0,USD,Villa del Rosario,Córdoba
Peugeot,208,2017,80720,17500000.0,ARS,Córdoba,Córdoba
Peugeot,208,2022,34000,6000000.0,ARS,Caballito,Ciudad Autónoma Buenos Aires
Ford,EcoSport,2016,32730,16000.0,USD,Palermo,Ciudad Autónoma Buenos Aires
Hyundai,Genesis Coupé,2013,91000,22000.0,USD,Lomas De Zamora,Buenos Aires (A.M.B.A.)
Renault,Kangoo,2023,40000,27000000.0,ARS,Floresta,Ciudad Autónoma Buenos Aires
Nissan,Kicks,2020,100000,19500.0,USD,Lisandro Olmos,Buenos Aires
BMW,Serie 3 Sedán,2021,81010,42900.0,USD,Santa Rosa,La Pampa
Volkswagen,Suran,2014,146300,13000000.0,ARS,Capilla Del Rosario,Mendoza
Volkswagen,up!,2017,142100,10000.0,USD,Escobar,Buenos Aires (A.M.B.A.)
Toyota,Corolla Cross,2024,12000,32500.0,USD,Villa Ballester,Buenos Aires (A.M.B.A.)
Volkswagen,Taos,2024,27400,29500.0,USD,Villa Nueva,Mendoza
Peugeot,208,2023,18000,24500000.0,ARS,Wilde,Buenos Aires (A.M.B.A.)
Ford,Focus,2015,174130,17000000.0,ARS,Córdoba,Córdoba
Peugeot,208,2024,20000,26000000.0,ARS,Funes,Santa Fe
Ford,Ka Freestyle,2020,86000,18000000.0,ARS,Escobar,Buenos Aires (A.M.B.A.)
Peugeot,208,2023,23000,12000000.0,ARS,Caballito,Ciudad Autónoma Buenos Aires
Ford,Fiesta Kinetic,2017,115000,15000000.0,ARS,Rosario,Santa Fe
Peugeot,208,2015,150000,15900000.0,ARS,Wilde,Buenos Aires (A.M.B.A.)
Peugeot,308,2016,94000,1550000.0,ARS,Godoy Cruz,Mendoza
Renault,Fluence,2019,68000,17000000.0,ARS,Flores,Ciudad Autónoma Buenos Aires
Toyota,Hilux,2023,150000,45000000.0,ARS,Santo Pipó,Misiones
Toyota,Corolla,2022,19800,38000000.0,ARS,Villa Luro,Ciudad Autónoma Buenos Aires
Chevrolet,Cruze,2019,56000,16000.0,USD,Santa Fe,Santa Fe
Honda,Fit,2011,110000,8900.0,USD,Santa Fe,Santa Fe
Ford,Ka,2018,59000,13900000.0,ARS,Córdoba,Córdoba
Chevrolet,Equinox,2019,75787,30870000.0,ARS,Córdoba,Córdoba
Renault,Captur,2017,29200,25000000.0,ARS,Retiro,Ciudad Autónoma Buenos Aires
Chevrolet,Classic,2011,86236,5000.0,USD,Pilar,Buenos Aires (A.M.B.A.)
Citroën,C3,2019,64000,15500000.0,ARS,Rosario,Santa Fe
Renault,Logan,2020,50000,19500000.0,ARS,Villa Luro,Ciudad Autónoma Buenos Aires
Renault,Clio Mío,2016,138000,12500000.0,ARS,Córdoba,Córdoba
Chevrolet,S 10,2024,76337,45700000.0,ARS,San Francisco,Córdoba
Toyota,Corolla,2024,24500,40000000.0,ARS,Plottier,Neuquén
FIAT,Uno,2014,142000,14900000.0,ARS,Villa Mercedes,San Luis
Peugeot,308,2012,156000,14500000.0,ARS,Villa Carlos Paz,Córdoba
FIAT,Strada Adventure,2018,73000,18100000.0,ARS,Trelew,Chubut
Renault,Fluence,2012,230000,12000000.0,ARS,Caballito,Ciudad Autónoma Buenos Aires
Audi,A3 Sportback,2011,160000,12000.0,USD,Vicente Lopez,Buenos Aires (A.M.B.A.)
Citroën,C3 Aircross,2013,116000,12850000.0,ARS,Villa Luro,Ciudad Autónoma Buenos Aires
Ford,EcoSport,2022,72700,22000000.0,ARS,San Justo,Buenos Aires (A.M.B.A.)
Chevrolet,Blazer,2006,205900,1050000.0,ARS,Tandil,Buenos Aires
Volkswagen,Gol Trend,2017,125000,17300000.0,ARS,Resistencia,Chaco
Nissan,Tiida,2013,146000,11500.0,USD,San Miguel,Buenos Aires (A.M.B.A.)
Chevrolet,Aveo,2010,183000,8200000.0,ARS,Villa Santa Rita,Ciudad Autónoma Buenos Aires
Citroën,C3,2006,248000,6800000.0,ARS,Moreno,Buenos Aires (A.M.B.A.)
Chevrolet,Onix Plus,2020,137000,19000000.0,ARS,Martinez,Buenos Aires (A.M.B.A.)
Renault,Kangoo Express,2023,42000,27500000.0,ARS,Puerto Madero,Ciudad Autónoma Buenos Aires
Peugeot,Partner Patagónica,2017,120000,7250000.0,ARS,Caballito,Ciudad Autónoma Buenos Aires
Renault,Kwid,2020,85000,16800000.0,ARS,Pinamar,Buenos Aires
Ford,Fiesta Kinetic,2019,55800,19500000.0,ARS,Barracas,Ciudad Autónoma Buenos Aires
Peugeot,408,2015,135000,13500000.0,ARS,Las Heras,Mendoza
Peugeot,5008,2014,187000,15800000.0,ARS,Villa Mercedes,San Luis
Peugeot,207 Compact,2014,71000,11500000.0,ARS,Caballito,Ciudad Autónoma Buenos Aires
Ford,Ka,2013,95000,9500000.0,ARS,Velez Sarsfield,Ciudad Autónoma Buenos Aires
Renault,Duster,2016,200000,16900000.0,ARS,Lanus,Buenos Aires (A.M.B.A.)
Toyota,Hilux,2021,120000,35000.0,USD,Córdoba,Córdoba
Ford,Focus Sedán,2017,117000,21000000.0,ARS,Esquina,Corrientes
Ford,Ka +,2019,85000,14000000.0,ARS,San Isidro,Buenos Aires (A.M.B.A.)
Peugeot,206,2011,131000,7500000.0,ARS,Balvanera,Ciudad Autónoma Buenos Aires
BMW,Serie 1,2012,110000,22000.0,USD,Mendoza,Mendoza
Peugeot,208,2019,52000,8000000.0,ARS,Caballito,Ciudad Autónoma Buenos Aires
Volkswagen,Vento,2014,106000,20000000.0,ARS,Reconquista,Santa Fe
Honda,Fit,2012,107000,13500000.0,ARS,Santo Tome,Santa Fe
Citroën,C4 Cactus,2021,61000,17600.0,USD,Villa Luzuriaga,Buenos Aires (A.M.B.A.)
Volkswagen,up!,2018,57000,17750000.0,ARS,San Nicolás,Ciudad Autónoma Buenos Aires
Peugeot,308,2017,160000,10400.0,USD,Canning,Buenos Aires (A.M.B.A.)
Citroën,C4 Lounge,2014,144000,9400.0,USD,La Plata,Buenos Aires
Citroën,C4 Lounge,2014,163000,13200000.0,ARS,El Libertador,Buenos Aires (A.M.B.A.)
Renault,Mégane,2007,183000,7100000.0,ARS,Rosario,Santa Fe
Toyota,Corolla,2007,150000,9800000.0,ARS,Villa Luro,Ciudad Autónoma Buenos Aires
Peugeot,Partner,2014,342000,10800000.0,ARS,Rafaela,Santa Fe
Chevrolet,Onix Plus,2024,32997,18350.0,USD,Concordia,Entre Ríos
Volkswagen,Fox,2010,195000,10300000.0,ARS,Carapachay,Buenos Aires (A.M.B.A.)
Renault,Stepway,2021,10000,23000000.0,ARS,Villa Devoto,Ciudad Autónoma Buenos Aires
Honda,Accord,1996,190000,7500000.0,ARS,Lujan de Cuyo,Mendoza
FIAT,Cronos,2022,90000,13800.0,USD,Villa Ballester,Buenos Aires (A.M.B.A.)
Chevrolet,Agile,2012,92000,11000000.0,ARS,Resistencia,Chaco
Chevrolet,Onix Joy,2018,70000,15500000.0,ARS,Lanus,Buenos Aires (A.M.B.A.)
Peugeot,308,2012,251000,12000000.0,ARS,Ramos Mejia,Buenos Aires (A.M.B.A.)
Chevrolet,Classic,2013,135000,8200.0,USD,San Fernando,Buenos Aires (A.M.B.A.)
Ford,EcoSport,2020,100000,19500000.0,ARS,La Plata,Buenos Aires
Nissan,Kicks,2016,90000,30500000.0,ARS,Córdoba,Córdoba
Peugeot,2008,2021,36000,12000000.0,ARS,Caballito,Ciudad Autónoma Buenos Aires
Peugeot,408,2011,188000,10500000.0,ARS,Avellaneda,Buenos Aires (A.M.B.A.)
Ford,Fiesta Kinetic,2012,113000,13900000.0,ARS,Castelar,Buenos Aires (A.M.B.A.)
Peugeot,408,2018,68000,16000000.0,ARS,Flores,Ciudad Autónoma Buenos Aires
Volkswagen,Amarok,2021,69000,24000.0,USD,Ayacucho,Buenos Aires
Ford,Focus,2014,105900,15500000.0,ARS,Resistencia,Chaco
Nissan,Note,2016,72000,18500000.0,ARS,Villa Luro,Ciudad Autónoma Buenos Aires
Toyota,Hilux,2014,188500,24000.0,USD,Mendoza,Mendoza
Jeep,Renegade,2024,20000,39000000.0,ARS,Villa Luro,Ciudad Autónoma Buenos Aires
Volkswagen,Gol Trend,2012,155000,8000.0,USD,Malvinas Argentinas,Buenos Aires (A.M.B.A.)
FIAT,Mobi,2017,120000,1234578.0,ARS,La Candelaria,Salta
Renault,Sandero,2013,140000,11000000.0,ARS,Capitán Bermúdez,Santa Fe
Nissan,Kicks,2023,38000,36990000.0,ARS,Posadas,Misiones
Volkswagen,Golf,2005,400000,7500000.0,ARS,San Pedro,Buenos Aires
FIAT,800,1963,250000,2500000.0,ARS,Villa Allende,Córdoba
Peugeot,208,2024,30000,23500000.0,ARS,Caballito,Ciudad Autónoma Buenos Aires
Volkswagen,Gol Trend,2016,149000,12500000.0,ARS,Villa Allende,Córdoba
Toyota,Hilux,2023,44761,53000.0,USD,Escobar,Buenos Aires (A.M.B.A.)
Renault,Duster,2017,110000,17800000.0,ARS,Villa Carlos Paz,Córdoba
RAM,Rampage,2025,19300,37500.0,USD,Ayacucho,Buenos Aires
DS,7 Crossback,2024,42400,41000.0,USD,Ituzaingo,Buenos Aires (A.M.B.A.)
Peugeot,2008,2021,42000,12000000.0,ARS,Caballito,Ciudad Autónoma Buenos Aires
Volkswagen,Vento,2016,106992,17900000.0,ARS,San Miguel,Buenos Aires (A.M.B.A.)
FIAT,Uno,2015,175000,11000001.0,ARS,San Carlos de Bariloche,Río Negro
Jeep,Renegade,2016,89000,16000.0,USD,Corrientes,Corrientes
Peugeot,Boxer,2014,255000,27640000.0,ARS,Lanus,Buenos Aires (A.M.B.A.)
Peugeot,Expert,2023,33000,33000.0,USD,Caseros,Buenos Aires (A.M.B.A.)
Ford,Ranger,2024,23500,39900000.0,ARS,Mendoza,Mendoza
Volkswagen,Suran,2012,210000,9000000.0,ARS,Villa Gobernador Galvez,Santa Fe
Peugeot,2008,2019,77000,22000000.0,ARS,Villa Luro,Ciudad Autónoma Buenos Aires
Volkswagen,Gol,2013,195000,9800000.0,ARS,Longchamps,Buenos Aires (A.M.B.A.)
Chevrolet,Equinox,2024,36000,48000000.0,ARS,Rosario,Santa Fe
Peugeot,3008 SUV,2018,87500,25500.0,USD,Pinamar,Buenos Aires
Volkswagen,Suran,2013,184000,11700000.0,ARS,Luzuriaga,Mendoza
Peugeot,2008,2021,41000,29500000.0,ARS,Ramos Mejia,Buenos Aires (A.M.B.A.)
FIAT,Cronos,2024,51000,22500000.0,ARS,Lucas Gonzalez,Entre Ríos
Peugeot,2008,2019,55000,12000000.0,ARS,Caballito,Ciudad Autónoma Buenos Aires
Ford,EcoSport,2021,90000,25000000.0,ARS,San Miguel de Tucumán,Tucumán
Toyota,Corolla,2007,156000,10800000.0,ARS,Benavidez,Buenos Aires (A.M.B.A.)
Toyota,Corolla Cross Hybrid,2023,30000,27900.0,USD,San Andres,Buenos Aires (A.M.B.A.)
Peugeot,208,2020,33000,10000000.0,ARS,Caballito,Ciudad Autónoma Buenos Aires
Toyota,Corolla,2021,91000,34899000.0,ARS,Córdoba,Córdoba
Peugeot,2008,2020,62000,14500000.0,ARS,Caballito,Ciudad Autónoma Buenos Aires
Renault,Duster,2017,56790,19000000.0,ARS,Rivadavia,San Juan
Peugeot,Partner,2021,71000,10500000.0,ARS,Caballito,Ciudad Autónoma Buenos Aires
Ford,EcoSport,2010,156000,11000000.0,ARS,Balvanera,Ciudad Autónoma Buenos Aires
Peugeot,Partner,2020,67000,12000000.0,ARS,Caballito,Ciudad Autónoma Buenos Aires
Ford,Ranger,2022,27000,27000.0,USD,Santa Fe,Santa Fe
Renault,Clio,2010,160000,8200000.0,ARS,Posadas,Misiones
FIAT,Siena,2017,222000,13900000.0,ARS,Río Cuarto,Córdoba
Peugeot,208,2023,39000,10850000.0,ARS,Caballito,Ciudad Autónoma Buenos Aires
Nissan,Tiida,2010,126000,7300.0,USD,Colegiales,Ciudad Autónoma Buenos Aires
Volkswagen,Beetle,2016,126000,16800.0,USD,La Plata,Buenos Aires
Citroën,C4 Picasso,2014,134000,15000.0,USD,Palermo,Ciudad Autónoma Buenos Aires
Peugeot,Partner,2020,95000,8700000.0,ARS,Caballito,Ciudad Autónoma Buenos Aires
Peugeot,208,2022,45,11000000.0,ARS,Caballito,Ciudad Autónoma Buenos Aires
Renault,Duster,2013,175000,16500000.0,ARS,Río Cuarto,Córdoba
Chevrolet,Cruze,2017,65000,16000.0,USD,Palermo,Ciudad Autónoma Buenos Aires
Jeep,Cherokee,1997,397000,15000.0,USD,San Carlos de Bariloche,Río Negro
Renault,Logan,2016,162000,12500000.0,ARS,San Luis,San Luis
Toyota,Corolla Cross Hybrid,2024,22200,36500.0,USD,Lanus,Buenos Aires (A.M.B.A.)
Ford,Fiesta,2007,118000,10000000.0,ARS,Río Cuarto,Córdoba
Ford,EcoSport,2020,59000,23000000.0,ARS,Villa General Belgrano,Córdoba
Volkswagen,Vento,2009,156000,13500000.0,ARS,Bialet Massé,Córdoba
Chevrolet,Tracker,2023,36500,29900000.0,ARS,Escobar,Buenos Aires (A.M.B.A.)
Renault,Captur,2018,66000,23500000.0,ARS,Ciudadela,Buenos Aires (A.M.B.A.)
Renault,Stepway,2023,52000,23000000.0,ARS,Riachuelo,Corrientes
Peugeot,2008,2023,10700,22000000.0,ARS,Ushuaia,Tierra del Fuego
Honda,CR-V,2013,157000,14500.0,USD,San Fernando,Buenos Aires (A.M.B.A.)
Suzuki,Fun,2008,220000,5000.0,USD,San Telmo,Ciudad Autónoma Buenos Aires
Ford,Ka,2019,82651,17000000.0,ARS,Córdoba,Córdoba
Renault,Sandero,2010,202000,7500000.0,ARS,Río Cuarto,Córdoba
Chevrolet,S 10,2017,132000,21000.0,USD,Godoy Cruz,Mendoza
Peugeot,208,2018,80000,8250000.0,ARS,Caballito,Ciudad Autónoma Buenos Aires
Citroën,C3,2007,200000,6390000.0,ARS,Belgrano,Ciudad Autónoma Buenos Aires
Ford,Territory,2021,40000,35000000.0,ARS,Campana,Buenos Aires
Nissan,Kicks,2018,130000,18900000.0,ARS,Moreno,Buenos Aires (A.M.B.A.)
FIAT,Palio,2018,115000,12300000.0,ARS,Villa Maria,Córdoba
Ford,Fiesta Kinetic,2016,98000,16800000.0,ARS,Gálvez,Santa Fe
FIAT,Strada Adventure,2018,90000,17500000.0,ARS,Villa Luro,Ciudad Autónoma Buenos Aires
Volkswagen,Amarok,2015,172000,29500000.0,ARS,Río Cuarto,Córdoba
Volkswagen,Suran,2017,41000,20700000.0,ARS,Merlo,Buenos Aires (A.M.B.A.)
Peugeot,208,2022,25000,12000000.0,ARS,Caballito,Ciudad Autónoma Buenos Aires
Hyundai,Tucson,2011,182000,9000.0,USD,San Miguel de Tucumán,Tucumán
Peugeot,Expert,2020,61000,16000000.0,ARS,Caballito,Ciudad Autónoma Buenos Aires
Hyundai,Santa Fe,2013,165000,21999999.0,ARS,Venado Tuerto,Santa Fe
Toyota,RAV4,2019,120000,45000000.0,ARS,La Tablada,Buenos Aires (A.M.B.A.)
Citroën,C3,2026,10,25300000.0,ARS,San Andres,Buenos Aires (A.M.B.A.)
Renault,Fluence,2015,130000,15000000.0,ARS,Parana,Entre Ríos
Renault,Kangoo Express,2016,140000,13500.0,USD,Balvanera,Ciudad Autónoma Buenos Aires
Volkswagen,Gol Trend,2016,78000,16000000.0,ARS,Mendoza,Mendoza
Volkswagen,Fox,2017,130000,13000.0,USD,Las Heras,Mendoza
Ford,Ka,2017,65000,14500000.0,ARS,Comodoro Rivadavia,Chubut
Nissan,Tiida Hatchback,2014,130000,14200000.0,ARS,Neuquén,Neuquén
Honda,HR-V,2017,97000,26500000.0,ARS,General Alvear,Mendoza
Ford,Focus,2009,151000,8200.0,USD,Bahía Blanca,Buenos Aires
Volkswagen,Amarok,2018,183500,38500000.0,ARS,Córdoba,Córdoba
Ford,Fiesta Kinetic Sedán,2017,118500,16000000.0,ARS,La Plata,Buenos Aires
Chevrolet,Captiva,2018,188000,21000000.0,ARS,Pascanas,Córdoba
Renault,Mégane,2009,93000,9300000.0,ARS,Leones,Córdoba
Peugeot,Partner,2024,37000,13175000.0,ARS,Caballito,Ciudad Autónoma Buenos Aires
Peugeot,2008,2019,74000,12600000.0,ARS,Caballito,Ciudad Autónoma Buenos Aires
FIAT,Siena,2017,87300,9000.0,USD,Salto,Buenos Aires
Volkswagen,Gol,2011,125000,6850000.0,ARS,Caballito,Ciudad Autónoma Buenos Aires
Jeep,Renegade,2019,60000,25850000.0,ARS,San Francisco,Córdoba
Ford,Fiesta Kinetic Sedán,2013,360000,7000000.0,ARS,Temperley,Buenos Aires (A.M.B.A.)
Renault,Sandero Stepway,2016,92000,8000000.0,ARS,Lanus,Buenos Aires (A.M.B.A.)
Peugeot,208,2021,35000,7000000.0,ARS,Caballito,Ciudad Autónoma Buenos Aires
FIAT,128,1980,100,11000000.0,ARS,Villa Krause,San Juan
Renault,Duster,2014,160000,10700.0,USD,Rosario,Santa Fe
FIAT,Siena,2006,300000,5500000.0,ARS,La Falda,Córdoba
Volkswagen,T-Cross,2021,53000,18500.0,USD,Ezeiza,Buenos Aires (A.M.B.A.)
Peugeot,208,2019,74000,9400000.0,ARS,Caballito,Ciudad Autónoma Buenos Aires
Renault,Kwid,2026,100,20000000.0,ARS,Lomas De Zamora,Buenos Aires (A.M.B.A.)
Ford,Fiesta Max,2009,203500,7000000.0,ARS,Parana,Entre Ríos
Chevrolet,Corsa,2010,195000,8600000.0,ARS,Avellaneda,Buenos Aires (A.M.B.A.)
Peugeot,207 Compact,2013,222000,9500000.0,ARS,Gualeguaychú,Entre Ríos
Audi,Q3,2018,83000,49000000.0,ARS,Río Cuarto,Córdoba
Renault,Clio,2012,91000,10450000.0,ARS,Lujan de Cuyo,Mendoza
Renault,Clio,2013,172000,12500000.0,ARS,Río Cuarto,Córdoba
Honda,HR-V,2016,127000,24000000.0,ARS,Rosario,Santa Fe
Volkswagen,up!,2018,97000,9500.0,USD,Mataderos,Ciudad Autónoma Buenos Aires
Toyota,C-HR,2020,42000,35000.0,USD,San Ramón de la Nueva Orán,Salta
Renault,Logan,2022,72000,18500000.0,ARS,Villa Luro,Ciudad Autónoma Buenos Aires
FIAT,Cronos,2022,70800,17900.0,USD,Los Polvorines,Buenos Aires (A.M.B.A.)
BMW,Serie 3 Coupé,2010,64500,26000.0,USD,Córdoba,Córdoba
FIAT,500,2015,110000,14200.0,USD,San Andres,Buenos Aires (A.M.B.A.)
Peugeot,208,2021,25000,12000000.0,ARS,Caballito,Ciudad Autónoma Buenos Aires
Toyota,Corolla Cross Hybrid,2023,35000,46990000.0,ARS,Palermo,Ciudad Autónoma Buenos Aires
Hyundai,Creta,2024,7600,26000.0,USD,Avellaneda,Buenos Aires (A.M.B.A.)
Ford,Ranger,2023,20000,49000.0,USD,Lanus,Buenos Aires (A.M.B.A.)
FIAT,Cronos,2022,42000,16500000.0,ARS,Villa Luro,Ciudad Autónoma Buenos Aires
Toyota,Corolla Cross Hybrid,2025,15000,37500.0,USD,San Telmo,Ciudad Autónoma Buenos Aires
Renault,Mégane II,2007,204000,9500000.0,ARS,La Plata,Buenos Aires
Renault,Duster,2017,145000,17900000.0,ARS,Berazategui Oeste,Buenos Aires (A.M.B.A.)
Renault,Clio Mío,2015,82000,10300000.0,ARS,Godoy Cruz,Mendoza
Peugeot,207 Compact Sedán,2012,83000,12000000.0,ARS,Parque Avellaneda,Ciudad Autónoma Buenos Aires
Mercedes,Sprinter,2007,125318,20000.0,USD,Vicente Lopez,Buenos Aires (A.M.B.A.)
FIAT,Siena,2016,152000,13500000.0,ARS,Córdoba,Córdoba
Ford,Ranger,2017,90000,26000000.0,ARS,Villa Luro,Ciudad Autónoma Buenos Aires
Peugeot,3008 SUV,2019,102000,25000.0,USD,Parana,Entre Ríos
Toyota,Hilux,2019,110000,43500000.0,ARS,La Plata,Buenos Aires
Renault,Captur,2019,83000,22000000.0,ARS,25 de Mayo,Buenos Aires
Renault,Alaskan,2026,9,52000000.0,ARS,Córdoba,Córdoba
Renault,Sandero,2009,230000,6500000.0,ARS,La Plata,Buenos Aires
Peugeot,Expert,2020,42000,18000000.0,ARS,Caballito,Ciudad Autónoma Buenos Aires
Toyota,Corolla,2016,168000,21500000.0,ARS,Santa Rosa,La Pampa
Chevrolet,Tracker,2014,170000,9950.0,USD,Remedios de Escalada,Buenos Aires (A.M.B.A.)
Ford,Kuga,2012,195000,17000000.0,ARS,Ituzaingo,Buenos Aires (A.M.B.A.)
FIAT,Cronos,2022,51000,20000000.0,ARS,San Miguel,Buenos Aires (A.M.B.A.)
FIAT,Fastback,2024,36000,36000000.0,ARS,Parana,Entre Ríos
Toyota,Corolla,2017,99500,21000000.0,ARS,Parana,Entre Ríos
Nissan,Tiida,2011,150000,10000000.0,ARS,Lomas del Mirador,Buenos Aires (A.M.B.A.)
Renault,Fluence,2014,94000,11000000.0,ARS,Flores,Ciudad Autónoma Buenos Aires
Renault,Sandero Stepway,2018,83000,16000000.0,ARS,Corrientes,Corrientes
Citroën,C3,2020,28600,18000000.0,ARS,Haedo,Buenos Aires (A.M.B.A.)
Mercedes,Clase E Sedán,2009,103000,19900.0,USD,San Martin,Buenos Aires (A.M.B.A.)
Toyota,Corolla,2016,109969,23500000.0,ARS,San Luis,San Luis
Peugeot,207 Compact,2013,156000,8000.0,USD,Villa Bosch,Buenos Aires (A.M.B.A.)
FIAT,Punto,2015,75100,12800000.0,ARS,Colonia San Miguel,Buenos Aires
Renault,Captur,2020,45000,18500.0,USD,Saavedra,Ciudad Autónoma Buenos Aires
FIAT,Siena,2018,220000,7000000.0,ARS,Parque Avellaneda,Ciudad Autónoma Buenos Aires
Toyota,Etios Hatchback,2014,166000,13900000.0,ARS,Mayor Drummond,Mendoza
FIAT,Toro,2022,65500,22000.0,USD,Villa Libertad,Buenos Aires (A.M.B.A.)
Citroën,C4,2011,176000,8000000.0,ARS,Almafuerte,Córdoba
Peugeot,207 Compact,2008,120000,8750000.0,ARS,Villa Luro,Ciudad Autónoma Buenos Aires
Peugeot,408,2015,96500,14000000.0,ARS,Neuquén,Neuquén
Nissan,Kicks,2020,54000,29500000.0,ARS,La Plata,Buenos Aires
Renault,Logan,2015,120000,12800000.0,ARS,Villa Luro,Ciudad Autónoma Buenos Aires
Renault,Sandero Stepway,2016,150000,15500000.0,ARS,San Martin,Buenos Aires (A.M.B.A.)
Citroën,C4 Lounge,2015,142000,13500000.0,ARS,Villa Adelina,Buenos Aires (A.M.B.A.)
Peugeot,207 Compact,2010,225000,9500000.0,ARS,Salsipuedes,Córdoba
FIAT,Palio Weekend,2010,253000,8000000.0,ARS,Munro,Buenos Aires (A.M.B.A.)
Ford,Focus,2015,120000,11000.0,USD,Rosario,Santa Fe
Ford,Focus,2017,178000,14000.0,USD,Barracas,Ciudad Autónoma Buenos Aires
Peugeot,208,2021,38000,20000.0,USD,Coronel Dorrego,Buenos Aires
Peugeot,2008,2025,20000,38500000.0,ARS,La Tablada,Buenos Aires (A.M.B.A.)
Volkswagen,Suran,2012,230000,12000000.0,ARS,Moron,Buenos Aires (A.M.B.A.)
Peugeot,308,2016,68000,17300000.0,ARS,Córdoba,Córdoba
Chevrolet,Spin,2014,146000,11000.0,USD,Santa Fe,Santa Fe
FIAT,Cronos,2021,25000,24000000.0,ARS,La Tablada,Buenos Aires (A.M.B.A.)
Peugeot,5008,2016,165000,19500000.0,ARS,Aldo Bonzi,Buenos Aires (A.M.B.A.)
Renault,Clio Mío,2016,104000,9000.0,USD,Mar del Plata,Buenos Aires
Mercedes,Clase A Hatchback,2016,135000,19900.0,USD,Pasteur,Buenos Aires
Peugeot,208,2023,25000,28000000.0,ARS,Caballito,Ciudad Autónoma Buenos Aires
Chery,Tiggo 5,2018,78000,17900000.0,ARS,Flores,Ciudad Autónoma Buenos Aires
Renault,Kangoo,2011,183000,13000000.0,ARS,Bahía Blanca,Buenos Aires
Peugeot,208,2021,53000,11000000.0,ARS,Caballito,Ciudad Autónoma Buenos Aires
FIAT,Argo,2020,114000,18500000.0,ARS,Villa Luro,Ciudad Autónoma Buenos Aires
Ford,Focus,2015,163500,13333333.0,ARS,La Paternal,Ciudad Autónoma Buenos Aires
Ford,Kuga Híbrida,2020,82000,36900000.0,ARS,Rosario,Santa Fe
FIAT,Palio,2015,37000,13490000.0,ARS,Posadas,Misiones
FIAT,Cronos,2023,14000,25000000.0,ARS,San Cristobal,Santa Fe
Renault,Fluence,2014,198000,9700.0,USD,El Challao,Mendoza
Volkswagen,Golf,2016,92800,14500.0,USD,Azul,Buenos Aires
Citroën,C3,2016,103091,13900000.0,ARS,Saavedra,Ciudad Autónoma Buenos Aires
Toyota,Hilux,2019,26000,37000.0,USD,Ramos Mejia,Buenos Aires (A.M.B.A.)
FIAT,Uno,2011,205000,10000000.0,ARS,San Nicolás de los Arroyos,Buenos Aires
Renault,Logan,2019,77000,14900000.0,ARS,Flores,Ciudad Autónoma Buenos Aires
Volkswagen,Polo 5P,2019,125000,23000000.0,ARS,Rosario,Santa Fe
Volkswagen,up!,2020,83000,17500000.0,ARS,Guillermo Hudson,Buenos Aires (A.M.B.A.)
Citroën,C4 Lounge,2014,47000,14900000.0,ARS,Parque Chacabuco,Ciudad Autónoma Buenos Aires
Toyota,Etios Hatchback,2016,69000,16000000.0,ARS,1a. Seccion,Mendoza
Volkswagen,T-Cross,2019,100000,29800000.0,ARS,Rojas,Buenos Aires
Citroën,Berlingo Multispace,2012,100000,14000000.0,ARS,Parque Chacabuco,Ciudad Autónoma Buenos Aires
Toyota,Yaris,2018,92000,16500.0,USD,Córdoba,Córdoba
Chevrolet,Tracker,2016,100,12500.0,USD,Liniers,Ciudad Autónoma Buenos Aires
Chevrolet,Agile,2015,78000,13100000.0,ARS,Rosario,Santa Fe
Audi,A4,2017,91000,25000.0,USD,Córdoba,Córdoba
Chevrolet,Tracker,2013,300000,15000000.0,ARS,San Carlos de Bariloche,Río Negro
Ford,EcoSport,2015,159000,16000000.0,ARS,Olivos,Buenos Aires (A.M.B.A.)
Ford,Kuga,2013,117250,18800000.0,ARS,La Plata,Buenos Aires
Volkswagen,Amarok,2016,140000,30000000.0,ARS,Corrientes,Corrientes
Volkswagen,Gol Trend,2011,210000,9300000.0,ARS,Guillermo Hudson,Buenos Aires (A.M.B.A.)
Nissan,Kicks,2018,87000,26000000.0,ARS,Rosario,Santa Fe
Ford,EcoSport,2016,80000,17000000.0,ARS,Villa Pueyrredón,Ciudad Autónoma Buenos Aires
Nissan,Sentra,2017,95000,18000000.0,ARS,Avellaneda,Buenos Aires (A.M.B.A.)
Volkswagen,Polo,2018,116000,18500000.0,ARS,Yerba Buena - Marcos Paz,Tucumán
FIAT,Palio,2014,155500,12500000.0,ARS,Córdoba,Córdoba
Citroën,C4,2014,118000,10800000.0,ARS,Córdoba,Córdoba
FIAT,Fastback,2024,45011,36260000.0,ARS,Córdoba,Córdoba
Honda,CR-V,2011,180000,17000000.0,ARS,Resistencia,Chaco
Renault,Sandero,2013,120000,9800000.0,ARS,Ranelagh,Buenos Aires (A.M.B.A.)
Ford,Ka,2019,84000,17900000.0,ARS,Wilde,Buenos Aires (A.M.B.A.)
Volkswagen,Taos,2026,1,51900000.0,ARS,Neuquén,Neuquén
Volkswagen,Nivus,2024,22500,3000000.0,ARS,Flores,Ciudad Autónoma Buenos Aires
FIAT,Strada Adventure,2013,140000,7500000.0,ARS,El Talar,Buenos Aires (A.M.B.A.)
Honda,CR-V,2011,145000,14500.0,USD,Ushuaia,Tierra del Fuego
Jeep,Compass,2018,60000,23500.0,USD,San Andres,Buenos Aires (A.M.B.A.)
Chevrolet,Cruze,2019,108000,18700000.0,ARS,Resistencia,Chaco
Peugeot,2008,2024,20000,9500000.0,ARS,Almagro,Ciudad Autónoma Buenos Aires
BMW,X1,2017,182000,22900.0,USD,La Plata,Buenos Aires
Renault,Kwid,2020,59200,13900000.0,ARS,Flores,Ciudad Autónoma Buenos Aires
Citroën,Saxo,2001,350000,4000000.0,ARS,San Luis,San Luis
Ford,Fiesta Kinetic,2015,115000,17400000.0,ARS,Lanus,Buenos Aires (A.M.B.A.)
KIA,Sportage,2017,103000,20000.0,USD,La Plata,Buenos Aires
Chevrolet,Cruze,2018,94000,17900000.0,ARS,La Plata,Buenos Aires
Renault,Logan,2018,82500,12000000.0,ARS,Ramos Mejia,Buenos Aires (A.M.B.A.)
Chevrolet,Agile,2012,184000,8000000.0,ARS,Santa Fe,Santa Fe
FIAT,Fastback Abarth,2026,100,45800000.0,ARS,Tigre,Buenos Aires (A.M.B.A.)
Volkswagen,T-Cross,2020,114000,30000000.0,ARS,Berazategui,Buenos Aires (A.M.B.A.)
Toyota,Yaris,2023,47395,32000000.0,ARS,Rafaela,Santa Fe
Audi,A1 Sportback,2013,180000,15000.0,USD,La Plata,Buenos Aires
Peugeot,208,2017,77418,13200.0,USD,San Nicolás,Ciudad Autónoma Buenos Aires
Chevrolet,Onix,2020,12000,22000000.0,ARS,Neuquén,Neuquén
Volkswagen,Suran,2012,150000,11000000.0,ARS,Monte Castro,Ciudad Autónoma Buenos Aires
Chevrolet,Corsa Classic,2012,200000,7600000.0,ARS,Las Varillas,Córdoba
Nissan,Kicks,2021,43000,30900000.0,ARS,Neuquén,Neuquén
Peugeot,2008,2018,130000,15500000.0,ARS,Rafaela,Santa Fe
Toyota,Corolla Cross,2022,54000,42800000.0,ARS,San Miguel de Tucumán,Tucumán
Peugeot,207 Compact,2014,200,10000000.0,ARS,San Luis,San Luis
BMW,X1,2026,1000,50500.0,USD,Recoleta,Ciudad Autónoma Buenos Aires
FIAT,Fiorino,2017,237000,13499000.0,ARS,Córdoba,Córdoba
Chevrolet,Onix,2016,65500,14500000.0,ARS,Comodoro Rivadavia,Chubut
Ford,Bronco Sport,2023,20000,40500.0,USD,Belgrano,Ciudad Autónoma Buenos Aires
Renault,Duster,2018,105000,22000000.0,ARS,Godoy Cruz,Mendoza
Peugeot,206,2000,217000,4500000.0,ARS,Córdoba,Córdoba
Ford,Ka,2018,100,16000000.0,ARS,Córdoba,Córdoba
BMW,X1,2017,110700,28500.0,USD,Tandil,Buenos Aires
Honda,CR-V,2011,228000,17400000.0,ARS,Tandil,Buenos Aires
Peugeot,207 Compact,2011,118479,9800000.0,ARS,Ituzaingo,Buenos Aires (A.M.B.A.)
Chevrolet,Classic,1947,77000,30000.0,USD,Parana,Entre Ríos
Nissan,March,2017,97000,17500000.0,ARS,Resistencia,Chaco
Chevrolet,Cruze,2012,59000,10500.0,USD,San Nicolás,Ciudad Autónoma Buenos Aires
KIA,Sportage,2013,150000,18000000.0,ARS,Esperanza,Santa Fe
Peugeot,2008,2017,106000,17200000.0,ARS,Liniers,Ciudad Autónoma Buenos Aires
Peugeot,5008,2013,120000,12000.0,USD,Cañada de Gomez,Santa Fe
Chevrolet,Astra,2001,220000,5500000.0,ARS,Francisco Alvarez,Buenos Aires (A.M.B.A.)
Volkswagen,Tiguan,2012,154000,18000000.0,ARS,Tunuyan,Mendoza
Volkswagen,Bora,2011,179945,17500000.0,ARS,Recoleta,Ciudad Autónoma Buenos Aires
Toyota,Corolla Cross Hybrid,2023,70000,44000000.0,ARS,La Calera,Córdoba
Renault,Clio Mío,2014,124400,11000000.0,ARS,San Nicolás de los Arroyos,Buenos Aires
SWM,X7,2019,82000,20000000.0,ARS,Recoleta,Ciudad Autónoma Buenos Aires
Ford,Fiesta Max One,2011,120000,9500000.0,ARS,Los Hornos,Buenos Aires
Peugeot,2008,2026,1,45000000.0,ARS,Neuquén,Neuquén
Chevrolet,Classic,2014,143000,12500000.0,ARS,Campana,Buenos Aires
Ford,Territory,2022,55392,39800000.0,ARS,Tandil,Buenos Aires
Ford,EcoSport,2018,78000,21500000.0,ARS,Neuquén,Neuquén
Renault,Duster,2019,140000,21500000.0,ARS,Neuquén,Neuquén
Volkswagen,Golf,2013,82000,12000000.0,ARS,Escobar,Buenos Aires (A.M.B.A.)
Peugeot,206,2003,189000,5500000.0,ARS,Rosario,Santa Fe
Toyota,Corolla Hybrid,2025,2700,47900000.0,ARS,Caballito,Ciudad Autónoma Buenos Aires
Chevrolet,Vectra,2008,181000,6500.0,USD,17 De Agosto,Buenos Aires
Nissan,Kicks,2021,78000,28500000.0,ARS,Ramos Mejia,Buenos Aires (A.M.B.A.)
Volkswagen,Virtus,2023,15200,33000000.0,ARS,Martinez,Buenos Aires (A.M.B.A.)
FIAT,Mobi,2024,10000,3000000.0,ARS,Flores,Ciudad Autónoma Buenos Aires
Chevrolet,Onix,2016,160000,13500000.0,ARS,Rosario,Santa Fe
Toyota,Corolla Hybrid,2023,38500,39000000.0,ARS,Mar del Plata,Buenos Aires
Nissan,March,2015,141000,13000000.0,ARS,Carmen de Areco,Buenos Aires
Peugeot,3008,2012,156000,12000000.0,ARS,Córdoba,Córdoba
Jeep,Grand Cherokee,2017,68000,36000.0,USD,Santa Fe,Santa Fe
Audi,A1,2012,160000,15700.0,USD,Beccar,Buenos Aires (A.M.B.A.)
Volkswagen,Saveiro,2018,163000,22000000.0,ARS,Villa Carlos Paz,Córdoba
Peugeot,208,2018,85000,15600000.0,ARS,Córdoba,Córdoba
Toyota,Yaris,2020,64000,22500000.0,ARS,Caseros,Buenos Aires (A.M.B.A.)
Chevrolet,Cruze,2017,165000,1550000.0,ARS,Godoy Cruz,Mendoza
FIAT,Tipo Sedán,2018,88500,17500000.0,ARS,Versalles,Ciudad Autónoma Buenos Aires
FIAT,Punto,2013,138000,12500000.0,ARS,Belgrano,Ciudad Autónoma Buenos Aires
Chevrolet,Onix,2018,68000,14500000.0,ARS,Flores,Ciudad Autónoma Buenos Aires
Citroën,C4 Cactus,2018,42000,17500000.0,ARS,Parque Chacabuco,Ciudad Autónoma Buenos Aires
Volkswagen,Golf,2017,85000,16000000.0,ARS,Neuquén,Neuquén
Volkswagen,Polo 5P,2024,24500,3499999.0,ARS,Flores,Ciudad Autónoma Buenos Aires
Toyota,Corolla,2022,71000,37000000.0,ARS,Guaymallén,Mendoza
Peugeot,308,2015,118000,9500.0,USD,Mataderos,Ciudad Autónoma Buenos Aires
Toyota,Corolla,2012,145000,17000000.0,ARS,Corrientes,Corrientes
Chery,Tiggo 2,2011,236000,9000000.0,ARS,Charata,Chaco
Chevrolet,Agile,2014,150000,10000000.0,ARS,Gualeguaychú,Entre Ríos
Peugeot,2008,2019,48000,17800.0,USD,Villa Urquiza,Ciudad Autónoma Buenos Aires
Volkswagen,New Beetle,2008,88034,14700.0,USD,Tandil,Buenos Aires
Shineray,X30 Pasajeros,2018,50000,16000.0,USD,Flores,Ciudad Autónoma Buenos Aires
BMW,Serie 2 Coupé,2018,42000,59900.0,USD,Mataderos,Ciudad Autónoma Buenos Aires
Peugeot,208,2014,105000,13500000.0,ARS,Villa Luro,Ciudad Autónoma Buenos Aires
Peugeot,408,2019,120873,19000000.0,ARS,San Nicolás de los Arroyos,Buenos Aires
Honda,HR-V,2019,147200,28500000.0,ARS,Bahía Blanca,Buenos Aires
Porsche,Panamera 4S,2011,74000,95000.0,USD,Guaymallén,Mendoza
Ford,Ranger,2022,150000,30000.0,USD,El Pato,Buenos Aires (A.M.B.A.)
Peugeot,2008,2022,67000,25000000.0,ARS,Del Viso,Buenos Aires (A.M.B.A.)
Renault,Sandero,2019,38000,13800.0,USD,Saavedra,Ciudad Autónoma Buenos Aires
KIA,Soul,2013,166000,13500000.0,ARS,Burzaco,Buenos Aires (A.M.B.A.)
Renault,Stepway,2020,104000,18500000.0,ARS,Grand Bourg,Buenos Aires (A.M.B.A.)
Ford,Mondeo,2017,80000,19000.0,USD,Pilar,Buenos Aires (A.M.B.A.)
Peugeot,208,2023,28000,11000000.0,ARS,Caballito,Ciudad Autónoma Buenos Aires
Jeep,Renegade,2020,50000,27900000.0,ARS,Neuquén,Neuquén
Renault,Clio,2007,220,6000000.0,ARS,Godoy Cruz,Mendoza
Jeep,Renegade,2018,100800,22000000.0,ARS,Santa Rosa de Calamuchita,Córdoba
Ford,Fiesta Kinetic,2015,70000,12700.0,USD,Benavidez,Buenos Aires (A.M.B.A.)
FIAT,Uno,2014,50000,11000000.0,ARS,Tigre,Buenos Aires (A.M.B.A.)
Jeep,Renegade,2022,52000,31000000.0,ARS,Neuquén,Neuquén
Volkswagen,up!,2017,133486,13600000.0,ARS,Córdoba,Córdoba
Honda,Civic,2008,247000,12000000.0,ARS,Gonzalez Catán,Buenos Aires (A.M.B.A.)
Renault,Mégane,1998,220000,4800000.0,ARS,Olivera,Buenos Aires
Ford,Ka,2019,99498,15500000.0,ARS,Escobar,Buenos Aires (A.M.B.A.)
Chevrolet,Astra,2012,175000,10000000.0,ARS,Tupungato,Mendoza
Volkswagen,Suran,2012,150800,12500000.0,ARS,Tandil,Buenos Aires
Citroën,C3,2012,140000,10500000.0,ARS,El Resguardo,Mendoza
Peugeot,308 CC,2014,196000,13899000.0,ARS,Córdoba,Córdoba
Citroën,C3,2013,125000,11500000.0,ARS,Santa Fe,Santa Fe
Renault,Duster,2013,134729,14500000.0,ARS,Escobar,Buenos Aires (A.M.B.A.)
Toyota,Land Cruiser,2013,200000,69000.0,USD,Guaymallén,Mendoza
Toyota,RAV4,2010,230000,18000000.0,ARS,Crespo,Entre Ríos
Chevrolet,Combo,1998,100,6500000.0,ARS,Villa Krause,San Juan
Peugeot,Partner,2020,35000,8000000.0,ARS,Caballito,Ciudad Autónoma Buenos Aires
Ford,Ka,2017,115991,14000000.0,ARS,Escobar,Buenos Aires (A.M.B.A.)
Renault,Kangoo,2020,128000,23400000.0,ARS,Tandil,Buenos Aires
Toyota,Hilux,2007,271500,20400.0,USD,Tandil,Buenos Aires
Volkswagen,Suran,2018,73500,18000000.0,ARS,Corrientes,Corrientes
FIAT,Cronos,2026,300,29700000.0,ARS,Mar del Plata,Buenos Aires
Renault,Sandero,2018,138172,15680000.0,ARS,Córdoba,Córdoba
Citroën,C4 Picasso,2018,113000,17900000.0,ARS,Palermo,Ciudad Autónoma Buenos Aires
Toyota,Corolla,2025,11700,35500.0,USD,Palermo,Ciudad Autónoma Buenos Aires
FIAT,Palio,2018,95000,12500000.0,ARS,Posadas,Misiones
Peugeot,408,2014,130000,9990.0,USD,Ramos Mejia,Buenos Aires (A.M.B.A.)
BMW,Serie 3 Sedán,2013,145000,28000.0,USD,Tres Arroyos,Buenos Aires
Ford,Fiesta Kinetic Sedán,2015,88000,15600000.0,ARS,La Tablada,Buenos Aires (A.M.B.A.)
Chevrolet,Cruze RS,2023,62000,25800.0,USD,Mar del Plata,Buenos Aires
Peugeot,208,2022,63000,22900000.0,ARS,San Cristóbal,Ciudad Autónoma Buenos Aires
Hyundai,Tucson,2017,132000,21500.0,USD,Parana,Entre Ríos
Renault,Clio Mío,2015,106000,11000000.0,ARS,San Juan,San Juan
Peugeot,208,2022,24000,8500000.0,ARS,Caballito,Ciudad Autónoma Buenos Aires
FIAT,Siena,2015,120000,14200000.0,ARS,Córdoba,Córdoba
Peugeot,208,2014,78000,14000000.0,ARS,Tandil,Buenos Aires
Citroën,C4 Lounge,2019,69000,20000000.0,ARS,Adrogue,Buenos Aires (A.M.B.A.)
Nissan,Tiida,2010,103000,10500.0,USD,Villa Urquiza,Ciudad Autónoma Buenos Aires
Volkswagen,Suran,2017,110000,16000000.0,ARS,Neuquén,Neuquén
Citroën,C4 Picasso,2014,243000,14000000.0,ARS,La Plata,Buenos Aires
Renault,Kangoo,2016,140667,15000.0,USD,Balvanera,Ciudad Autónoma Buenos Aires
Volkswagen,up!,2016,81000,13000000.0,ARS,Rodeo De La Cruz,Mendoza
Renault,Twingo,1999,250000,3000000.0,ARS,Guaymallén,Mendoza
Peugeot,208,2014,139000,13000000.0,ARS,Grand Bourg,Buenos Aires (A.M.B.A.)
FIAT,Toro,2025,17000,39899000.0,ARS,Córdoba,Córdoba
Renault,Sandero Stepway,2013,150000,12500000.0,ARS,Godoy Cruz,Mendoza
Nissan,Frontier,2020,200000,32000000.0,ARS,Neuquén,Neuquén
Chevrolet,Agile,2010,150000,8600000.0,ARS,Liniers,Ciudad Autónoma Buenos Aires
Ford,Territory,2020,67000,23500.0,USD,La Plata,Buenos Aires
Chevrolet,Aveo,2012,190000,9000000.0,ARS,General Roca,Río Negro
Volkswagen,Voyage,2013,370000,6250000.0,ARS,Rosario,Santa Fe
FIAT,Toro,2025,11000,42500000.0,ARS,La Plata,Buenos Aires
Chevrolet,Corsa,2010,148000,9980000.0,ARS,San Justo,Buenos Aires (A.M.B.A.)
Mitsubishi,L200,1998,400000,11500.0,USD,El Talar,Buenos Aires (A.M.B.A.)
Chevrolet,Onix Joy,2019,88000,16500000.0,ARS,Ituzaingo,Buenos Aires (A.M.B.A.)
Peugeot,2008,2018,184009,18130000.0,ARS,Córdoba,Córdoba
Peugeot,Partner Patagónica,2011,140,12000000.0,ARS,Resistencia,Chaco
Renault,Scénic,2009,250000,6500000.0,ARS,Ituzaingo,Buenos Aires (A.M.B.A.)
Renault,Clio Mío,2015,123000,12000000.0,ARS,Córdoba,Córdoba
Honda,CR-V,2014,180000,24500000.0,ARS,Córdoba,Córdoba
Jeep,Compass,2025,4000,36000.0,USD,Escobar,Buenos Aires (A.M.B.A.)
Peugeot,2008,2019,215036,19000000.0,ARS,Escobar,Buenos Aires (A.M.B.A.)
Chevrolet,Tracker,2025,1,48000000.0,ARS,Neuquén,Neuquén
Mercedes,Clase A Sedán,2023,60700,42000.0,USD,Mataderos,Ciudad Autónoma Buenos Aires
FIAT,Punto,2015,190000,10000000.0,ARS,San Miguel de Tucumán,Tucumán
Renault,Sandero,2014,131500,11800000.0,ARS,Córdoba,Córdoba
Volkswagen,Gol Trend,2011,200334,11800000.0,ARS,Guaymallén,Mendoza
FIAT,Fastback Abarth,2024,11000,39800000.0,ARS,Villa Carlos Paz,Córdoba
Ford,EcoSport,2016,165000,15900000.0,ARS,La Plata,Buenos Aires
Jeep,Grand Cherokee,2017,89000,45000000.0,ARS,Neuquén,Neuquén
Ford,Fiesta,2016,110000,16500000.0,ARS,Neuquén,Neuquén
RAM,Rampage,2024,54000,51000000.0,ARS,Bahía Blanca,Buenos Aires
Peugeot,207 Compact,2013,136098,12740000.0,ARS,Córdoba,Córdoba
Peugeot,208,2019,59500,6000000.0,ARS,Caballito,Ciudad Autónoma Buenos Aires
Volkswagen,Suran,2015,100000,17000000.0,ARS,Parana,Entre Ríos
Toyota,Corolla,2012,65000,14800.0,USD,San Isidro,Buenos Aires (A.M.B.A.)
Toyota,Yaris,2022,52000,29500000.0,ARS,Caballito,Ciudad Autónoma Buenos Aires
Volkswagen,Polo 5P,2023,65000,24400000.0,ARS,Corrientes,Corrientes
FIAT,147,1987,100000,3000000.0,ARS,Parana,Entre Ríos
Volkswagen,Golf,2011,110000,10899000.0,ARS,Córdoba,Córdoba
Jeep,Renegade,2020,51000,23000000.0,ARS,San Miguel de Tucumán,Tucumán
Peugeot,208,2024,43000,26700000.0,ARS,Neuquén,Neuquén
Peugeot,208,2019,63000,7500000.0,ARS,Caballito,Ciudad Autónoma Buenos Aires
Toyota,Yaris,2025,7000,38000000.0,ARS,La Puntilla,Mendoza
Volkswagen,Amarok,2023,95000,51900000.0,ARS,Villa Carlos Paz,Córdoba
Toyota,Hilux,2018,120000,26100.0,USD,Córdoba,Córdoba
Toyota,Corolla,2020,75000,33500000.0,ARS,Parana,Entre Ríos
Renault,Logan,2018,110000,18500000.0,ARS,Resistencia,Chaco
Volkswagen,Amarok,2014,185000,15500.0,USD,Lomas del Mirador,Buenos Aires (A.M.B.A.)
Chevrolet,Celta,2014,108000,9800000.0,ARS,Guaymallén,Mendoza
Ford,Fiesta Kinetic,2014,29200,11500.0,USD,Almagro,Ciudad Autónoma Buenos Aires
Peugeot,208,2014,102600,9000.0,USD,La Plata,Buenos Aires
Volkswagen,Polo,2020,133000,19000000.0,ARS,Tigre,Buenos Aires (A.M.B.A.)
Jeep,Compass,2022,62000,39000000.0,ARS,Flores,Ciudad Autónoma Buenos Aires
BMW,X6,2010,160000,32000.0,USD,Parana,Entre Ríos
Peugeot,208,2021,43000,22900000.0,ARS,Arroyito,Córdoba
Peugeot,208,2019,49000,9000000.0,ARS,Caballito,Ciudad Autónoma Buenos Aires
Peugeot,208,2019,57000,6000000.0,ARS,Caballito,Ciudad Autónoma Buenos Aires
Honda,Civic,2018,117000,30000000.0,ARS,Yerba Buena - Marcos Paz,Tucumán
FIAT,Mobi,2019,83000,15000000.0,ARS,Mendiolaza,Córdoba
Nissan,Versa,2016,86000,14500000.0,ARS,San Miguel,Buenos Aires (A.M.B.A.)
Chevrolet,Cruze 5,2017,105000,18000.0,USD,Ciudadela,Buenos Aires (A.M.B.A.)
Renault,Logan,2021,100000,17500000.0,ARS,Villa Carlos Paz,Córdoba
KIA,Sportage,2017,141000,17000.0,USD,Palermo,Ciudad Autónoma Buenos Aires
Jeep,Grand Cherokee,2016,116270,35000.0,USD,Río Cuarto,Córdoba
Citroën,C3 Aircross,2025,1,33000000.0,ARS,Neuquén,Neuquén
Peugeot,308,2015,95000,11900.0,USD,Pilar,Buenos Aires (A.M.B.A.)
Toyota,Etios Sedán,2016,190000,15500000.0,ARS,Córdoba,Córdoba
Volkswagen,Golf,2019,106000,19000.0,USD,Agronomía,Ciudad Autónoma Buenos Aires
Renault,Kangoo,2015,240000,14900000.0,ARS,Villa Mercedes,San Luis
FIAT,Idea,2016,160000,12000000.0,ARS,Santo Tome,Santa Fe
Volkswagen,Amarok,2018,133000,32000000.0,ARS,Rosario,Santa Fe
Renault,Duster,2017,127000,17900000.0,ARS,Villa Allende,Córdoba
Peugeot,308 CC,2012,205000,15500000.0,ARS,Tandil,Buenos Aires
Volkswagen,Amarok,2015,360000,21500000.0,ARS,Rosario,Santa Fe
FIAT,Qubo,2013,197500,12000000.0,ARS,Gregorio de Laferrere,Buenos Aires (A.M.B.A.)
Chevrolet,Onix,2018,116300,16800000.0,ARS,Tandil,Buenos Aires
Ford,Fiesta Kinetic,2018,71000,16500000.0,ARS,Hersilia,Santa Fe
Volkswagen,T-Cross,2020,42000,29000000.0,ARS,Neuquén,Neuquén
Volkswagen,Tiguan,2019,151000,35900000.0,ARS,Neuquén,Neuquén
Volkswagen,Suran,2018,117000,17000000.0,ARS,Neuquén,Neuquén
Chevrolet,Cruze RS,2023,29100,24000.0,USD,Córdoba,Córdoba
Renault,Clio Mío,2014,89000,12500000.0,ARS,Banfield,Buenos Aires (A.M.B.A.)
Volkswagen,Gol Trend,2012,175000,10500000.0,ARS,Rafaela,Santa Fe
Chevrolet,Prisma,2016,68000,13488000.0,ARS,Tigre,Buenos Aires (A.M.B.A.)
Peugeot,208,2023,20000,7499999.0,ARS,Caballito,Ciudad Autónoma Buenos Aires
Ford,Ka,2016,137500,14900000.0,ARS,Bahía Blanca,Buenos Aires
Volkswagen,Suran,2019,110000,16500000.0,ARS,Palermo,Ciudad Autónoma Buenos Aires
Mercedes,Clase A Hatchback,2014,42800,31700.0,USD,Tandil,Buenos Aires
Ford,Ranger,2006,145000,18900000.0,ARS,Tigre,Buenos Aires (A.M.B.A.)
KIA,Sorento,2019,80300,32900.0,USD,Flores,Ciudad Autónoma Buenos Aires
Alfa Romeo,Stelvio,2023,27000,65000.0,USD,Boulogne Sur Mer,Buenos Aires (A.M.B.A.)
Volkswagen,Gol Trend,2017,121000,17900000.0,ARS,Las Heras,Mendoza
Citroën,C3,2013,125000,10500000.0,ARS,Córdoba,Córdoba
Toyota,SW4,2006,364000,18000.0,USD,Uspallata,Mendoza
Ford,Focus,2019,40000,16400.0,USD,Parque Chacabuco,Ciudad Autónoma Buenos Aires
Chevrolet,Astra,2007,162000,5000000.0,ARS,La Paternal,Ciudad Autónoma Buenos Aires
Ford,Territory,2026,1,55900000.0,ARS,Neuquén,Neuquén
Mercedes,Clase GLC,2018,109000,35000.0,USD,Yerba Buena - Marcos Paz,Tucumán
Chevrolet,S 10,2017,170000,23000000.0,ARS,Vicente Lopez,Buenos Aires (A.M.B.A.)
FIAT,Strada Working,2016,123000,16899000.0,ARS,Córdoba,Córdoba
Toyota,Etios Sedán,2018,148000,17000000.0,ARS,Salta,Salta
Volkswagen,Amarok,2021,73000,39900.0,USD,Wilde,Buenos Aires (A.M.B.A.)
Peugeot,208,2015,109600,9900.0,USD,La Plata,Buenos Aires
Volkswagen,Golf,2012,135000,9500000.0,ARS,Rosario,Santa Fe
FIAT,Mobi,2025,3200,7000000.0,ARS,Lomas De Zamora,Buenos Aires (A.M.B.A.)
Toyota,Etios Hatchback,2014,83000,15000000.0,ARS,Monserrat,Ciudad Autónoma Buenos Aires
Toyota,Hilux,2016,189000,33000000.0,ARS,Córdoba,Córdoba
Volkswagen,Taos,2024,23000,46500000.0,ARS,Neuquén,Neuquén
Citroën,Berlingo Furgón,2013,539000,9300000.0,ARS,Mar del Plata,Buenos Aires
Chevrolet,Tracker,2014,150000,15300000.0,ARS,Maipu,Mendoza
Renault,Clio Mío,2014,285000,12000000.0,ARS,Yerba Buena - Marcos Paz,Tucumán
Volkswagen,Taos,2024,26000,49500000.0,ARS,Córdoba,Córdoba
FIAT,Palio Fire,2015,180000,11000000.0,ARS,Mendoza,Mendoza
Peugeot,208,2019,48000,6000000.0,ARS,Caballito,Ciudad Autónoma Buenos Aires
Volkswagen,Amarok,2024,20000,5999999.0,ARS,Flores,Ciudad Autónoma Buenos Aires
Honda,WR-V,2019,50000,21000.0,USD,La Plata,Buenos Aires
Volkswagen,Amarok,2012,176000,23500.0,USD,Río Cuarto,Córdoba
Citroën,C3,2015,116000,13000000.0,ARS,Neuquén,Neuquén
Toyota,Hilux,2018,170000,27000000.0,ARS,El Calafate,Santa Cruz
Volkswagen,Suran,2013,182000,10000000.0,ARS,Salta,Salta
Renault,Master,2013,233000,27500000.0,ARS,Wilde,Buenos Aires (A.M.B.A.)
Chevrolet,Cruze,2017,20900,15800.0,USD,Parque Avellaneda,Ciudad Autónoma Buenos Aires
Toyota,Corolla,2019,123000,28000000.0,ARS,Resistencia,Chaco
FIAT,Siena,2012,132000,1050000.0,ARS,Santo Tome,Santa Fe
Volkswagen,Suran,2017,144000,14000000.0,ARS,Berazategui,Buenos Aires (A.M.B.A.)
Chery,Tiggo 2 PRO,2022,56000,24500000.0,ARS,Salta,Salta
FIAT,Cronos,2021,68000,1900000000.0,ARS,Luján,Buenos Aires
Audi,A4,2012,122222,17000.0,USD,Santiago del Estero,Santiago del Estero
Honda,HR-V,2017,125000,23500000.0,ARS,Corrientes,Corrientes
Peugeot,408,2017,128000,15200000.0,ARS,Santa Fe,Santa Fe
Toyota,Etios Hatchback,2018,109000,16200000.0,ARS,Salta,Salta
Peugeot,208,2020,52000,21000000.0,ARS,Caballito,Ciudad Autónoma Buenos Aires
Nissan,Tiida,2010,165000,11000000.0,ARS,San Rafael,Mendoza
Renault,Kangoo Express,2022,91000,22000000.0,ARS,Recreo,Santa Fe
KIA,Soul,2012,87000,14900000.0,ARS,Neuquén,Neuquén
Chevrolet,Onix Joy,2022,35000,13800.0,USD,Liniers,Ciudad Autónoma Buenos Aires
Peugeot,308,2013,185000,13900000.0,ARS,Villa Luro,Ciudad Autónoma Buenos Aires
FIAT,Palio Weekend,1998,330000,4500000.0,ARS,Rosario,Santa Fe
Chery,Skin,2012,125000,8500000.0,ARS,Pilar,Buenos Aires (A.M.B.A.)
Ford,Fiesta Kinetic,2017,112000,15800000.0,ARS,Chabás,Santa Fe
Volkswagen,Amarok,2024,42000,29500.0,USD,Tigre,Buenos Aires (A.M.B.A.)
Chevrolet,Agile,2014,140000,12500000.0,ARS,San Jorge,Santa Fe
Ford,Focus Sedán,2018,109000,17800000.0,ARS,Córdoba,Córdoba
Renault,Kangoo,2021,110000,21500000.0,ARS,Neuquén,Neuquén
Volkswagen,Polo 5P,2018,90000,19000000.0,ARS,Caballito,Ciudad Autónoma Buenos Aires
Audi,Q5,2011,168000,20000000.0,ARS,Avellaneda,Buenos Aires (A.M.B.A.)
Peugeot,208,2019,58300,7000000.0,ARS,Caballito,Ciudad Autónoma Buenos Aires
Ford,Ka,2018,94700,17000000.0,ARS,Neuquén,Neuquén
Ford,Ranger,2017,185000,19900000.0,ARS,Villa Luro,Ciudad Autónoma Buenos Aires
Jeep,Patriot,2014,190421,15000.0,USD,Adrogue,Buenos Aires (A.M.B.A.)
Peugeot,208,2020,44000,8500000.0,ARS,Caballito,Ciudad Autónoma Buenos Aires
Volkswagen,Golf,2008,217000,11000000.0,ARS,San Fernando,Buenos Aires (A.M.B.A.)
Peugeot,208,2017,92000,15500000.0,ARS,Malagueño,Córdoba
BMW,Serie 1,2010,140000,16000.0,USD,Mendoza,Mendoza
Chery,Tiggo,2020,88000,22000000.0,ARS,Neuquén,Neuquén
Chevrolet,Tracker,2017,132000,18200000.0,ARS,Mataderos,Ciudad Autónoma Buenos Aires
Nissan,Sentra,2024,17800,41000000.0,ARS,Recoleta,Ciudad Autónoma Buenos Aires
Peugeot,208,2013,143000,8500.0,USD,Pilar,Buenos Aires (A.M.B.A.)
Citroën,C4 Cactus,2021,29000,18000.0,USD,Rosario,Santa Fe
FIAT,Cronos,2023,60000,22800000.0,ARS,San Justo,Buenos Aires (A.M.B.A.)
Volkswagen,Gol Trend,2012,138000,10500.0,USD,San Luis,San Luis
Toyota,Hilux,2022,28000,49000000.0,ARS,Quilmes,Buenos Aires (A.M.B.A.)
Renault,Clio Mío,2016,86000,12000000.0,ARS,San Miguel de Tucumán,Tucumán
Citroën,C4 Lounge,2014,230000,13000000.0,ARS,Alta Gracia,Córdoba
Chevrolet,Cruze,2017,160000,14000.0,USD,La Plata,Buenos Aires
Chevrolet,Onix,2020,71000,16000000.0,ARS,Paternal,Ciudad Autónoma Buenos Aires
Chevrolet,Cruze,2018,124700,12500.0,USD,Nuñez,Ciudad Autónoma Buenos Aires
FIAT,Cronos,2021,165000,15900000.0,ARS,Villa Ortuzar,Ciudad Autónoma Buenos Aires
Renault,Kwid,2020,25000,16000000.0,ARS,Neuquén,Neuquén
Peugeot,207 Compact,2013,157445,6000.0,USD,San Isidro,Buenos Aires (A.M.B.A.)
Peugeot,208,2022,29000,9900000.0,ARS,Caballito,Ciudad Autónoma Buenos Aires
Renault,Kwid,2020,130000,13000000.0,ARS,Lujan de Cuyo,Mendoza
Mercedes,Clase C Sedán,2018,95000,32800.0,USD,Vicente Lopez,Buenos Aires (A.M.B.A.)
Volkswagen,Voyage,2011,146000,7500000.0,ARS,Rosario,Santa Fe
Peugeot,208,2019,42000,7000000.0,ARS,Caballito,Ciudad Autónoma Buenos Aires
Nissan,Kicks,2019,93000,24500000.0,ARS,Villa Allende,Córdoba
Ford,EcoSport,2014,114000,10000.0,USD,Ramos Mejia,Buenos Aires (A.M.B.A.)
Peugeot,Partner,2021,39000,7900000.0,ARS,Caballito,Ciudad Autónoma Buenos Aires
Volkswagen,Amarok,2022,70000,38000000.0,ARS,Comodoro Rivadavia,Chubut
Ford,EcoSport,2018,60000,15600.0,USD,Berazategui,Buenos Aires (A.M.B.A.)
Renault,Scénic,1999,200000,6500000.0,ARS,Almagro,Ciudad Autónoma Buenos Aires
Peugeot,307,2010,207970,8500000.0,ARS,Garupá,Misiones
Volkswagen,Gol Trend,2017,88000,15800000.0,ARS,Santa Fe,Santa Fe
Toyota,Hilux GR Sport,2023,73000,44000.0,USD,Pilar,Buenos Aires (A.M.B.A.)
Mercedes,Sprinter,2014,187000,23000.0,USD,Caballito,Ciudad Autónoma Buenos Aires
Subaru,Outback,2004,180000,5000.0,USD,Ituzaingo,Buenos Aires (A.M.B.A.)
Volkswagen,Polo 5P,2018,92000,19000000.0,ARS,Ingeniero Maschwitz,Buenos Aires (A.M.B.A.)
Volkswagen,Taos,2023,33000,46900000.0,ARS,Neuquén,Neuquén
Ford,EcoSport,2017,140000,18000000.0,ARS,Mar del Plata,Buenos Aires
Chery,Tiggo 3,2018,131000,12700.0,USD,Florida,Buenos Aires (A.M.B.A.)
Peugeot,208,2020,38000,8000000.0,ARS,Caballito,Ciudad Autónoma Buenos Aires
Chevrolet,Tracker,2022,14800,29500000.0,ARS,Villa Allende,Córdoba
Peugeot,208,2019,46800,7000000.0,ARS,Caballito,Ciudad Autónoma Buenos Aires
Volkswagen,Amarok,2022,165000,30000.0,USD,Luján,Buenos Aires
Peugeot,207 Compact,2012,153000,10500000.0,ARS,San Luis,San Luis
Toyota,Corolla Cross,2023,33000,48000000.0,ARS,Corrientes,Corrientes
Volkswagen,Voyage,2019,111000,13000.0,USD,Luis Guillón,Buenos Aires (A.M.B.A.)
Ford,Ka,2021,47700,22500000.0,ARS,Neuquén,Neuquén
Peugeot,301,2018,201000,14500000.0,ARS,Rosario,Santa Fe
Volkswagen,Polo,2002,152000,5000000.0,ARS,Almagro,Ciudad Autónoma Buenos Aires
Chevrolet,Onix,2018,186818,16000000.0,ARS,Escobar,Buenos Aires (A.M.B.A.)
Renault,Sandero,2018,73000,17900000.0,ARS,Neuquén,Neuquén
FIAT,Cronos,2022,91000,20000000.0,ARS,Claypole,Buenos Aires (A.M.B.A.)
Volkswagen,up!,2015,86000,15500000.0,ARS,Neuquén,Neuquén
FIAT,Mobi,2019,65000,15988000.0,ARS,Tigre,Buenos Aires (A.M.B.A.)
Toyota,Hilux,2022,50000,33000.0,USD,San Luis,San Luis
Peugeot,2008,2016,90000,16000000.0,ARS,Concordia,Entre Ríos
Peugeot,208,2019,61000,16000000.0,ARS,Flores,Ciudad Autónoma Buenos Aires
Peugeot,208,2022,42000,8000000.0,ARS,Caballito,Ciudad Autónoma Buenos Aires
Volkswagen,Virtus,2018,119000,20800000.0,ARS,Quilmes,Buenos Aires (A.M.B.A.)
Renault,Clio,2011,175000,8000000.0,ARS,Resistencia,Chaco
Toyota,Corolla,2013,173000,15500000.0,ARS,Resistencia,Chaco
Chevrolet,Cobalt,2014,94000,10500000.0,ARS,Flores,Ciudad Autónoma Buenos Aires
Volkswagen,CrossFox,2013,202000,14900000.0,ARS,Villa Mercedes,San Luis
Volkswagen,Suran,2007,200000,8000000.0,ARS,Coronel Suárez,Buenos Aires
Peugeot,208,2019,54000,13000000.0,ARS,Caballito,Ciudad Autónoma Buenos Aires
Ford,Ka,2019,33000,11000000.0,ARS,Presidencia Roque Saenz Pena,Chaco
Volkswagen,Vento,2020,125000,32000000.0,ARS,Parana,Entre Ríos
KIA,Picanto,2015,99000,15500000.0,ARS,Presidencia Roque Saenz Pena,Chaco
Volkswagen,Vento,2012,240000,9500.0,USD,Martinez,Buenos Aires (A.M.B.A.)
BMW,X3,2017,149000,36000.0,USD,La Plata,Buenos Aires
Peugeot,207 Compact,2013,150000,9500000.0,ARS,Posadas,Misiones
Chevrolet,Prisma,2019,69000,16500000.0,ARS,Resistencia,Chaco
Renault,Fluence,2015,150100,10000.0,USD,Roldán,Santa Fe
Volkswagen,up!,2016,90000,14900000.0,ARS,Neuquén,Neuquén
Volkswagen,Polo,2018,119000,11600.0,USD,Vicente Lopez,Buenos Aires (A.M.B.A.)
Chevrolet,Cruze,2021,38900,27000000.0,ARS,Belgrano,Ciudad Autónoma Buenos Aires
Renault,Duster,2013,220000,13500000.0,ARS,Córdoba,Córdoba
Chevrolet,Onix,2014,159000,13500000.0,ARS,Pilar,Buenos Aires (A.M.B.A.)
Volkswagen,T-Cross,2022,71000,29500000.0,ARS,Lujan de Cuyo,Mendoza
KIA,Sorento,2017,145000,22500.0,USD,La Plata,Buenos Aires
Volkswagen,Amarok,2018,125000,35000000.0,ARS,Rosario,Santa Fe
Volkswagen,Gol Trend,2017,129000,15500000.0,ARS,Lomas De Zamora,Buenos Aires (A.M.B.A.)
FIAT,Cronos,2023,220000,24988000.0,ARS,Tigre,Buenos Aires (A.M.B.A.)
FIAT,Linea,2017,68000,16000000.0,ARS,Martin Coronado,Buenos Aires (A.M.B.A.)
Peugeot,208,2023,27300,22500000.0,ARS,Vicente Lopez,Buenos Aires (A.M.B.A.)
KIA,Sportage,2012,157000,14500.0,USD,Tigre,Buenos Aires (A.M.B.A.)
Citroën,C4,2012,237000,7500000.0,ARS,Mendoza,Mendoza
Honda,Accord,1995,195000,6500000.0,ARS,Ramos Mejia,Buenos Aires (A.M.B.A.)
Peugeot,408,2014,184000,15000000.0,ARS,Quilmes Oeste,Buenos Aires (A.M.B.A.)
BMW,Serie 1,2019,37300,31500.0,USD,Los Troncos Del Talar,Buenos Aires (A.M.B.A.)
FIAT,Palio,2016,98000,13800000.0,ARS,Ayacucho,Buenos Aires
Jeep,Compass,2018,110000,32500000.0,ARS,Yerba Buena - Marcos Paz,Tucumán
FIAT,Palio,2015,174000,14899000.0,ARS,Córdoba,Córdoba
Toyota,SW4,2018,136000,54000000.0,ARS,Lujan de Cuyo,Mendoza
Peugeot,306 Sedán,1998,200000,3000000.0,ARS,General Rodrguez,Buenos Aires
Peugeot,Partner,2018,180000,12890.0,USD,Flores,Ciudad Autónoma Buenos Aires
Volkswagen,Suran,2015,146300,14000000.0,ARS,Merlo,Buenos Aires (A.M.B.A.)
Ford,Fiesta Kinetic,2016,61800,17000000.0,ARS,Mataderos,Ciudad Autónoma Buenos Aires
Volkswagen,Golf Variant,2015,145000,15500.0,USD,Mar del Plata,Buenos Aires
Volkswagen,T-Cross,2025,4000,41000000.0,ARS,San Juan,San Juan
Citroën,C4 Lounge,2019,64000,20500000.0,ARS,La Plata,Buenos Aires
Ford,Fiesta Kinetic,2016,80000,16000000.0,ARS,Córdoba,Córdoba
Renault,Stepway,2023,30000,22000000.0,ARS,Córdoba,Córdoba
Nissan,Versa,2018,149000,17000000.0,ARS,25 de Mayo,La Pampa
FIAT,Toro,2020,99000,21500.0,USD,Córdoba,Córdoba
Citroën,C4 Lounge,2015,210000,14300000.0,ARS,Llavallol,Buenos Aires (A.M.B.A.)
Peugeot,208,2016,62323,18000000.0,ARS,Neuquén,Neuquén
Toyota,Hilux,2016,126000,26000.0,USD,Banfield,Buenos Aires (A.M.B.A.)
Peugeot,208,2013,49600,9500.0,USD,Barrio Belgrano,Buenos Aires
Toyota,Hilux,2012,177000,18500.0,USD,San Antonio De Padua,Buenos Aires (A.M.B.A.)
Volkswagen,Voyage,2014,83000,12800000.0,ARS,Rosario,Santa Fe
Peugeot,Expert,2022,58000,17500000.0,ARS,Almagro,Ciudad Autónoma Buenos Aires
Chery,Face,2013,109000,6500000.0,ARS,Palermo,Ciudad Autónoma Buenos Aires
Ford,EcoSport,2012,137000,9500000.0,ARS,Mar del Plata,Buenos Aires
Renault,9,1997,16500,9500000.0,ARS,Barranqueras,Chaco
Ford,Fiesta,2010,220000,7400000.0,ARS,Saenz Peña,Buenos Aires (A.M.B.A.)
Ford,Focus,2014,134000,15000008.0,ARS,Santo Tome,Santa Fe
Volkswagen,Gol Trend,2021,55800,18800000.0,ARS,Santo Tome,Santa Fe
Chery,Tiggo 3,2017,48000,13000.0,USD,Tapalqué,Buenos Aires
Volkswagen,Suran,2014,147000,10000.0,USD,Concordia,Entre Ríos
Peugeot,208,2018,58000,8000000.0,ARS,Caballito,Ciudad Autónoma Buenos Aires
Ford,Bronco Sport,2024,40000,57900000.0,ARS,La Plata,Buenos Aires
Toyota,SW4,2014,170000,41000000.0,ARS,Plottier,Neuquén
Volkswagen,Gol Trend,2013,169800,11000000.0,ARS,Las Heras,Mendoza
Toyota,Corolla,2018,190000,22500000.0,ARS,Almagro,Ciudad Autónoma Buenos Aires
Toyota,Corolla,2024,18500,40000000.0,ARS,Juan Bautista Alberdi,Tucumán
Renault,Clio Mío,2014,177000,10150000.0,ARS,Dorrego,Mendoza
Ford,EcoSport,2014,165000,15000000.0,ARS,San Francisco,Córdoba
Toyota,Corolla Cross,2024,29500,53000000.0,ARS,La Rioja,La Rioja
Volkswagen,Amarok,2022,106000,46000000.0,ARS,Neuquén,Neuquén
Chery,Tiggo,2016,94800,15700000.0,ARS,Flores,Ciudad Autónoma Buenos Aires
Ford,Fiesta Kinetic,2016,107000,14200000.0,ARS,La Paternal,Ciudad Autónoma Buenos Aires
Volkswagen,Gol Trend,2014,220000,9000.0,USD,La Plata,Buenos Aires
Volkswagen,Fox,2009,255000,7000000.0,ARS,Los Corralitos,Mendoza
Chevrolet,Prisma,2016,25000,12000.0,USD,Monserrat,Ciudad Autónoma Buenos Aires
FIAT,Argo,2018,85000,17500000.0,ARS,Monserrat,Ciudad Autónoma Buenos Aires
Renault,Clio Mío,2013,125000,7500.0,USD,Monserrat,Ciudad Autónoma Buenos Aires
Peugeot,Partner,2015,140000,16500000.0,ARS,Villa Ciudad Parque Los Reartes,Córdoba
Renault,Logan,2010,209000,8000000.0,ARS,Rosario,Santa Fe
Peugeot,Partner Patagónica,2017,167000,19500000.0,ARS,Avellaneda,Buenos Aires (A.M.B.A.)
Citroën,C3,2007,105000,8000000.0,ARS,Merlo,Buenos Aires (A.M.B.A.)
Peugeot,308,2022,50000,26900000.0,ARS,La Plata,Buenos Aires
Renault,Master,2011,295000,17900.0,USD,Lomas De Zamora,Buenos Aires (A.M.B.A.)
Ford,Ranger,2014,109000,24500000.0,ARS,La Tablada,Buenos Aires (A.M.B.A.)
Volkswagen,Gol,2006,175000,9000000.0,ARS,Guaymallén,Mendoza
Renault,Logan,2018,90000,14800000.0,ARS,Guaymallén,Mendoza
Toyota,Corolla Hybrid,2024,2100,31500.0,USD,Caballito,Ciudad Autónoma Buenos Aires
Ford,Ranger,2021,101471,43000.0,USD,Escobar,Buenos Aires (A.M.B.A.)
FIAT,Strada Working,2016,104946,17500000.0,ARS,San Luis,San Luis
FIAT,Siena,2013,173000,11200000.0,ARS,Ayacucho,Buenos Aires
FIAT,Palio,2012,165000,9500000.0,ARS,Rosario,Santa Fe
Volkswagen,Suran,2014,190000,13800000.0,ARS,Bahía Blanca,Buenos Aires
Jeep,Compass,2018,62000,30000000.0,ARS,Rosario,Santa Fe
Ford,Ka,2010,185000,9000000.0,ARS,Neuquén,Neuquén
Peugeot,2008,2018,65000,13000.0,USD,Belgrano,Ciudad Autónoma Buenos Aires
FIAT,Mobi,2021,49000,17000000.0,ARS,Moron,Buenos Aires (A.M.B.A.)
Peugeot,208,2020,60000,9500000.0,ARS,Caballito,Ciudad Autónoma Buenos Aires
Renault,Clio Mío,2015,57000,15000000.0,ARS,Nogoya,Entre Ríos
Volkswagen,Vento,2011,177000,12000.0,USD,Concordia,Entre Ríos
FIAT,Uno,2014,16000,9900.0,USD,La Plata,Buenos Aires
Ford,EcoSport,2018,82000,20000000.0,ARS,Villa Carlos Paz,Córdoba
Toyota,Hilux,2019,170000,41000000.0,ARS,Dolores,Buenos Aires
Chevrolet,Cruze,2022,93000,24500000.0,ARS,Córdoba,Córdoba
BMW,X5,2017,142500,47900.0,USD,Los Troncos Del Talar,Buenos Aires (A.M.B.A.)
Peugeot,Partner,2021,57000,8000000.0,ARS,Caballito,Ciudad Autónoma Buenos Aires
Peugeot,2008,2020,45000,9500000.0,ARS,Almagro,Ciudad Autónoma Buenos Aires
Peugeot,208,2020,46000,8100000.0,ARS,Caballito,Ciudad Autónoma Buenos Aires
Renault,Duster,2013,264000,12000000.0,ARS,La Plata,Buenos Aires
FIAT,500,2012,123969,14900000.0,ARS,Córdoba,Córdoba
Jeep,Renegade,2021,109000,29900000.0,ARS,Neuquén,Neuquén
Peugeot,407,2010,160000,10000.0,USD,Mar del Plata,Buenos Aires
Peugeot,2008,2020,132000,20600000.0,ARS,San Miguel,Buenos Aires (A.M.B.A.)
Chevrolet,Cruze,2018,78000,22050000.0,ARS,Cañuelas,Buenos Aires
Ford,Fiesta Kinetic,2014,70100,9990.0,USD,Flores,Ciudad Autónoma Buenos Aires
Volkswagen,Nivus,2022,64500,25000000.0,ARS,Mendoza,Mendoza
Peugeot,208,2018,45000,9500000.0,ARS,Caballito,Ciudad Autónoma Buenos Aires
Volkswagen,Gol,2008,113000,8100000.0,ARS,Las Heras,Mendoza
Ford,Mondeo,2016,145300,17900.0,USD,Villa Urquiza,Ciudad Autónoma Buenos Aires
Peugeot,208,2020,43000,6000000.0,ARS,Caballito,Ciudad Autónoma Buenos Aires
Peugeot,208,2023,12000,9000000.0,ARS,Caballito,Ciudad Autónoma Buenos Aires
Chevrolet,S 10,2018,245000,26200000.0,ARS,Bahía Blanca,Buenos Aires
Peugeot,208,2014,90000,15000000.0,ARS,Martín Coronado,Buenos Aires
Volkswagen,Amarok,2021,127533,35800000.0,ARS,San Francisco,Córdoba
FIAT,Cronos,2022,23512,23800000.0,ARS,Santo Tome,Santa Fe
Peugeot,408,2012,116000,8000000.0,ARS,Beccar,Buenos Aires (A.M.B.A.)
Peugeot,2008,2020,43000,26360000.0,ARS,Cañuelas,Buenos Aires
Ford,Ka,2017,74000,15000000.0,ARS,Lujan de Cuyo,Mendoza
Citroën,C3,2013,183569,7500000.0,ARS,Zárate,Buenos Aires
Suzuki,Fun,2009,85000,8400000.0,ARS,Flores,Ciudad Autónoma Buenos Aires
Honda,CR-V,2012,160000,18900.0,USD,Wilde,Buenos Aires (A.M.B.A.)
Chevrolet,Onix,2018,80000,16000000.0,ARS,Posadas,Misiones
Volkswagen,Suran,2018,121000,17000000.0,ARS,Moreno,Buenos Aires (A.M.B.A.)
Volkswagen,Vento,2017,167500,20000000.0,ARS,Salta,Salta
Renault,Kangoo Express,2012,170000,9000000.0,ARS,Maipu,Mendoza
Renault,Kardian,2025,3700,31000000.0,ARS,Belgrano,Ciudad Autónoma Buenos Aires
Toyota,Corolla,2012,142000,13700.0,USD,Zárate,Buenos Aires
Renault,Kangoo,2019,135000,21500000.0,ARS,Neuquén,Neuquén
Ford,EcoSport,2022,88000,23000000.0,ARS,General Fernández Oro,Río Negro
Citroën,C3 Aircross,2013,145000,12900000.0,ARS,Berazategui,Buenos Aires (A.M.B.A.)
Renault,Sandero,2019,135000,14500000.0,ARS,Resistencia,Chaco
Ford,Fiesta Kinetic,2017,83000,7652000.0,ARS,Presidencia Roque Saenz Pena,Chaco
Chevrolet,Classic,2013,104000,10000000.0,ARS,San Martin,Buenos Aires (A.M.B.A.)
Chevrolet,Agile,2012,158000,8500000.0,ARS,Córdoba,Córdoba
Peugeot,Expert,2022,56000,15000000.0,ARS,Caballito,Ciudad Autónoma Buenos Aires
Volkswagen,up!,2015,61300,14800000.0,ARS,Chacras de Coria,Mendoza
Peugeot,2008,2022,24000,10000000.0,ARS,Caballito,Ciudad Autónoma Buenos Aires
Peugeot,208,2018,45000,9000000.0,ARS,Caballito,Ciudad Autónoma Buenos Aires
Chevrolet,S 10,2023,56000,45000.0,USD,Villa Alsina,Buenos Aires
Volkswagen,Gol,2011,200000,800000.0,ARS,Guaymallén,Mendoza
Toyota,Hilux,2024,11677,50000.0,USD,Parana,Entre Ríos
DS,7 Crossback,2019,84000,30000000.0,ARS,San Lorenzo,Santa Fe
Chevrolet,Prisma Joy,2018,140000,13000000.0,ARS,Villa Adelina,Buenos Aires (A.M.B.A.)
Chevrolet,Cruze,2018,48000,17000.0,USD,Caballito,Ciudad Autónoma Buenos Aires
Renault,Duster Oroch,2020,130000,16000.0,USD,Villa Bosch,Buenos Aires (A.M.B.A.)
Peugeot,208,2022,49000,22000000.0,ARS,Caballito,Ciudad Autónoma Buenos Aires
Honda,Fit,2008,170000,8000.0,USD,Rosario,Santa Fe
Peugeot,208,2023,10200,25800000.0,ARS,Ensenada,Buenos Aires
Toyota,Corolla Cross Hybrid,2021,79000,27500.0,USD,Vicente Lopez,Buenos Aires (A.M.B.A.)
Chevrolet,Cobalt,2013,133000,12000000.0,ARS,Flores,Ciudad Autónoma Buenos Aires
Jeep,Grand Cherokee,2016,115047,33500.0,USD,Córdoba,Córdoba
Peugeot,308,2013,85000,11000.0,USD,Villa Urquiza,Ciudad Autónoma Buenos Aires
FIAT,Toro,2018,235000,21000000.0,ARS,Luján,Buenos Aires
KIA,Sportage,2018,161340,25000.0,USD,Córdoba,Córdoba
Volkswagen,Polo 5P,2023,28000,2200000.0,ARS,Palermo,Ciudad Autónoma Buenos Aires
Citroën,C4 Cactus,2020,99000,22500000.0,ARS,Godoy Cruz,Mendoza
FIAT,Toro,2022,72000,36000000.0,ARS,Concepción,Tucumán
Renault,Kangoo,2021,110000,28500000.0,ARS,Coronel Brandsen,Buenos Aires
Toyota,Etios Hatchback,2014,127000,13000.0,USD,Moron,Buenos Aires (A.M.B.A.)
Peugeot,2008,2020,98000,22500000.0,ARS,Monte Castro,Ciudad Autónoma Buenos Aires
DS,3,2019,94000,22500000.0,ARS,Rosario,Santa Fe
Peugeot,208,2023,29000,23900000.0,ARS,Salta,Salta
Toyota,Etios Sedán,2019,169000,17500000.0,ARS,Pilar,Buenos Aires (A.M.B.A.)
Volkswagen,Taos,2023,43000,43000000.0,ARS,Córdoba,Córdoba
Toyota,Hilux,2017,42000,42000000.0,ARS,Resistencia,Chaco
Peugeot,2008,2019,1,13000.0,USD,Avellaneda,Santa Fe
Toyota,Hilux,2014,143000,25000.0,USD,Monserrat,Ciudad Autónoma Buenos Aires
Nissan,Kicks,2018,108000,26900000.0,ARS,San Francisco,Córdoba
FIAT,Punto,2012,196000,7800000.0,ARS,Avellaneda,Buenos Aires (A.M.B.A.)
Volkswagen,Polo 5P,2023,25000,2300000.0,ARS,Palermo,Ciudad Autónoma Buenos Aires
Renault,Kangoo,2015,285000,11200000.0,ARS,San Nicolás de los Arroyos,Buenos Aires
FIAT,Palio Fire,2014,92000,10500000.0,ARS,Villa Maria,Córdoba
Volkswagen,Amarok,2016,238000,20000000.0,ARS,San Rafael,Mendoza
Toyota,Corolla,2016,150000,20500000.0,ARS,Rosario,Santa Fe
Volkswagen,Suran,2015,135000,16000000.0,ARS,Neuquén,Neuquén
Volkswagen,Gol Trend,2020,30000,19000000.0,ARS,Rosario,Santa Fe
Peugeot,308,2019,210000,18000000.0,ARS,Leandro N. Alem,Misiones
Chevrolet,S 10,2015,73000,19000.0,USD,San Nicolás de los Arroyos,Buenos Aires
Peugeot,208,2022,37000,7400000.0,ARS,Almagro,Ciudad Autónoma Buenos Aires
Renault,Master,2014,540000,30000000.0,ARS,Rosario,Santa Fe
Honda,City,2011,120000,10000.0,USD,San Nicolás,Ciudad Autónoma Buenos Aires
Toyota,Hilux,2008,270000,18500.0,USD,Necochea,Buenos Aires
Volkswagen,Amarok,2014,183000,15500.0,USD,Vicente Lopez,Buenos Aires (A.M.B.A.)
Renault,Koleos,2011,168000,12500.0,USD,Casilda,Santa Fe
BMW,X4,2018,86000,43000.0,USD,Villa Devoto,Ciudad Autónoma Buenos Aires
Chevrolet,Classic,2014,107400,10500000.0,ARS,Rosario,Santa Fe
Peugeot,208,2022,17378,19000.0,USD,Belgrano,Ciudad Autónoma Buenos Aires
Peugeot,308,2018,112000,18000000.0,ARS,Adrogue,Buenos Aires (A.M.B.A.)
Citroën,C3,2023,22700,24500000.0,ARS,Santo Tome,Santa Fe
Nissan,Note,2016,107000,15000000.0,ARS,Monte Castro,Ciudad Autónoma Buenos Aires
Chevrolet,Cruze,2021,53465,24000000.0,ARS,Neuquén,Neuquén
Volkswagen,Amarok,2016,200000,21000.0,USD,San Miguel,Buenos Aires (A.M.B.A.)
Volkswagen,Suran,2013,170000,10800000.0,ARS,Yerba Buena - Marcos Paz,Tucumán
Toyota,Celica,1980,170000,11900.0,USD,Colón,Buenos Aires
DS,7 E-Tense,2025,3000,68000.0,USD,Pilar,Buenos Aires (A.M.B.A.)
Ford,Fiesta Kinetic,2017,106500,10580.0,USD,Vicente Lopez,Buenos Aires (A.M.B.A.)
Ford,Ranger,2020,173000,32000000.0,ARS,Guaymallén,Mendoza
RAM,1500,2020,72500,68500000.0,ARS,San Isidro,Buenos Aires (A.M.B.A.)
Nissan,Sentra,2020,130000,26000000.0,ARS,San Jorge,Santa Fe
Ford,Focus,2017,140000,17900000.0,ARS,Villa Adelina,Buenos Aires (A.M.B.A.)
Peugeot,208,2022,20000,7500000.0,ARS,Almagro,Ciudad Autónoma Buenos Aires
Volkswagen,Suran,2013,137000,9390.0,USD,Boedo,Ciudad Autónoma Buenos Aires
FIAT,Ducato,2020,176000,28500.0,USD,Bernal Oeste,Buenos Aires (A.M.B.A.)
Chevrolet,Celta,2013,174000,9000000.0,ARS,Villa Nueva,Mendoza
Toyota,Etios Sedán,2016,118877,5200000.0,ARS,Ituzaingo,Buenos Aires (A.M.B.A.)
Volkswagen,Virtus,2019,128300,25000000.0,ARS,San Carlos de Bariloche,Río Negro
Peugeot,308 CC,2013,71000,11500.0,USD,Barracas,Ciudad Autónoma Buenos Aires
Ford,Fiesta,1997,120000,1200000.0,ARS,Mar del Plata,Buenos Aires
Toyota,Corolla Cross,2023,45000,44000000.0,ARS,Córdoba,Córdoba
Renault,Clio Mío,2015,85000,9500.0,USD,Lanus,Buenos Aires (A.M.B.A.)
Peugeot,308,2017,103400,17500000.0,ARS,Las Heras,Mendoza
Volkswagen,Polo 5P,2023,10000,2200000.0,ARS,Palermo,Ciudad Autónoma Buenos Aires
Honda,HR-V,2018,103700,20000.0,USD,La Plata,Buenos Aires
Toyota,Corolla Cross,2023,90000,45000000.0,ARS,Neuquén,Neuquén
Toyota,Etios Hatchback,2017,79500,12700.0,USD,Reconquista,Santa Fe
Toyota,Etios Sedán,2018,96000,18000000.0,ARS,Joaquín V. González,Salta
Volkswagen,Gol Trend,2017,68500,11200.0,USD,Monserrat,Ciudad Autónoma Buenos Aires
Chery,QQ,2018,47800,11800000.0,ARS,Bahía Blanca,Buenos Aires
Nissan,Frontier,2019,74000,32000000.0,ARS,Oro Verde,Entre Ríos
Renault,Duster,2013,205000,12000000.0,ARS,Lomas De Zamora,Buenos Aires (A.M.B.A.)
Chevrolet,Cruze,2017,112696,5800000.0,ARS,Ituzaingo,Buenos Aires (A.M.B.A.)
KIA,Carnival,2020,120000,46000.0,USD,San Nicolás de los Arroyos,Buenos Aires
Jeep,Renegade,2017,59000,16100.0,USD,Bernal,Buenos Aires (A.M.B.A.)
Renault,Logan,2018,130000,14800000.0,ARS,Villa Urquiza,Ciudad Autónoma Buenos Aires
Jeep,Renegade,2019,94000,17000.0,USD,La Plata,Buenos Aires
RAM,Rampage,2025,4500,34900.0,USD,Palermo,Ciudad Autónoma Buenos Aires
FIAT,Cronos,2021,65600,20000000.0,ARS,Recoleta,Ciudad Autónoma Buenos Aires
BMW,Serie 1,2017,50000,27000.0,USD,Rosario,Santa Fe
Ford,Ranger,2014,300000,22000000.0,ARS,Chacarita,Ciudad Autónoma Buenos Aires
Nissan,Versa,2021,78000,15500.0,USD,Bahía Blanca,Buenos Aires
Peugeot,207 Compact,2010,124000,7200000.0,ARS,Vicente Lopez,Buenos Aires (A.M.B.A.)
Ford,Ranger,2014,172000,20000000.0,ARS,Caballito,Ciudad Autónoma Buenos Aires
Volkswagen,Polo 5P,2023,29000,2200000.0,ARS,Palermo,Ciudad Autónoma Buenos Aires
Mercedes,Clase C Sedán,2009,172000,12000.0,USD,Córdoba,Córdoba
Toyota,Hilux,2016,208000,35500000.0,ARS,Tandil,Buenos Aires
Citroën,C3 Aircross,2025,9000,29600080.0,ARS,Monte Castro,Ciudad Autónoma Buenos Aires
Chevrolet,Onix,2015,55000,9000.0,USD,Monte Castro,Ciudad Autónoma Buenos Aires
Peugeot,Partner,2026,1,30900000.0,ARS,Colegiales,Ciudad Autónoma Buenos Aires
Jeep,Renegade,2021,70000,17000.0,USD,Villa De Las Rosas,Córdoba
Peugeot,206,2007,128000,9500000.0,ARS,Las Varillas,Córdoba
Renault,Duster,2012,100,11100.0,USD,Tandil,Buenos Aires
Jeep,Compass,2023,33000,31500.0,USD,La Plata,Buenos Aires
Volkswagen,Amarok,2023,122000,44500000.0,ARS,Rosario,Santa Fe
FIAT,Cronos,2022,89000,7000.0,USD,Barranqueras,Chaco
Volkswagen,Bora,2013,127000,12000.0,USD,Mar del Plata,Buenos Aires
Renault,Duster,2016,72360,17000000.0,ARS,Caballito,Ciudad Autónoma Buenos Aires
Toyota,Yaris Sedán,2021,12000,25500000.0,ARS,Resistencia,Chaco
Ford,Ranger,2016,147000,23000000.0,ARS,Pehuajó,Buenos Aires
FIAT,Palio,2012,115840,11200000.0,ARS,Guaymallén,Mendoza
Ford,Fiesta Kinetic Sedán,2014,140000,14500000.0,ARS,Lujan de Cuyo,Mendoza
Ford,Focus Sedán,2016,63000,21500000.0,ARS,Resistencia,Chaco
Ford,Ka,2020,51000,20000000.0,ARS,Neuquén,Neuquén
Mercedes,Clase GLA,2017,145000,25800.0,USD,La Plata,Buenos Aires
FIAT,Palio,2005,200000,5400000.0,ARS,El Challao,Mendoza
Peugeot,404,1978,3000,4999.0,USD,Palermo,Ciudad Autónoma Buenos Aires
Toyota,Corolla Cross,2024,65523,45000000.0,ARS,San Miguel,Buenos Aires (A.M.B.A.)
Ford,Ranger Raptor,2024,30000,74000.0,USD,Rosario,Santa Fe
FIAT,Punto,2016,104000,16499000.0,ARS,Córdoba,Córdoba
Volkswagen,Tiguan,2020,85000,39000000.0,ARS,Salta,Salta
Chevrolet,Apache,1966,100000,11500.0,USD,Nuñez,Ciudad Autónoma Buenos Aires
Peugeot,207 Compact,2014,130000,10500000.0,ARS,Trenque Lauquen,Buenos Aires
Volkswagen,Vento GLI,2025,9000,44000.0,USD,Castelar,Buenos Aires (A.M.B.A.)
Ford,Ranger,2012,180000,21000000.0,ARS,San Miguel de Tucumán,Tucumán
FIAT,Palio Fire,2016,57000,11900000.0,ARS,Las Heras,Mendoza
Nissan,Terrano II,2002,230000,10500.0,USD,Mataderos,Ciudad Autónoma Buenos Aires
Peugeot,208,2014,112000,13000000.0,ARS,San Isidro,Buenos Aires (A.M.B.A.)
FIAT,500X,2019,70000,20000000.0,ARS,Balvanera,Ciudad Autónoma Buenos Aires
FIAT,Grand Siena,2014,196800,9000000.0,ARS,Villa Urquiza,Ciudad Autónoma Buenos Aires
Ford,Maverick,2024,29000,44000000.0,ARS,Neuquén,Neuquén
SEAT,Ibiza,2002,178000,2000.0,USD,La Plata,Buenos Aires
Peugeot,307 Sedán,2007,179900,5500000.0,ARS,Eldorado,Misiones
Volkswagen,Nivus,2022,33900,29500000.0,ARS,Arroyo Seco,Santa Fe
Peugeot,207 Compact,2011,240000,10000000.0,ARS,Neuquén,Neuquén
Volkswagen,Polo 5P,2023,29900,2500000.0,ARS,Palermo,Ciudad Autónoma Buenos Aires
Ford,EcoSport,2013,158000,15300000.0,ARS,Mendoza,Mendoza
Chevrolet,Zafira,2004,405000,7000000.0,ARS,San Vicente,Buenos Aires
Toyota,Corolla,2011,205000,15000000.0,ARS,Mar del Plata,Buenos Aires
Renault,Clio Mío,2016,125000,13200000.0,ARS,Bernal,Buenos Aires (A.M.B.A.)
Peugeot,205,1997,250000,3000000.0,ARS,Lanus,Buenos Aires (A.M.B.A.)
Peugeot,208,2013,160000,12500000.0,ARS,Rosario,Santa Fe
Peugeot,208,2022,38000,10500000.0,ARS,Caballito,Ciudad Autónoma Buenos Aires
Toyota,Corolla Cross,2024,9900,53000000.0,ARS,Quilmes,Buenos Aires (A.M.B.A.)
Ford,Ka +,2019,89852,11500.0,USD,Las Heras,Mendoza
Ford,Ka,2011,181000,10500000.0,ARS,Azul,Buenos Aires
Chevrolet,Cruze,2014,113000,16899000.0,ARS,Córdoba,Córdoba
Chevrolet,Onix,2020,67000,22000000.0,ARS,Remedios de Escalada,Buenos Aires (A.M.B.A.)
Chevrolet,Classic,2015,40070,9000.0,USD,Caballito,Ciudad Autónoma Buenos Aires
Renault,Symbol,2011,215000,7500000.0,ARS,La Plata,Buenos Aires
Ford,Fiesta Kinetic,2011,83000,12400000.0,ARS,Parque Avellaneda,Ciudad Autónoma Buenos Aires
Renault,Clio Mío,2013,113000,10500000.0,ARS,Córdoba,Córdoba
Renault,Duster,2019,101000,19500000.0,ARS,San Salvador de Jujuy,Jujuy
Renault,Duster Oroch,2019,114600,24500000.0,ARS,Lomas De Zamora,Buenos Aires (A.M.B.A.)
Chevrolet,Cruze 5,2019,77000,21500000.0,ARS,Castelar,Buenos Aires (A.M.B.A.)
Peugeot,208,2026,1,33000000.0,ARS,Colegiales,Ciudad Autónoma Buenos Aires
Peugeot,208,2024,4700,19000.0,USD,Recoleta,Ciudad Autónoma Buenos Aires
Volkswagen,Virtus,2018,117000,19000000.0,ARS,Tafi Viejo,Tucumán
Peugeot,308,2015,102000,13800000.0,ARS,Rosario,Santa Fe
Toyota,SW4,2017,89000,46000000.0,ARS,Corrientes,Corrientes
Citroën,Xsara Picasso,2009,259000,7000000.0,ARS,Posadas,Misiones
smart,Forfour,2018,93000,14000.0,USD,Los Cardales,Buenos Aires
Renault,Clio Mío,2014,80000,12500000.0,ARS,Santa Fe,Santa Fe
FIAT,Palio,2013,150000,9000000.0,ARS,Comodoro Rivadavia,Chubut
Toyota,Corolla Cross,2023,43000,46000000.0,ARS,Neuquén,Neuquén
Honda,Fit,2012,180000,11400.0,USD,Santa Fe,Santa Fe
FIAT,Dobló Cargo,2018,180000,10000.0,USD,Lanus,Buenos Aires (A.M.B.A.)
FIAT,Qubo,2013,142160,12500000.0,ARS,Córdoba,Córdoba
Ford,F-150 Raptor,2025,12000,110000.0,USD,Rosario,Santa Fe
Ford,Ka,2019,105000,11300.0,USD,La Plata,Buenos Aires
Peugeot,208,2022,33000,12300000.0,ARS,Caballito,Ciudad Autónoma Buenos Aires
Peugeot,308,2017,67000,16500000.0,ARS,Resistencia,Chaco
FIAT,Palio,2014,141000,11999000.0,ARS,Barrio Saavedra,Buenos Aires
Peugeot,208,2020,57500,18700000.0,ARS,Caballito,Ciudad Autónoma Buenos Aires
Volkswagen,Polo 5P,2024,14500,1970000.0,ARS,Palermo,Ciudad Autónoma Buenos Aires
Ford,Fiesta,2003,300000,6300000.0,ARS,Moron,Buenos Aires (A.M.B.A.)
Peugeot,207 Compact,2012,216000,8500000.0,ARS,Mendoza,Mendoza
Chevrolet,Corsa Classic,2016,118000,7500.0,USD,Mar del Plata,Buenos Aires
Ford,Ka,2019,165000,16000000.0,ARS,Yerba Buena - Marcos Paz,Tucumán
Citroën,C3 Aircross,2019,160000,15000000.0,ARS,Comodoro Rivadavia,Chubut
Nissan,Note,2019,34000,20000000.0,ARS,Formosa,Formosa
Volkswagen,Gol Trend,2016,124100,14000000.0,ARS,Córdoba,Córdoba
Peugeot,307,2011,192000,12000000.0,ARS,Azul,Buenos Aires
Peugeot,208,2024,15000,18000000.0,ARS,Caballito,Ciudad Autónoma Buenos Aires
Renault,Duster,2014,132800,15000000.0,ARS,Rosario,Santa Fe
Ford,EcoSport,2016,54000,12500.0,USD,Caballito,Ciudad Autónoma Buenos Aires
Nissan,Sentra,2011,260000,7500.0,USD,Villa Del Parque,Ciudad Autónoma Buenos Aires
FIAT,Siena,2015,108000,12500000.0,ARS,Córdoba,Córdoba
Chevrolet,Cruze 5,2023,48700,29800000.0,ARS,Mataderos,Ciudad Autónoma Buenos Aires
Toyota,Corolla,2017,46000,18900.0,USD,Villa General Belgrano,Córdoba
Ford,Ranger,2005,310000,15000000.0,ARS,Villa Carlos Paz,Córdoba
Audi,Q5,2018,87000,42800.0,USD,Ayacucho,Buenos Aires
Peugeot,Partner Patagónica,2017,241000,16750000.0,ARS,Agronomía,Ciudad Autónoma Buenos Aires
Peugeot,208,2024,21900,28000000.0,ARS,Cañada de Gomez,Santa Fe
Renault,Sandero,2018,63000,15000000.0,ARS,Comodoro Rivadavia,Chubut
FIAT,Cronos,2019,190000,14700000.0,ARS,Caballito,Ciudad Autónoma Buenos Aires
Volkswagen,Polo 5P,2024,17000,2300000.0,ARS,Palermo,Ciudad Autónoma Buenos Aires
Volkswagen,Suran,2014,144500,10900.0,USD,Tandil,Buenos Aires
Volkswagen,Passat,2013,125000,14000.0,USD,Floresta,Ciudad Autónoma Buenos Aires
Ford,Focus,2017,112000,22500000.0,ARS,Villa Martelli,Buenos Aires (A.M.B.A.)
Renault,Master,2012,150000,47000.0,USD,San Martin,Buenos Aires (A.M.B.A.)
Volkswagen,Polo 5P,2023,25000,2200000.0,ARS,Palermo,Ciudad Autónoma Buenos Aires
Volkswagen,Polo 5P,2023,11000,2200000.0,ARS,Palermo,Ciudad Autónoma Buenos Aires
Ford,EcoSport,2014,146400,14000000.0,ARS,Córdoba,Córdoba
Chevrolet,Prisma,2019,82200,17100000.0,ARS,San Juan,San Juan
Chevrolet,Tracker,2026,300,38500000.0,ARS,Yerba Buena - Marcos Paz,Tucumán
Volkswagen,Fox,2012,120000,7500.0,USD,Rosario,Santa Fe
FIAT,Uno,2008,130000,6000000.0,ARS,Barrio Las Casuarinas,Buenos Aires
Ford,EcoSport,2014,90327,14000000.0,ARS,San Luis,San Luis
Ford,Escort Rural,1999,170000,3800000.0,ARS,Villa Ballester,Buenos Aires (A.M.B.A.)
Chevrolet,Onix Joy,2018,82320,5800000.0,ARS,Ituzaingo,Buenos Aires (A.M.B.A.)
Volkswagen,Polo 5P,2024,8500,2300000.0,ARS,Palermo,Ciudad Autónoma Buenos Aires
FIAT,147,1992,110000,3500.0,USD,Colegiales,Ciudad Autónoma Buenos Aires
Geely,LC,2017,77590,3400000.0,ARS,Ituzaingo,Buenos Aires (A.M.B.A.)
Toyota,Corolla,2015,133000,19000000.0,ARS,Villa del Totoral,Córdoba
Chevrolet,Corsa Classic,2010,133000,8000000.0,ARS,La Plata,Buenos Aires
Ford,Ranger,2024,30000,52000000.0,ARS,Pilar,Buenos Aires (A.M.B.A.)
FIAT,Cronos,2021,49600,19400000.0,ARS,Santo Tome,Santa Fe
Peugeot,2008,2024,8000,13500000.0,ARS,Caballito,Ciudad Autónoma Buenos Aires
Nissan,Note,2017,117800,17500000.0,ARS,Córdoba,Córdoba
FIAT,Argo,2017,154000,16700000.0,ARS,Boulogne Sur Mer,Buenos Aires (A.M.B.A.)
Renault,Duster,2013,187000,13500000.0,ARS,Godoy Cruz,Mendoza
Volkswagen,Polo 5P,2024,8000,2250000.0,ARS,Palermo,Ciudad Autónoma Buenos Aires
Peugeot,208,2025,4200,15000000.0,ARS,Caballito,Ciudad Autónoma Buenos Aires
Volkswagen,Polo 5P,2023,24000,2200000.0,ARS,Palermo,Ciudad Autónoma Buenos Aires
Chevrolet,Aveo,2013,160000,12500000.0,ARS,Tapiales,Buenos Aires (A.M.B.A.)
Volkswagen,Gol,2004,170000,6000000.0,ARS,Recreo,Santa Fe
Volkswagen,Polo 5P,2024,9400,2400000.0,ARS,Palermo,Ciudad Autónoma Buenos Aires
Mercedes,Clase A Hatchback,2019,48000,39000.0,USD,Mataderos,Ciudad Autónoma Buenos Aires
Chevrolet,Onix Plus,2020,78000,13400.0,USD,La Plata,Buenos Aires
Chevrolet,Onix,2019,90000,18500000.0,ARS,Malvinas Argentinas,Buenos Aires (A.M.B.A.)
FIAT,Fiorino,2019,131600,17000000.0,ARS,Córdoba,Córdoba
Renault,Captur,2019,99000,23500000.0,ARS,Neuquén,Neuquén
Volkswagen,Polo 5P,2024,12000,2350000.0,ARS,Palermo,Ciudad Autónoma Buenos Aires
Toyota,Yaris,2022,16500,24000.0,USD,Belgrano,Ciudad Autónoma Buenos Aires
Volkswagen,Suran,2016,69000,17000000.0,ARS,Córdoba,Córdoba
Volkswagen,Vento,2017,114000,17000.0,USD,Palermo,Ciudad Autónoma Buenos Aires
Volkswagen,Vento,2014,152000,14500.0,USD,Barracas,Ciudad Autónoma Buenos Aires
Peugeot,406,2001,175000,7000.0,USD,Lomas De Zamora,Buenos Aires (A.M.B.A.)
Toyota,Corolla,2017,118000,17500.0,USD,La Plata,Buenos Aires
Haval,H6 Pro HEV,2025,1,35500.0,USD,Córdoba,Córdoba
Honda,Fit,2006,170000,7000000.0,ARS,Quilmes,Buenos Aires (A.M.B.A.)
FIAT,Siena Fire,2012,238000,6500000.0,ARS,Villa Luzuriaga,Buenos Aires (A.M.B.A.)
Honda,HR-V,2016,128000,24000000.0,ARS,Neuquén,Neuquén
Toyota,Etios Sedán,2015,168000,13500000.0,ARS,Parque Patricios,Ciudad Autónoma Buenos Aires
Ford,Ranger,2004,213000,9500.0,USD,Don Torcuato,Buenos Aires (A.M.B.A.)
Volkswagen,Polo 5P,2023,20000,2200000.0,ARS,Palermo,Ciudad Autónoma Buenos Aires
Chevrolet,Spin,2013,136800,12980000.0,ARS,San Martin,Buenos Aires (A.M.B.A.)
Volkswagen,Bora,2008,167000,14000000.0,ARS,Goya,Corrientes
Volkswagen,Polo 5P,2024,7500,2300000.0,ARS,Palermo,Ciudad Autónoma Buenos Aires
Peugeot,208,2021,46000,10200000.0,ARS,Caballito,Ciudad Autónoma Buenos Aires
Peugeot,208,2017,55960,13800000.0,ARS,Escobar,Buenos Aires (A.M.B.A.)
Peugeot,207 Compact,2013,98000,7500.0,USD,Caballito,Ciudad Autónoma Buenos Aires
Volkswagen,up!,2019,124000,16500000.0,ARS,Banfield,Buenos Aires (A.M.B.A.)
Renault,Duster,2017,154000,18500000.0,ARS,Necochea,Buenos Aires
Toyota,Corolla,2024,21000,49000000.0,ARS,Rodeo del Medio,Mendoza
Ford,Focus,2017,60000,18500000.0,ARS,Córdoba,Córdoba
Renault,Sandero Stepway,2011,190000,10500000.0,ARS,Villa Pueyrredón,Ciudad Autónoma Buenos Aires
Toyota,Hilux,2017,202200,33000.0,USD,Córdoba,Córdoba
Peugeot,207 Compact,2012,130000,9800000.0,ARS,La Plata,Buenos Aires
Citroën,C3,2016,109029,5500000.0,ARS,Ituzaingo,Buenos Aires (A.M.B.A.)
Toyota,Corolla,2015,130000,14800.0,USD,Villa Ballester,Buenos Aires (A.M.B.A.)
Peugeot,208,2017,76500,17300000.0,ARS,Córdoba,Córdoba
Peugeot,208,2019,57000,7500000.0,ARS,Caballito,Ciudad Autónoma Buenos Aires
BAIC,BJ30,2025,8000,34800.0,USD,Miramar,Buenos Aires
Peugeot,207 Compact Sedán,2014,96600,10300000.0,ARS,Esperanza,Misiones
Chevrolet,Agile,2014,100000,11000000.0,ARS,Palermo,Ciudad Autónoma Buenos Aires
Lifan,MyWay,2017,120000,11600.0,USD,Salto,Buenos Aires
FIAT,Strada Adventure,2017,77000,16000000.0,ARS,Resistencia,Chaco
Volkswagen,Polo 5P,2023,7000,2200000.0,ARS,Palermo,Ciudad Autónoma Buenos Aires
Peugeot,408,2016,139500,13000000.0,ARS,Garin,Buenos Aires (A.M.B.A.)
Toyota,Etios Sedán,2019,36300,21000000.0,ARS,Presidencia Roque Saenz Pena,Chaco
Ford,Ranger,2013,240000,20500000.0,ARS,Puerto Rico,Misiones
Chevrolet,Prisma,2016,128000,13000000.0,ARS,San Luis,San Luis
Ford,Focus,2015,120000,17500000.0,ARS,Parana,Entre Ríos
Citroën,C4 Cactus,2022,30600,23000000.0,ARS,Villa Urquiza,Ciudad Autónoma Buenos Aires
Chevrolet,Celta,2013,126000,10500000.0,ARS,San Luis,San Luis
Ford,Ranger,2022,90000,38000000.0,ARS,San Fernando,Buenos Aires (A.M.B.A.)
Ford,Fiesta,1996,51400,4700000.0,ARS,San Isidro,Buenos Aires (A.M.B.A.)
Chevrolet,Tracker,2023,350000,27900000.0,ARS,Lanus,Buenos Aires (A.M.B.A.)
Ford,Fiesta Kinetic,2019,102800,13000.0,USD,Belgrano,Ciudad Autónoma Buenos Aires
Chevrolet,Zafira,2006,279000,5500.0,USD,La Pala,Buenos Aires
Toyota,SW4,2021,136000,40000.0,USD,Salta,Salta
Hyundai,Tucson,2016,223800,25000000.0,ARS,Zavalla,Santa Fe
Renault,Kwid,2018,77000,11500.0,USD,Boulogne Sur Mer,Buenos Aires (A.M.B.A.)
Honda,Fit,2008,186000,8500.0,USD,San Martin,Buenos Aires (A.M.B.A.)
Chevrolet,S 10,2013,198900,15000000.0,ARS,Rio Gallegos,Santa Cruz
Citroën,C3,2012,145000,8300.0,USD,Paternal,Ciudad Autónoma Buenos Aires
Peugeot,208,2015,132700,12000000.0,ARS,Santo Domingo,Santiago del Estero
Peugeot,3008,2016,86000,21899000.0,ARS,Córdoba,Córdoba
Peugeot,207 Compact,2012,190000,11000000.0,ARS,Corrientes,Corrientes
Volkswagen,Polo 5P,2024,9000,2400000.0,ARS,Palermo,Ciudad Autónoma Buenos Aires
Toyota,Corolla,2017,98000,25500000.0,ARS,Godoy Cruz,Mendoza
Peugeot,408,2013,221000,12000000.0,ARS,Concepción,Tucumán
Chevrolet,Sonic Sedán,2014,146560,7500.0,USD,Palermo,Ciudad Autónoma Buenos Aires
Volkswagen,Vento,2012,180000,14500000.0,ARS,Santa Fe,Santa Fe
Chevrolet,Spin,2017,140000,17500000.0,ARS,Malvinas Argentinas,Buenos Aires (A.M.B.A.)
Toyota,Corolla Cross,2025,15000,33000.0,USD,Ezeiza,Buenos Aires (A.M.B.A.)
Volkswagen,Amarok,2024,10000,350000000.0,ARS,Puerto Madero,Ciudad Autónoma Buenos Aires
Peugeot,208,2017,91000,15900000.0,ARS,Malagueño,Córdoba
Ford,EcoSport,2011,112000,10000000.0,ARS,Flores,Ciudad Autónoma Buenos Aires
Volkswagen,Bora,2014,67000,11950.0,USD,Villa Madero,Buenos Aires (A.M.B.A.)
Toyota,Corolla,2020,79000,31000000.0,ARS,Lujan de Cuyo,Mendoza
Toyota,Corolla,2009,193100,9100.0,USD,San Martin,Buenos Aires (A.M.B.A.)
Volkswagen,Gol Trend,2013,115900,7990.0,USD,Villa Ballester,Buenos Aires (A.M.B.A.)
Ford,EcoSport,2020,38400,24000000.0,ARS,Bahía Blanca,Buenos Aires
Volkswagen,Amarok,2017,166000,32500000.0,ARS,Plottier,Neuquén
Peugeot,206,2005,170000,4000000.0,ARS,San Miguel de Tucumán,Tucumán
Renault,Clio Mío,2014,178000,10800000.0,ARS,Mataderos,Ciudad Autónoma Buenos Aires
Volkswagen,Fox,2008,228000,8000000.0,ARS,Santos Lugares,Buenos Aires (A.M.B.A.)
FIAT,Cronos,2021,134000,18500000.0,ARS,Villa Maria,Córdoba
Ford,Maverick,2022,116000,38000000.0,ARS,Córdoba,Córdoba
Peugeot,208,2018,43000,14000000.0,ARS,Caballito,Ciudad Autónoma Buenos Aires
Renault,Clio Mío,2013,50000,7500.0,USD,Rosario,Santa Fe
Toyota,Corolla,2020,74000,33500000.0,ARS,Nuñez,Ciudad Autónoma Buenos Aires
FIAT,Siena,2009,360000,6720000.0,ARS,Wilde,Buenos Aires (A.M.B.A.)
Mitsubishi,L200,1998,440,11500.0,USD,El Talar,Buenos Aires (A.M.B.A.)
Ford,Ranger,2025,18000,41800000.0,ARS,Guaymallén,Mendoza
Alfa Romeo,Stelvio,2019,66000,42900.0,USD,Belgrano,Ciudad Autónoma Buenos Aires
Renault,Logan,2015,105600,13500000.0,ARS,Barrio Porvenir,Río Negro
Ford,EcoSport,2017,130800,15500000.0,ARS,Córdoba,Córdoba
Chevrolet,Prisma,2017,54000,15000000.0,ARS,San Fernando,Buenos Aires (A.M.B.A.)
Peugeot,208,2022,23000,12500000.0,ARS,San Martin,Buenos Aires (A.M.B.A.)
Peugeot,208,2017,65000,18000000.0,ARS,Córdoba,Córdoba
Chevrolet,Sonic,2014,90000,10000.0,USD,La Plata,Buenos Aires
Mercedes,Viano,2006,300000,15000.0,USD,Realico,La Pampa
Volkswagen,Vento,2017,149000,30800000.0,ARS,Villa Mercedes,San Luis
Toyota,Corolla,2015,62000,22000000.0,ARS,Adrogue,Buenos Aires (A.M.B.A.)
Volkswagen,Gol,2008,95560,6500.0,USD,Santa Rosa de Calamuchita,Córdoba
Chevrolet,Tracker,2019,270000,17000000.0,ARS,Rosario,Santa Fe
Volkswagen,Suran,2015,137000,12200000.0,ARS,Ciudadela,Buenos Aires (A.M.B.A.)
Volkswagen,Polo 5P,2024,4800,2200000.0,ARS,Palermo,Ciudad Autónoma Buenos Aires
Audi,A4,2016,175000,22000.0,USD,Zárate,Buenos Aires
Ford,Ka,2020,55000,20490000.0,ARS,San Telmo,Ciudad Autónoma Buenos Aires
Peugeot,Partner,2021,30000,8000000.0,ARS,San Martin,Buenos Aires (A.M.B.A.)
Volkswagen,Suran,2018,525000,7500.0,USD,Presidente Derqui,Buenos Aires (A.M.B.A.)
Ford,Focus,2017,130000,20000000.0,ARS,Monte Caseros,Corrientes
Renault,Logan,2023,29000,14000.0,USD,Salta,Salta
Volkswagen,Gol Trend,2017,104000,16000000.0,ARS,Monte Grande,Buenos Aires (A.M.B.A.)
Alfa Romeo,MiTo,2015,130000,12000.0,USD,Rafaela,Santa Fe
Chevrolet,S 10,2016,140000,30000000.0,ARS,Neuquén,Neuquén
Suzuki,Fun,2009,110000,7900000.0,ARS,Martinez,Buenos Aires (A.M.B.A.)
FIAT,Grand Siena,2014,152000,8700.0,USD,Chacarita,Ciudad Autónoma Buenos Aires
Peugeot,208,2023,35000,7000000.0,ARS,Caballito,Ciudad Autónoma Buenos Aires
Renault,Duster,2012,118000,12000000.0,ARS,Rosario,Santa Fe
Citroën,C3 Aircross,2024,11000,33000000.0,ARS,Liniers,Ciudad Autónoma Buenos Aires
Volkswagen,Polo 5P,2024,8000,2200000.0,ARS,Palermo,Ciudad Autónoma Buenos Aires
Peugeot,208,2023,18000,7500000.0,ARS,Caballito,Ciudad Autónoma Buenos Aires
Peugeot,208,2020,48000,7500000.0,ARS,Caballito,Ciudad Autónoma Buenos Aires
Great Wall,Jolion,2025,1,32990.0,USD,Córdoba,Córdoba
Ford,Focus Sedán,2015,130000,16000000.0,ARS,Esperanza,Santa Fe
Jeep,Renegade,2025,1,33499999.0,ARS,Ituzaingo,Buenos Aires (A.M.B.A.)
SEAT,Ibiza,2010,163000,8000000.0,ARS,Ciudadela,Buenos Aires (A.M.B.A.)
Chevrolet,Celta,2013,127400,9000000.0,ARS,Trenque Lauquen,Buenos Aires
SEAT,Cordoba,2001,100000,3900000.0,ARS,Vicente Lopez,Buenos Aires (A.M.B.A.)
Chevrolet,Sonic,2013,130000,9000.0,USD,Puerto Iguazú,Misiones
Peugeot,Hoggar,2013,150000,12000000.0,ARS,Casa Grande,Córdoba
Volkswagen,Passat,2011,224000,10900.0,USD,Puerto Madero,Ciudad Autónoma Buenos Aires
Ford,EcoSport,2020,84000,18500.0,USD,Pilar,Buenos Aires (A.M.B.A.)
Renault,Alaskan,2024,36000,43500000.0,ARS,Córdoba,Córdoba
Peugeot,3008,2018,68500,22000.0,USD,La Carlota,Córdoba
Hyundai,Genesis Coupé,2014,94000,25000.0,USD,La Carlota,Córdoba
Chevrolet,Onix Joy,2020,28000,18000000.0,ARS,Malvinas Argentinas,Buenos Aires (A.M.B.A.)
Peugeot,Partner,2023,57000,22500000.0,ARS,Rosario,Santa Fe
Volkswagen,Suran,2012,175000,9500000.0,ARS,Rosario,Santa Fe
Peugeot,308,2017,150000,12500.0,USD,Luján,Buenos Aires
Renault,Logan,2013,108800,10000000.0,ARS,José C. Paz,Buenos Aires (A.M.B.A.)
Honda,City,2011,151000,13899000.0,ARS,Córdoba,Córdoba
Chevrolet,Corsa Classic,2010,133000,12000000.0,ARS,Los Barriales,Mendoza
Volkswagen,T-Cross,2019,73000,26900000.0,ARS,Neuquén,Neuquén
Jeep,Compass,2018,151000,19700.0,USD,Cipolletti,Río Negro
Jeep,Wrangler,2016,153743,44000.0,USD,Escobar,Buenos Aires (A.M.B.A.)
Nissan,Versa,2022,92000,24000000.0,ARS,Flores,Ciudad Autónoma Buenos Aires
Ford,Focus,2013,147000,10000.0,USD,Villa Madero,Buenos Aires (A.M.B.A.)
Renault,Scénic,2007,250000,6300000.0,ARS,Flores,Ciudad Autónoma Buenos Aires
Peugeot,208,2016,120000,7000000.0,ARS,Cabildo,Buenos Aires
Citroën,C4 Cactus,2021,57000,23500000.0,ARS,Ezpeleta Oeste,Buenos Aires (A.M.B.A.)
Volkswagen,Gol Trend,2018,40000,12000.0,USD,Flores,Ciudad Autónoma Buenos Aires
Peugeot,Boxer,2008,255000,18000000.0,ARS,Villa Urquiza,Ciudad Autónoma Buenos Aires
Volkswagen,Gol Trend,2013,49000,13000000.0,ARS,Resistencia,Chaco
Toyota,Corolla Cross,2024,20000,47000000.0,ARS,Lujan de Cuyo,Mendoza
Jeep,Compass,2017,80399,33000000.0,ARS,Escobar,Buenos Aires (A.M.B.A.)
Renault,Duster Oroch,2017,101800,19500000.0,ARS,Corrientes,Corrientes
Ford,Focus,2012,99810,13000000.0,ARS,Godoy Cruz,Mendoza
Chevrolet,Onix Plus,2024,22000,17500.0,USD,Mar del Plata,Buenos Aires
KIA,K2500,2016,91857,20000.0,USD,Sarandí,Buenos Aires (A.M.B.A.)
Ford,Ranger,2017,39800,28000000.0,ARS,Concepción Del Uruguay,Entre Ríos
Toyota,Corolla,2018,150000,25000000.0,ARS,Godoy Cruz,Mendoza
FIAT,Palio,2017,57000,14000000.0,ARS,Las Heras,Mendoza
Ford,Ka +,2018,53800,17500000.0,ARS,Ramos Mejia,Buenos Aires (A.M.B.A.)
Volkswagen,Bora,2010,175000,12300000.0,ARS,Wilde,Buenos Aires (A.M.B.A.)
Volkswagen,up!,2019,110000,15900000.0,ARS,Neuquén,Neuquén
Chevrolet,Cruze,2017,91000,17800000.0,ARS,Córdoba,Córdoba
Chevrolet,Corsa Classic,2007,137200,7500000.0,ARS,Salta,Salta
Chevrolet,Cruze,2017,129500,17500000.0,ARS,Ituzaingo,Buenos Aires (A.M.B.A.)
Mitsubishi,L200,2021,97000,32900.0,USD,Palermo,Ciudad Autónoma Buenos Aires
Volkswagen,Suran,2011,145384,9900000.0,ARS,Balvanera,Ciudad Autónoma Buenos Aires
Suzuki,Fun,2005,168000,6000000.0,ARS,Alta Gracia,Córdoba
Peugeot,208,2021,33000,8000000.0,ARS,Cabildo,Buenos Aires
Ford,EcoSport,2018,58800,16000.0,USD,Parque Patricios,Ciudad Autónoma Buenos Aires
Chevrolet,Agile,2013,39000,11000000.0,ARS,Resistencia,Chaco
Ford,Ka,2020,74000,17500000.0,ARS,Córdoba,Córdoba
Renault,Sandero Stepway,2017,116000,14500000.0,ARS,Córdoba,Córdoba
Volkswagen,Gol Trend,2015,88000,12800000.0,ARS,Maipu,Mendoza
Ford,Fiesta Max,2008,254000,6500000.0,ARS,Barrio Saavedra,Buenos Aires
Peugeot,2008,2018,34900,19800000.0,ARS,Campana,Buenos Aires
Renault,Duster,2012,256000,11000000.0,ARS,La Plata,Buenos Aires
Volkswagen,CrossFox,2012,140000,12500000.0,ARS,Mendoza,Mendoza
Renault,Logan,2014,120000,9000.0,USD,Moreno,Buenos Aires (A.M.B.A.)
Ford,Ranger,2020,88000,26500.0,USD,Mar del Plata,Buenos Aires
Volkswagen,Suran,2017,360000,11900000.0,ARS,Gobernador Udaondo,Buenos Aires
Chery,Tiggo 5,2018,95615,20000000.0,ARS,Neuquén,Neuquén
Peugeot,207 Compact Sedán,2011,153538,4000000.0,ARS,Ituzaingo,Buenos Aires (A.M.B.A.)
Toyota,Corolla Cross Hybrid,2022,26500,31000.0,USD,Villa Del Parque,Ciudad Autónoma Buenos Aires
BMW,Serie 2 Convertible,2018,39000,49000.0,USD,Monserrat,Ciudad Autónoma Buenos Aires
Hyundai,Tucson,2008,350000,13900000.0,ARS,Ayacucho,Buenos Aires
Ford,Fiesta Kinetic,2016,66500,19000000.0,ARS,Lomas De Zamora,Buenos Aires (A.M.B.A.)
Renault,Clio,2004,84700,8500000.0,ARS,Nogoya,Entre Ríos
Ford,Focus,2017,155000,19500000.0,ARS,La Plata,Buenos Aires
Volkswagen,Gol,2006,306000,6800000.0,ARS,Pontevedra,Buenos Aires (A.M.B.A.)
Toyota,Hilux,2012,209700,19900.0,USD,Mar del Plata,Buenos Aires
Renault,Clio Mío,2013,123000,3100000.0,ARS,Ituzaingo,Buenos Aires (A.M.B.A.)
Ford,EcoSport,2013,140000,10500.0,USD,Necochea,Buenos Aires
FIAT,Argo,2018,165000,13000.0,USD,Alta Gracia,Córdoba
Ford,Territory,2021,81000,22000000.0,ARS,Río Cuarto,Córdoba
Peugeot,2008,2018,68000,12000000.0,ARS,Caballito,Ciudad Autónoma Buenos Aires
Volkswagen,Amarok,2018,84000,37800.0,USD,La Plata,Buenos Aires
Ford,Ranger,2020,102000,17000000.0,ARS,Río Cuarto,Córdoba
Volkswagen,Passat CC,2011,271000,15900000.0,ARS,Posadas,Misiones
Renault,Mégane II,2007,240000,5000.0,USD,El Challao,Mendoza
FIAT,Cronos,2023,46000,22800000.0,ARS,Córdoba,Córdoba
Volkswagen,Gol,2012,138000,10500000.0,ARS,Concordia,Entre Ríos
Ford,Ka,2012,94000,7500.0,USD,Mar del Plata,Buenos Aires
Peugeot,208,2022,65000,22250000.0,ARS,Banfield,Buenos Aires (A.M.B.A.)
Ford,Ka,2012,100000,9500000.0,ARS,San Francisco,Córdoba
Chevrolet,Meriva,2011,188000,11899000.0,ARS,Córdoba,Córdoba
Chevrolet,Onix,2018,77000,18400000.0,ARS,Lomas De Zamora,Buenos Aires (A.M.B.A.)
Volkswagen,Taos,2022,40000,35000000.0,ARS,Flores,Ciudad Autónoma Buenos Aires
Toyota,RAV4,2011,88000,19000.0,USD,San Luis,San Luis
Volkswagen,Suran,2013,179000,13000000.0,ARS,Mar del Plata,Buenos Aires
Volkswagen,Fox,2011,109000,8600.0,USD,Vicente Lopez,Buenos Aires (A.M.B.A.)
Chevrolet,Cruze,2013,120,13350000.0,ARS,Ituzaingo,Buenos Aires (A.M.B.A.)
Ford,Ka,2012,140000,9200000.0,ARS,Río Ceballos,Córdoba
Ford,Fiesta Kinetic,2019,110000,12000.0,USD,Mar del Plata,Buenos Aires
Toyota,Corolla Cross,2024,50000,44000000.0,ARS,Córdoba,Córdoba
FIAT,Palio,2002,188338,5500000.0,ARS,Río Ceballos,Córdoba
Chevrolet,Classic,2012,138500,9000000.0,ARS,Lomas del Mirador,Buenos Aires (A.M.B.A.)
Volkswagen,Suran,2012,200000,12000000.0,ARS,Mar del Plata,Buenos Aires
Volkswagen,Suran,2007,232000,6000.0,USD,Parque Avellaneda,Ciudad Autónoma Buenos Aires
Nissan,Kicks,2022,110000,20000.0,USD,Rosario,Santa Fe
Hyundai,Santamo,1999,188500,5000.0,USD,Palermo,Ciudad Autónoma Buenos Aires
Peugeot,208,2019,42000,10500000.0,ARS,Caballito,Ciudad Autónoma Buenos Aires
FIAT,Palio Fire,2013,150000,13000000.0,ARS,Malvinas Argentinas,Córdoba
Nissan,Versa,2018,152137,14500000.0,ARS,Yerba Buena - Marcos Paz,Tucumán
Chevrolet,Camaro,2016,500,75000.0,USD,Pilar,Córdoba
FIAT,Punto,2015,200000,12500000.0,ARS,Pilar,Buenos Aires (A.M.B.A.)
Toyota,Hilux,2018,182000,37500000.0,ARS,Villa Urquiza,Ciudad Autónoma Buenos Aires
FIAT,Cronos,2022,67000,20000000.0,ARS,San Luis,San Luis
Toyota,Corolla,2019,49800,29000000.0,ARS,Gobernador Benegas,Mendoza
Ford,Focus,2017,134069,17000000.0,ARS,Escobar,Buenos Aires (A.M.B.A.)
Chevrolet,Cruze 5,2019,127000,24000000.0,ARS,Agronomía,Ciudad Autónoma Buenos Aires
Nissan,Versa,2021,95000,24000000.0,ARS,Bahía Blanca,Buenos Aires
Chevrolet,Classic,2013,111500,8700000.0,ARS,Ezeiza,Buenos Aires (A.M.B.A.)
Chevrolet,Onix Plus,2021,97000,22500000.0,ARS,Bahía Blanca,Buenos Aires
FIAT,Palio Weekend,2013,200000,11500000.0,ARS,Córdoba,Córdoba
Citroën,Xsara Picasso,2009,195000,8000000.0,ARS,Bernal Oeste,Buenos Aires (A.M.B.A.)
Peugeot,207 Compact,2010,178000,5000000.0,ARS,Martín Coronado,Buenos Aires
FIAT,Punto,2011,135000,8700000.0,ARS,Rosario,Santa Fe
Dodge,Journey,2011,160000,11000.0,USD,Tigre,Buenos Aires (A.M.B.A.)
Volkswagen,Voyage,2020,160000,15000000.0,ARS,Yerba Buena - Marcos Paz,Tucumán
Chevrolet,Spin,2014,156000,15000000.0,ARS,San Luis,San Luis
Ford,Focus,2017,105000,18500000.0,ARS,Neuquén,Neuquén
Chevrolet,Prisma,2017,153870,15000000.0,ARS,Escobar,Buenos Aires (A.M.B.A.)
Peugeot,208,2019,93000,18500000.0,ARS,Godoy Cruz,Mendoza
Ford,Focus,2016,200000,16000000.0,ARS,Villa Ocampo,Santa Fe
Volkswagen,Golf,2018,115000,27500000.0,ARS,San Luis,San Luis
Renault,Sandero,2017,175000,10500000.0,ARS,Córdoba,Córdoba
Renault,Sandero Stepway,2017,129000,11000.0,USD,Villa Ballester,Buenos Aires (A.M.B.A.)
Peugeot,Expert,2022,24000,13000000.0,ARS,Caballito,Ciudad Autónoma Buenos Aires
Chery,Tiggo,2017,49273,19200000.0,ARS,San Luis,San Luis
Volkswagen,Vento,2021,60000,26000.0,USD,Esperanza,Santa Fe
Renault,Clio Mío,2013,187000,9500000.0,ARS,Palmira,Mendoza
Jeep,Renegade,2022,42000,29600000.0,ARS,Villa Urquiza,Ciudad Autónoma Buenos Aires
Citroën,Berlingo Furgón,2013,250000,9500000.0,ARS,Villa Pueyrredón,Ciudad Autónoma Buenos Aires
Citroën,Berlingo Furgón,2013,233387,10000000.0,ARS,Escobar,Buenos Aires (A.M.B.A.)
Ford,Transit,2022,80000,51800000.0,ARS,Mendoza,Mendoza
Ford,Focus,2015,158200,15000000.0,ARS,Lomas De Zamora,Buenos Aires (A.M.B.A.)
Ford,Focus,2018,98600,20100000.0,ARS,San Fernando Del Valle De Catamarca,Catamarca
Volkswagen,Gol Trend,2015,65000,9000.0,USD,Dorrego,Mendoza
FIAT,Toro,2017,278000,12000.0,USD,Caballito,Ciudad Autónoma Buenos Aires
Toyota,Corolla Hybrid,2025,100,43000000.0,ARS,Córdoba,Córdoba
Renault,Koleos,2012,209500,12500000.0,ARS,El Manantial,Tucumán
FIAT,Punto,2016,110000,10000.0,USD,Mataderos,Ciudad Autónoma Buenos Aires
FIAT,Siena,2012,233000,9000000.0,ARS,Córdoba,Córdoba
FIAT,Palio,2014,86000,13500000.0,ARS,Córdoba,Córdoba
Volkswagen,Gol Trend,2013,90500,14000000.0,ARS,Las Heras,Mendoza
FIAT,Palio,2017,111000,13100000.0,ARS,Lomas De Zamora,Buenos Aires (A.M.B.A.)
Toyota,Etios Hatchback,2020,105000,21000000.0,ARS,Godoy Cruz,Mendoza
Citroën,C3 Aircross,2024,2500,12000000.0,ARS,Caballito,Ciudad Autónoma Buenos Aires
Renault,Captur,2018,98000,16900.0,USD,Olivos,Buenos Aires (A.M.B.A.)
Mercedes,Clase C Sedán,2009,140000,16000.0,USD,Rivadavia,San Juan
Peugeot,206,2008,250000,6500000.0,ARS,Ezpeleta,Buenos Aires (A.M.B.A.)
Peugeot,208,2019,61000,19500000.0,ARS,Roldán,Santa Fe
Ford,Focus Sedán,2017,86000,20000000.0,ARS,Corrientes,Corrientes
Peugeot,208,2021,60000,19900.0,USD,Ciudad Jardín Lomas del Palomar,Buenos Aires (A.M.B.A.)
Chevrolet,Montana,2013,130000,12500000.0,ARS,Panaholma,Córdoba
Renault,Stepway,2018,112000,18500000.0,ARS,Rivadavia,San Juan
Toyota,Land Cruiser,2010,275000,23000.0,USD,Guaymallén,Mendoza
Peugeot,Boxer,2022,14000,69900.0,USD,Villa Carlos Paz,Córdoba
BMW,X1,2013,133000,40000.0,USD,Neuquén,Neuquén
BMW,X1,2013,200000,17000.0,USD,La Pala,Buenos Aires
Peugeot,504,1987,138000,1000000.0,ARS,Ituzaingo,Buenos Aires (A.M.B.A.)
Volkswagen,Nivus,2021,89000,29800000.0,ARS,Parana,Entre Ríos
Ford,Fiesta Kinetic Sedán,2014,125500,8500.0,USD,Caseros,Buenos Aires (A.M.B.A.)
Volkswagen,Gol,2000,170000,4800000.0,ARS,Lanus,Buenos Aires (A.M.B.A.)
Volkswagen,Fox,2011,105000,10000.0,USD,Versalles,Ciudad Autónoma Buenos Aires
Chevrolet,Classic,2011,94500,9000000.0,ARS,Neuquén,Neuquén
Peugeot,307 Sedán,2007,166000,9500000.0,ARS,Junín,Buenos Aires
Ford,Ranger,2019,131000,34000000.0,ARS,Santa Fe,Santa Fe
Peugeot,3008,2024,41530,45000000.0,ARS,San Luis,San Luis
Renault,Master,2008,348086,15000000.0,ARS,Cruz Alta,Córdoba
Ford,Ranger,2015,185000,26900000.0,ARS,San Rafael,Mendoza
Ford,EcoSport,2010,89200,5190000.0,ARS,Ituzaingo,Buenos Aires (A.M.B.A.)
Volkswagen,Polo,2000,279000,5000000.0,ARS,Córdoba,Córdoba
Volkswagen,Gol,2012,88000,12000000.0,ARS,San Justo,Buenos Aires (A.M.B.A.)
Chevrolet,Cruze,2021,26000,26000000.0,ARS,San Justo,Buenos Aires (A.M.B.A.)
Toyota,Corolla,2014,184000,18500000.0,ARS,San Rafael,Mendoza
Peugeot,208,2019,87000,15000.0,USD,Moreno,Buenos Aires (A.M.B.A.)
Mitsubishi,L200 Sport,2008,245000,8000.0,USD,Catriel,Río Negro
Volkswagen,Gol,2008,120000,6000.0,USD,Mar del Plata,Buenos Aires
Renault,Duster,2020,89000,22500000.0,ARS,Belgrano,Ciudad Autónoma Buenos Aires
Ford,Territory,2021,86000,34900000.0,ARS,Ezeiza,Buenos Aires (A.M.B.A.)
Chevrolet,Classic,2015,156000,9500000.0,ARS,Quilmes,Buenos Aires (A.M.B.A.)
Peugeot,208,2023,45000,15500.0,USD,Escobar,Buenos Aires (A.M.B.A.)
Peugeot,206,2006,168000,6800000.0,ARS,Paternal,Ciudad Autónoma Buenos Aires
Citroën,C4,2017,124000,12500.0,USD,Avellaneda,Buenos Aires (A.M.B.A.)
Renault,Captur,2017,56000,16000.0,USD,Gualeguaychú,Entre Ríos
Volkswagen,Vento,2017,163000,22500000.0,ARS,Esperanza,Santa Fe
Ford,Focus,2017,86000,20000000.0,ARS,Corrientes,Corrientes
Chevrolet,Onix Joy,2021,115000,16000000.0,ARS,San Salvador de Jujuy,Jujuy
FIAT,Cronos,2020,101000,18500000.0,ARS,Ciudad Jardín Lomas del Palomar,Buenos Aires (A.M.B.A.)
Peugeot,208,2023,22000,11000000.0,ARS,Caballito,Ciudad Autónoma Buenos Aires
Toyota,Etios Hatchback,2016,92000,15500000.0,ARS,Rodeo De La Cruz,Mendoza
FIAT,Punto,2013,85500,13500000.0,ARS,Córdoba,Córdoba
Toyota,Corolla,2006,218900,9800000.0,ARS,Yerba Buena - Marcos Paz,Tucumán
Ford,EcoSport,2013,99755,16000000.0,ARS,Comodoro Rivadavia,Chubut
Peugeot,Expert,2021,38000,14000000.0,ARS,Caballito,Ciudad Autónoma Buenos Aires
SEAT,Leon,2009,117000,14000.0,USD,Parana,Entre Ríos
Peugeot,207 Compact Sedán,2011,240000,11300000.0,ARS,Maipu,Mendoza
Chevrolet,Cruze 5,2021,85000,26500000.0,ARS,Córdoba,Córdoba
FIAT,Cronos,2022,43000,22000000.0,ARS,Neuquén,Neuquén
Ford,Fiesta Max,2011,160000,11000000.0,ARS,Lanus,Buenos Aires (A.M.B.A.)
Nissan,Frontier,2022,137000,40000000.0,ARS,Villa Maria,Córdoba
Citroën,C4,2011,174000,8000.0,USD,Berazategui,Buenos Aires (A.M.B.A.)
Peugeot,2008,2025,50000,13000000.0,ARS,Caballito,Ciudad Autónoma Buenos Aires
Ford,Focus Exe,2009,160000,10500000.0,ARS,Vicente Lopez,Buenos Aires (A.M.B.A.)
Peugeot,2008,2026,1,39900000.0,ARS,Colegiales,Ciudad Autónoma Buenos Aires
Ford,Fiesta Kinetic,2015,70000,16000000.0,ARS,Rosario,Santa Fe
Honda,HR-V,2025,2700,36700.0,USD,Mar del Plata,Buenos Aires
FIAT,Uno,2006,135000,6600000.0,ARS,Villa Lugano,Ciudad Autónoma Buenos Aires
FIAT,Palio,2015,146000,11500000.0,ARS,Córdoba,Córdoba
Peugeot,307,2006,250000,7000000.0,ARS,Gobernador Crespo,Santa Fe
FIAT,Cronos,2021,70000,17600000.0,ARS,Las Heras,Mendoza
Renault,18,1987,300000,2000.0,USD,Temperley,Buenos Aires (A.M.B.A.)
Ford,Territory,2025,1,48900000.0,ARS,Neuquén,Neuquén
BMW,Serie 3 Coupé,2011,130000,36000.0,USD,Rosario,Santa Fe
Chery,QQ,2015,80000,10500000.0,ARS,Junín,Buenos Aires
Volkswagen,Fox,2012,140700,13000000.0,ARS,San Miguel de Tucumán,Tucumán
Chevrolet,Trailblazer,2020,165000,32000.0,USD,Salta,Salta
Renault,Sandero,2018,37000,18000000.0,ARS,Saladas,Corrientes
Renault,Duster Oroch,2019,69000,23000000.0,ARS,Unquillo,Córdoba
Renault,Clio,2008,193000,9500000.0,ARS,La Plata,Buenos Aires
Renault,Captur,2019,105000,19000000.0,ARS,San Miguel,Buenos Aires (A.M.B.A.)
Renault,Duster Oroch,2016,273000,16999000.0,ARS,Capilla del Señor,Buenos Aires
Peugeot,208,2024,32000,18500.0,USD,Pilar,Buenos Aires (A.M.B.A.)
Volkswagen,Suran,2007,166500,9200000.0,ARS,Boulogne Sur Mer,Buenos Aires (A.M.B.A.)
Toyota,Hilux,2020,180000,46500000.0,ARS,Córdoba,Córdoba
FIAT,1500,1967,97000,3000000.0,ARS,Ensenada,Buenos Aires
FIAT,Siena,2015,188000,13899000.0,ARS,Córdoba,Córdoba
Ford,Kuga,2014,147000,13000.0,USD,Mataderos,Ciudad Autónoma Buenos Aires
Chevrolet,Corsa Classic,2011,135000,6500000.0,ARS,Villa Parque Santa Ana,Córdoba
Renault,Clio Mío,2016,60000,13000000.0,ARS,Castelar,Buenos Aires (A.M.B.A.)
BMW,Serie 1,2017,100000,28000.0,USD,Córdoba,Córdoba
Ford,Focus,2014,127000,16900000.0,ARS,Junín,Buenos Aires
Renault,Kangoo Express,2006,180000,6500.0,USD,Ciudadela,Buenos Aires (A.M.B.A.)
BMW,X1,2017,41150,39900.0,USD,La Plata,Buenos Aires
Toyota,Hilux,2012,227000,19800.0,USD,Lanus,Buenos Aires (A.M.B.A.)
Toyota,Hilux,2015,182500,29500000.0,ARS,Villa Urquiza,Ciudad Autónoma Buenos Aires
Nissan,Kicks,2020,127000,24700000.0,ARS,Canning,Buenos Aires (A.M.B.A.)
Toyota,RAV4,2013,191000,28500000.0,ARS,Rosario,Santa Fe
Chevrolet,Corsa Wagon,2010,132000,4000000.0,ARS,Ituzaingo,Buenos Aires (A.M.B.A.)
Peugeot,301,2018,65000,18000000.0,ARS,Lujan de Cuyo,Mendoza
Toyota,SW4,2013,290000,27000.0,USD,Mendoza,Mendoza
Volkswagen,Gol,2008,80000,6200.0,USD,Belgrano,Ciudad Autónoma Buenos Aires
Audi,A5 Coupé,2015,107000,31500000.0,ARS,Posadas,Misiones
Peugeot,208,2020,75000,21000000.0,ARS,Agronomía,Ciudad Autónoma Buenos Aires
Peugeot,208,2018,46600,5500000.0,ARS,Caballito,Ciudad Autónoma Buenos Aires
Chevrolet,Sonic,2012,173000,11000000.0,ARS,Córdoba,Córdoba
Nissan,Frontier,2023,75000,29800000.0,ARS,Tafi Viejo,Tucumán
Peugeot,3008,2020,36000,30990000.0,ARS,Posadas,Misiones
Ford,Bronco,2025,5700,48000.0,USD,Villa Allende,Córdoba
Renault,Logan,2014,135000,12500000.0,ARS,Posadas,Misiones
Ford,Ka,2011,125000,10500000.0,ARS,Junín,Buenos Aires
Chevrolet,Onix,2019,72000,18000000.0,ARS,Aldea Valle María,Entre Ríos
Haval,H2,2018,125000,23000000.0,ARS,Villa Nueva,Mendoza
Volkswagen,Amarok,2012,166000,24900000.0,ARS,Junín,Buenos Aires
Renault,Duster,2013,150000,14000000.0,ARS,La Calera,Córdoba
Peugeot,Partner,2016,107000,5600000.0,ARS,Ituzaingo,Buenos Aires (A.M.B.A.)
Ford,Focus,2017,170000,17000000.0,ARS,Salta,Salta
FIAT,Palio Fire,2013,112000,8800000.0,ARS,Lomas del Mirador,Buenos Aires (A.M.B.A.)
FIAT,Siena,2017,140000,16500000.0,ARS,Junín,Buenos Aires
Renault,Symbol,2013,149000,9700000.0,ARS,Boedo,Ciudad Autónoma Buenos Aires
Peugeot,208,2018,75000,17000000.0,ARS,Córdoba,Córdoba
Peugeot,207,2014,180000,11899000.0,ARS,Córdoba,Córdoba
Volvo,XC60,2016,180000,36000000.0,ARS,Junín,Buenos Aires
Toyota,Corolla,2019,199500,25000000.0,ARS,Capitán Bermúdez,Santa Fe
Ford,Focus,2017,110000,19800000.0,ARS,Carlos Casares,Buenos Aires
Renault,Logan,2025,10,28900000.0,ARS,Neuquén,Neuquén
Audi,A6,2009,130000,26625.0,USD,Posadas,Misiones
FIAT,Cronos,2022,49500,22000000.0,ARS,Capitán Bermúdez,Santa Fe
Toyota,Yaris,2023,104000,28730000.0,ARS,Posadas,Misiones
Citroën,C4 Picasso,2018,103000,21900000.0,ARS,Villa Allende,Córdoba
FIAT,Mobi,2025,20000,5005200.0,ARS,Garin,Buenos Aires (A.M.B.A.)
Chevrolet,Captiva,2016,215000,18000000.0,ARS,San Jose Del Rincon,Santa Fe
Volkswagen,Amarok,2024,7000,60000000.0,ARS,Bahía Blanca,Buenos Aires
Audi,Q3,2013,110000,19000.0,USD,Villa Carlos Paz,Córdoba
Peugeot,207 Compact,2016,125000,14500000.0,ARS,Junín,Buenos Aires
FIAT,147,1994,80000,5000.0,USD,El Challao,Mendoza
DS,4,2023,42000,36500.0,USD,Agronomía,Ciudad Autónoma Buenos Aires
FIAT,Cronos,2020,133000,20000000.0,ARS,Córdoba,Córdoba
FIAT,Cronos,2025,20000,6000000.0,ARS,Garin,Buenos Aires (A.M.B.A.)
Chevrolet,Corsa,2008,197000,5200.0,USD,Mar del Plata,Buenos Aires
Peugeot,Partner,2015,130000,13900000.0,ARS,Ayacucho,Buenos Aires
Toyota,RAV4,2016,82200,27000.0,USD,La Plata,Buenos Aires
Chrysler,300,2013,26817,38500.0,USD,Posadas,Misiones
Volkswagen,Gol,2012,150000,9300000.0,ARS,Godoy Cruz,Mendoza
Nissan,Versa,2016,110000,12000000.0,ARS,San Martin,Buenos Aires (A.M.B.A.)
Chevrolet,Meriva,2010,166000,6200.0,USD,Belgrano,Ciudad Autónoma Buenos Aires
Ford,Ranger,2020,72000,54990000.0,ARS,Posadas,Misiones
FIAT,Cronos,2024,75500,21400000.0,ARS,Maipu,Mendoza
Renault,Fluence,2015,99000,5300000.0,ARS,Ituzaingo,Buenos Aires (A.M.B.A.)
Renault,4,1975,100000,2000000.0,ARS,Guaymallén,Mendoza
Volkswagen,Suran,2013,205000,11000000.0,ARS,Mendiolaza,Córdoba
Chevrolet,Onix Joy,2018,133000,11500.0,USD,Avellaneda,Buenos Aires (A.M.B.A.)
Chevrolet,Corsa,2010,90000,6500000.0,ARS,Villa Maria,Córdoba
Ford,Fiesta Kinetic,2014,156000,14000000.0,ARS,Gualeguaychú,Entre Ríos
Ford,Fiesta Max,2007,173001,7300000.0,ARS,San Justo,Buenos Aires (A.M.B.A.)
Mercedes,Sprinter,2022,16000,49200.0,USD,Barracas,Ciudad Autónoma Buenos Aires
FIAT,Siena,2013,96000,13000000.0,ARS,City Bell,Buenos Aires
Chevrolet,Sonic,2013,108000,10500000.0,ARS,Parque Chacabuco,Ciudad Autónoma Buenos Aires
Volkswagen,Polo 5P,2023,190000,23900000.0,ARS,Villa Urquiza,Ciudad Autónoma Buenos Aires
Ford,EcoSport,2017,101700,16500000.0,ARS,Berazategui Oeste,Buenos Aires (A.M.B.A.)
FIAT,Punto,2015,79000,13990000.0,ARS,Posadas,Misiones
Peugeot,208,2018,75000,14800000.0,ARS,Caballito,Ciudad Autónoma Buenos Aires
Ford,Ranger,2015,83000,28000000.0,ARS,Avellaneda,Buenos Aires (A.M.B.A.)
Ford,Fiesta Kinetic Sedán,2014,123000,10500.0,USD,San Salvador de Jujuy,Jujuy
Renault,Kwid,2018,63000,9500.0,USD,Ituzaingo,Buenos Aires (A.M.B.A.)
Peugeot,504,1995,100000,4500000.0,ARS,Guaymallén,Mendoza
Toyota,Corolla Cross,2025,100,41200.0,USD,Agronomía,Ciudad Autónoma Buenos Aires
Peugeot,208,2016,100492,14000000.0,ARS,Escobar,Buenos Aires (A.M.B.A.)
Ford,Ka,2020,70893,18130000.0,ARS,Córdoba,Córdoba
Chevrolet,Classic,2016,200000,10000000.0,ARS,Rosario,Santa Fe
Ford,Ka,2007,158000,6000000.0,ARS,Moron,Buenos Aires (A.M.B.A.)
Ford,EcoSport,2016,210000,10500.0,USD,Almagro,Ciudad Autónoma Buenos Aires
Renault,Sandero,2016,140000,16500000.0,ARS,Rosario,Santa Fe
Citroën,Berlingo Multispace,2017,160000,13500.0,USD,Monte Castro,Ciudad Autónoma Buenos Aires
Peugeot,2008,2017,78500,15700000.0,ARS,San Martin,Buenos Aires (A.M.B.A.)
Volkswagen,Taos,2024,10500,39700000.0,ARS,Boulogne Sur Mer,Buenos Aires (A.M.B.A.)
FIAT,Mobi,2025,20000,5552000.0,ARS,José C. Paz,Buenos Aires (A.M.B.A.)
Citroën,C3,2018,76000,16000000.0,ARS,Salta,Salta
Toyota,Hilux,2017,190000,34000000.0,ARS,Yerba Buena - Marcos Paz,Tucumán
Peugeot,308,2017,99553,13200.0,USD,Agronomía,Ciudad Autónoma Buenos Aires
Ford,Ka,2013,96000,12000000.0,ARS,Empalme Villa Constitución,Santa Fe
Renault,Clio,2015,99000,11990000.0,ARS,Posadas,Misiones
Ford,Focus,2017,78131,17500000.0,ARS,Córdoba,Córdoba
Chevrolet,Cruze 5,2018,21000,25000000.0,ARS,Córdoba,Córdoba
Toyota,Etios Hatchback,2014,85000,15000000.0,ARS,Resistencia,Chaco
Peugeot,208,2019,98590,9000000.0,ARS,Caballito,Ciudad Autónoma Buenos Aires
Toyota,Etios Sedán,2016,205000,14000000.0,ARS,Bahía Blanca,Buenos Aires
Chevrolet,Onix Joy,2017,170000,11000000.0,ARS,Bahía Blanca,Buenos Aires
Renault,Kangoo Express,2013,60000,10000000.0,ARS,San Martin,Buenos Aires (A.M.B.A.)
Ford,Fiesta Max,2008,200000,8500000.0,ARS,Lujan de Cuyo,Mendoza
Renault,Clio Mío,2014,160000,10000000.0,ARS,Villa Urquiza,Ciudad Autónoma Buenos Aires
Chevrolet,Tracker,2019,138000,20000000.0,ARS,San Nicolás,Ciudad Autónoma Buenos Aires
FIAT,Cronos,2023,18500,27000000.0,ARS,Ramos Mejia,Buenos Aires (A.M.B.A.)
Chevrolet,Tracker,2017,70600,16500.0,USD,Berisso,Buenos Aires
Renault,Alaskan,2020,103000,33000000.0,ARS,General Pico,La Pampa
Audi,A5 Sportback,2018,100000,34000.0,USD,Mar del Plata,Buenos Aires
Chevrolet,Onix Plus,2020,77000,17700000.0,ARS,Villa Mercedes,San Luis
Jeep,Renegade,2022,53000,21000.0,USD,Córdoba,Córdoba
Geely,Emgrand X7 Sport,2019,51000,25000.0,USD,Nuñez,Ciudad Autónoma Buenos Aires
Chevrolet,Corsa Classic,2009,200000,9000000.0,ARS,Villa Mercedes,San Luis
Chevrolet,S 10,2020,156000,30000000.0,ARS,Yerba Buena - Marcos Paz,Tucumán
Peugeot,2008,2023,35000,30000000.0,ARS,Angélica,Santa Fe
FIAT,Palio Fire,2012,132500,8500000.0,ARS,Fontana,Chaco
Ford,EcoSport,2015,130000,17000000.0,ARS,La Plata,Buenos Aires
Hyundai,Creta,2017,102000,18000.0,USD,Manuel B. Gonnet,Buenos Aires
Citroën,C3 Aircross,2019,125000,15800000.0,ARS,Rosario,Santa Fe
Peugeot,206,2008,226000,6000000.0,ARS,Flores,Ciudad Autónoma Buenos Aires
FIAT,Ducato,2000,230000,7000000.0,ARS,Avellaneda,Buenos Aires (A.M.B.A.)
Peugeot,207 Compact,2009,202000,7900000.0,ARS,Parana,Entre Ríos
Ford,Fiesta,2001,300000,4500000.0,ARS,Alta Gracia,Córdoba
Ford,Fiesta Kinetic,2015,98000,9800.0,USD,Martinez,Buenos Aires (A.M.B.A.)
Renault,Duster Oroch,2018,174000,19500000.0,ARS,Guaymallén,Mendoza
Mitsubishi,Lancer,1997,390000,3600.0,USD,Caballito,Ciudad Autónoma Buenos Aires
FIAT,Palio Weekend,2015,281500,9000000.0,ARS,Curuzu Cuatia,Corrientes
Volkswagen,Suran,2014,250000,8650000.0,ARS,Villa Crespo,Ciudad Autónoma Buenos Aires
Chevrolet,Astra,2010,266000,8500000.0,ARS,Tupungato,Mendoza
Toyota,Corolla,2015,124000,13900.0,USD,San Francisco,Córdoba
Audi,A1 Sportback,2014,130000,14600.0,USD,Nuñez,Ciudad Autónoma Buenos Aires
Peugeot,2008,2019,98590,9000000.0,ARS,Caballito,Ciudad Autónoma Buenos Aires
Chevrolet,Tracker,2015,151000,15500000.0,ARS,Quilmes Oeste,Buenos Aires (A.M.B.A.)
FIAT,Toro,2020,95300,30000000.0,ARS,Cipolletti,Río Negro
FIAT,Cronos,2018,82000,17000000.0,ARS,Córdoba,Córdoba
Toyota,Etios Sedán,2018,97000,18500000.0,ARS,Cipolletti,Río Negro
Peugeot,301,2018,128000,10000.0,USD,Comodoro Rivadavia,Chubut
Mercedes,Clase C Sedán,2018,54900,36500.0,USD,Caballito,Ciudad Autónoma Buenos Aires
Toyota,Yaris Sedán,2023,39000,27000000.0,ARS,Cipolletti,Río Negro
Mitsubishi,Outlander,2016,148000,19900.0,USD,Agronomía,Ciudad Autónoma Buenos Aires
Peugeot,2008,2018,120000,19000000.0,ARS,Zárate,Buenos Aires
FIAT,Palio Weekend,2010,170000,10400000.0,ARS,Guaymallén,Mendoza
Toyota,Corolla,2018,148000,21500000.0,ARS,Machagai,Chaco
Honda,Accord,2007,200600,8500.0,USD,Agronomía,Ciudad Autónoma Buenos Aires
Renault,Trafic,1996,450000,4000000.0,ARS,Avellaneda,Buenos Aires (A.M.B.A.)
FIAT,Argo,2018,98000,17000000.0,ARS,General Fernández Oro,Río Negro
Toyota,Etios Hatchback,2023,7000,25800000.0,ARS,Zárate,Buenos Aires
BMW,X5,2010,185000,28000.0,USD,1a. Seccion,Mendoza
Peugeot,208,2018,94000,13200.0,USD,Victoria,Buenos Aires (A.M.B.A.)
Chery,Tiggo 2,2018,105000,16600000.0,ARS,Santa Fe,Santa Fe
Volkswagen,Nivus,2023,13500,32700000.0,ARS,Boulogne Sur Mer,Buenos Aires (A.M.B.A.)
Peugeot,208,2023,47000,15500.0,USD,Lanus,Buenos Aires (A.M.B.A.)
Volkswagen,Suran,2014,93000,16500000.0,ARS,Córdoba,Córdoba
Chrysler,300,2000,177270,8500.0,USD,Villa Lugano,Ciudad Autónoma Buenos Aires
Peugeot,208,2022,22800,12000000.0,ARS,Caballito,Ciudad Autónoma Buenos Aires
Volkswagen,Amarok,2024,41000,61899000.0,ARS,Córdoba,Córdoba
FIAT,Mobi,2018,65300,15000000.0,ARS,Córdoba,Córdoba
Renault,Scénic,1998,211000,3600000.0,ARS,Villa Bosch,Buenos Aires (A.M.B.A.)
Chevrolet,Spin,2018,131000,19500000.0,ARS,Yerba Buena - Marcos Paz,Tucumán
FIAT,Bravo,2013,113000,14899000.0,ARS,Córdoba,Córdoba
Ford,EcoSport,2018,140000,20000000.0,ARS,Rosario,Santa Fe
Volkswagen,Passat,2011,79000,12000.0,USD,Retiro,Ciudad Autónoma Buenos Aires
Peugeot,2008,2017,126000,16000000.0,ARS,Martinez,Buenos Aires (A.M.B.A.)
Citroën,C3 Picasso,2013,129000,12000000.0,ARS,Batán,Buenos Aires
FIAT,Palio,2014,80000,14500000.0,ARS,Godoy Cruz,Mendoza
FIAT,600,1962,1000,10000.0,USD,Campana,Buenos Aires
Hyundai,Tucson,2013,63000,19500.0,USD,Nuñez,Ciudad Autónoma Buenos Aires
Citroën,C3 Aircross,2011,200000,9000000.0,ARS,Colombres,Tucumán
Renault,Kwid,2025,705,20000000.0,ARS,La Calera,Córdoba
Chevrolet,Cruze,2018,87000,16000.0,USD,San Martin,Buenos Aires (A.M.B.A.)
Chevrolet,Prisma Joy,2017,165000,13900000.0,ARS,San Miguel de Tucumán,Tucumán
Citroën,C4 Lounge,2016,95000,13000000.0,ARS,Sarandí,Buenos Aires (A.M.B.A.)
Renault,Clio Mío,2014,171000,10000000.0,ARS,Santa Rosa,La Pampa
FIAT,Grand Siena,2014,130000,12500000.0,ARS,Rosario,Santa Fe
Volkswagen,Golf,2018,35000,24000.0,USD,Córdoba,Córdoba
Chevrolet,Classic,2016,150000,9800000.0,ARS,Godoy Cruz,Mendoza
Citroën,C3,2018,64000,16500000.0,ARS,Godoy Cruz,Mendoza
Ford,Focus Sedán,2015,50000,14000.0,USD,Caballito,Ciudad Autónoma Buenos Aires
Volkswagen,Fox,2014,110000,10800.0,USD,Lanus,Buenos Aires (A.M.B.A.)
Toyota,Etios Hatchback,2018,169000,16000000.0,ARS,Villa Allende,Córdoba
FIAT,Cronos,2022,42000,8000000.0,ARS,Caballito,Ciudad Autónoma Buenos Aires
FIAT,Palio,2010,190000,8000000.0,ARS,Córdoba,Córdoba
FIAT,Cronos,2022,23000,20000000.0,ARS,Puerto Iguazú,Misiones
Chevrolet,Cruze,2013,155000,12000.0,USD,San Miguel,Buenos Aires (A.M.B.A.)
Renault,Duster,2018,99995,19500000.0,ARS,Cipolletti,Río Negro
Citroën,C4 Cactus,2022,75000,23500000.0,ARS,San Miguel de Tucumán,Tucumán
Ford,Fiesta,2017,173665,10900.0,USD,Escobar,Buenos Aires (A.M.B.A.)
Hyundai,H1,2007,223000,12000.0,USD,Trelew,Chubut
Citroën,DS3,2012,114000,8500.0,USD,Lincoln,Buenos Aires
FIAT,Punto,2013,210000,10400000.0,ARS,Benavidez,Buenos Aires (A.M.B.A.)
Volkswagen,Suran,2019,132000,20000000.0,ARS,Neuquén,Neuquén
Ford,Ranger,2016,177000,22000.0,USD,Pila,Buenos Aires
Renault,Clio,2017,102000,10000.0,USD,Pinamar,Buenos Aires
Citroën,C3,2015,93000,13000000.0,ARS,Córdoba,Córdoba
Toyota,Corolla,2007,156000,7500.0,USD,Tigre,Buenos Aires (A.M.B.A.)
Peugeot,208,2020,47000,6500000.0,ARS,Caballito,Ciudad Autónoma Buenos Aires
FIAT,Punto,2015,125000,14500000.0,ARS,Lomas De Zamora,Buenos Aires (A.M.B.A.)
Citroën,C4,2013,127000,7500.0,USD,Mataderos,Ciudad Autónoma Buenos Aires
Volkswagen,Gol Country,2000,195000,5500000.0,ARS,Corrientes,Corrientes
Volkswagen,Gol,2013,96000,8300.0,USD,Pilar,Buenos Aires (A.M.B.A.)
Volkswagen,Passat,2012,107000,11500.0,USD,Balvanera,Ciudad Autónoma Buenos Aires
Volkswagen,Suran,2013,217000,8500.0,USD,Pilar,Buenos Aires (A.M.B.A.)
Chevrolet,Aveo,2013,155000,7500.0,USD,Tandil,Buenos Aires
Peugeot,208,2023,50000,7500000.0,ARS,Caballito,Ciudad Autónoma Buenos Aires
Peugeot,208,2020,45000,10000000.0,ARS,Caballito,Ciudad Autónoma Buenos Aires
Volkswagen,Passat,2010,147000,11200.0,USD,Pilar,Buenos Aires (A.M.B.A.)
Ford,EcoSport,2012,318000,8000000.0,ARS,Córdoba,Córdoba
FIAT,Palio,2017,162000,13500000.0,ARS,Lomas De Zamora,Buenos Aires (A.M.B.A.)
Ford,Ranger,2014,268000,26900000.0,ARS,Villa Mercedes,San Luis
Toyota,86,2016,64000,29000.0,USD,Villa Constitución,Santa Fe
Chevrolet,Tracker,2018,100800,19000000.0,ARS,Sampacho,Córdoba
Chevrolet,Aveo,2010,215000,8899000.0,ARS,Córdoba,Córdoba
Peugeot,208,2022,45000,13370000.0,ARS,Caballito,Ciudad Autónoma Buenos Aires
Chery,Tiggo 3,2016,110000,14000000.0,ARS,Florencio Varela,Buenos Aires (A.M.B.A.)
Volkswagen,Amarok,2014,165000,17000.0,USD,San José,Entre Ríos
Chevrolet,Onix,2018,107000,18499000.0,ARS,Córdoba,Córdoba
Nissan,Note,2016,100000,16700000.0,ARS,Bella Vista,Buenos Aires (A.M.B.A.)
Chevrolet,Astra,2010,315400,9000000.0,ARS,Jáuregui,Buenos Aires
Volkswagen,Voyage,2017,18000,11000000.0,ARS,Lujan de Cuyo,Mendoza
Volkswagen,Polo,2016,181000,17400000.0,ARS,Villa Mercedes,San Luis
Volkswagen,Taos,2024,50000,36890000.0,ARS,La Tablada,Buenos Aires (A.M.B.A.)
Volkswagen,Fox,2016,90000,17500000.0,ARS,La Tablada,Buenos Aires (A.M.B.A.)
Citroën,C4 Cactus,2022,104000,21500000.0,ARS,Córdoba,Córdoba
Nissan,Versa,2022,105000,16000.0,USD,Puerto Madero,Ciudad Autónoma Buenos Aires
Jeep,Compass,2018,110000,30000000.0,ARS,Córdoba,Córdoba
Citroën,C-Elysée,2017,140000,12000.0,USD,Recoleta,Ciudad Autónoma Buenos Aires
FIAT,Grand Siena,2013,260000,10000000.0,ARS,La Colonia,Mendoza
Chevrolet,Onix Plus,2020,77000,21900000.0,ARS,Agronomía,Ciudad Autónoma Buenos Aires
Volkswagen,Suran,2011,150000,9500000.0,ARS,Hurlingham,Buenos Aires (A.M.B.A.)
Renault,Duster,2016,165000,13000.0,USD,Tilcara,Jujuy
Peugeot,3008,2011,95000,11500000.0,ARS,San Andres,Buenos Aires (A.M.B.A.)
Chevrolet,Corsa Classic,2009,200,7000000.0,ARS,La Plata,Buenos Aires
Nissan,March,2018,91000,14200000.0,ARS,Agronomía,Ciudad Autónoma Buenos Aires
Renault,Alaskan,2021,32000,34900000.0,ARS,La Tablada,Buenos Aires (A.M.B.A.)
Peugeot,208,2018,60000,10000000.0,ARS,Caballito,Ciudad Autónoma Buenos Aires
Volkswagen,Voyage,2018,76000,18500000.0,ARS,Casilda,Santa Fe
Honda,HR-V,2016,153000,18000.0,USD,Pilar,Buenos Aires (A.M.B.A.)
Honda,Civic,2014,130000,14000.0,USD,Bahía Blanca,Buenos Aires
Toyota,Corolla,2018,77000,18000.0,USD,Villa Urquiza,Ciudad Autónoma Buenos Aires
Renault,Kangoo,2015,220000,12500000.0,ARS,San Juan,San Juan
Peugeot,208,2021,35000,6500000.0,ARS,Caballito,Ciudad Autónoma Buenos Aires
Chevrolet,Tracker,2023,12000,32500000.0,ARS,Caballito,Ciudad Autónoma Buenos Aires
Ford,Fiesta Kinetic,2015,107000,10500.0,USD,Parana,Entre Ríos
Volkswagen,Gol Trend,2015,121000,4000000.0,ARS,Ituzaingo,Buenos Aires (A.M.B.A.)
Citroën,C4 Cactus,2022,68000,17800.0,USD,General Pacheco,Buenos Aires (A.M.B.A.)
Renault,Sandero,2013,235000,11899000.0,ARS,Córdoba,Córdoba
Ford,Ka,2013,35000,11500000.0,ARS,Palermo,Ciudad Autónoma Buenos Aires
Peugeot,408,2014,80000,11500.0,USD,Agronomía,Ciudad Autónoma Buenos Aires
Peugeot,408,2017,108000,10000.0,USD,Mendoza,Mendoza
Ford,EcoSport,2016,79000,17800000.0,ARS,Corrientes,Corrientes
Peugeot,2008,2016,122000,15600000.0,ARS,San Cristóbal,Ciudad Autónoma Buenos Aires
Ford,Focus Sedán,2016,205000,14500000.0,ARS,Santa Fe,Santa Fe
Ford,Ka,2013,156000,8700000.0,ARS,San Nicolás de los Arroyos,Buenos Aires
Ford,Ranger Raptor,2019,165000,38000.0,USD,Villa Carlos Paz,Córdoba
Volkswagen,Suran,2014,157000,14000000.0,ARS,Neuquén,Neuquén
Ford,Ranger,2017,187000,24000000.0,ARS,Mataderos,Ciudad Autónoma Buenos Aires
Renault,Clio,2015,120000,12500000.0,ARS,San Luis,San Luis
Ford,Ka,2019,20000,24000000.0,ARS,San Rafael,Mendoza
Volkswagen,Suran,2008,260000,8500000.0,ARS,Villa Nueva,Mendoza
Toyota,Etios Hatchback,2017,88000,17500000.0,ARS,Rosario,Santa Fe
Volkswagen,Gol Trend,2019,82000,12500.0,USD,San Francisco,Córdoba
Citroën,C3 Picasso,2013,145000,6900.0,USD,Villa Crespo,Ciudad Autónoma Buenos Aires
Ford,EcoSport,2017,170000,15000000.0,ARS,Rosario,Santa Fe
Peugeot,208,2022,28000,9500000.0,ARS,Caballito,Ciudad Autónoma Buenos Aires
Volkswagen,up!,2015,67000,12000.0,USD,Bella Vista,Buenos Aires (A.M.B.A.)
Volkswagen,Amarok,2013,204000,26000000.0,ARS,Villa Mercedes,San Luis
BMW,Serie 3 Sedán,2013,61700,26500.0,USD,Haedo,Buenos Aires (A.M.B.A.)
Volkswagen,Amarok,2015,186000,20500000.0,ARS,Yerba Buena - Marcos Paz,Tucumán
Nissan,Versa,2018,115000,10000.0,USD,Floresta,Ciudad Autónoma Buenos Aires
Toyota,Corolla Cross Hybrid,2021,80000,35000000.0,ARS,Tigre,Buenos Aires (A.M.B.A.)
BMW,M3 Sedán,2018,150000,24700.0,USD,Ituzaingo,Buenos Aires (A.M.B.A.)
Ford,Mondeo,2015,119000,18500000.0,ARS,La Plata,Buenos Aires
BMW,Serie 3 Sedán,2021,99000,38500.0,USD,Barracas,Ciudad Autónoma Buenos Aires
Ford,Focus,2016,58000,17000000.0,ARS,Corrientes,Corrientes
Toyota,Corolla Cross,2022,45000,45000000.0,ARS,Neuquén,Neuquén
Peugeot,2008,2021,42000,23000000.0,ARS,Joaquín V. González,Salta
Toyota,Etios Hatchback,2015,200000,14900000.0,ARS,Guaymallén,Mendoza
Volkswagen,Fox,2017,83000,11900.0,USD,Burzaco,Buenos Aires (A.M.B.A.)
Audi,Q5,2013,94000,19900.0,USD,Barracas,Ciudad Autónoma Buenos Aires
Toyota,RAV4,2021,71600,42000.0,USD,Escobar,Buenos Aires (A.M.B.A.)
BMW,Serie 3 Sedán,2010,197000,25000.0,USD,Don Torcuato,Buenos Aires (A.M.B.A.)
FIAT,Uno,1999,148000,3700.0,USD,Balvanera,Ciudad Autónoma Buenos Aires
Volkswagen,Suran,2018,78000,20000000.0,ARS,Parana,Entre Ríos
Peugeot,405,1994,350000,3500000.0,ARS,Santa Fe,Santa Fe
Citroën,C3 Picasso,2013,143000,9500000.0,ARS,San Miguel,Buenos Aires (A.M.B.A.)
Renault,Stepway,2025,3000,27500000.0,ARS,Avellaneda,Buenos Aires (A.M.B.A.)
Peugeot,208,2023,26000,7500000.0,ARS,Caballito,Ciudad Autónoma Buenos Aires
Volkswagen,Suran,2007,102000,9700000.0,ARS,Merlo,Buenos Aires (A.M.B.A.)
Renault,Kangoo Express,2017,315000,11000000.0,ARS,Benavidez,Buenos Aires (A.M.B.A.)
Citroën,C3,2011,96000,8900000.0,ARS,Villa Devoto,Ciudad Autónoma Buenos Aires
Ford,Sierra,1986,100000,4000000.0,ARS,Posadas,Misiones
Peugeot,208,2016,105000,10000.0,USD,Recoleta,Ciudad Autónoma Buenos Aires
Renault,Fluence,2014,142000,10000.0,USD,La Plata,Buenos Aires
Chevrolet,Sonic Sedán,2012,166000,9300000.0,ARS,Santa Fe,Santa Fe
Chevrolet,Tracker,2017,156000,19500000.0,ARS,Villa Carlos Paz,Córdoba
Citroën,C3 Aircross,2019,56000,17900000.0,ARS,Córdoba,Córdoba
Chevrolet,Tracker,2019,40500,15000.0,USD,Moron,Buenos Aires (A.M.B.A.)
Chevrolet,Astra,2006,153000,6800000.0,ARS,Villa General Belgrano,Córdoba
Ford,Fiesta,1995,540000,4800000.0,ARS,San Miguel,Buenos Aires (A.M.B.A.)
Renault,Clio,2008,149000,8500000.0,ARS,San Francisco,Córdoba
Chevrolet,Corsa,2009,210000,7400000.0,ARS,San Telmo,Ciudad Autónoma Buenos Aires
Volkswagen,Suran,2012,107000,13999000.0,ARS,Del Viso,Buenos Aires (A.M.B.A.)
Citroën,Berlingo Multispace,2018,156000,14000.0,USD,Pilar,Buenos Aires (A.M.B.A.)
RAM,Rampage,2025,18000,55000000.0,ARS,Parque Patricios,Ciudad Autónoma Buenos Aires
Volkswagen,Gol,1999,250000,6800000.0,ARS,Maipu,Mendoza
Ford,Ka,2016,500000,17000000.0,ARS,San Fernando Del Valle De Catamarca,Catamarca
FIAT,Cronos,2022,42300,18200000.0,ARS,Olivos,Buenos Aires (A.M.B.A.)
Volkswagen,Tiguan,2013,181500,21000000.0,ARS,Villa Crespo,Ciudad Autónoma Buenos Aires
Ford,F-150,1994,477000,24000000.0,ARS,Avellaneda,Buenos Aires (A.M.B.A.)
Chevrolet,Spin,2018,115000,17500000.0,ARS,Río Ceballos,Córdoba
Suzuki,Fun,2010,112000,8900000.0,ARS,Flores,Ciudad Autónoma Buenos Aires
Chevrolet,Vectra,2007,179000,4800000.0,ARS,Gregorio de Laferrere,Buenos Aires (A.M.B.A.)
Peugeot,2008,2017,120000,18000000.0,ARS,Bahía Blanca,Buenos Aires
Ford,EcoSport,2020,93000,22500000.0,ARS,Neuquén,Neuquén
Chevrolet,Agile,2016,120917,14000000.0,ARS,Córdoba,Córdoba
Ford,Ranger,2019,147000,30000000.0,ARS,Plottier,Neuquén
Honda,HR-V,2018,78400,20000.0,USD,Córdoba,Córdoba
Chery,QQ,2017,50000,11900000.0,ARS,Wilde,Buenos Aires (A.M.B.A.)
Ford,Fiesta One,2013,95000,9000000.0,ARS,Barracas,Ciudad Autónoma Buenos Aires
Peugeot,208,2023,30000,26500000.0,ARS,Córdoba,Córdoba
Renault,Clio Mío,2014,110469,5900000.0,ARS,Ituzaingo,Buenos Aires (A.M.B.A.)
Volkswagen,T-Cross,2025,17,32000.0,USD,Ramos Mejia,Buenos Aires (A.M.B.A.)
Volkswagen,Gol,2013,153000,11000000.0,ARS,Frías,Santiago del Estero
Ford,Ranger,2008,250000,13900.0,USD,Almagro,Ciudad Autónoma Buenos Aires
FIAT,Palio,2016,143548,12500000.0,ARS,Escobar,Buenos Aires (A.M.B.A.)
Renault,Clio,2012,170200,8800000.0,ARS,Bahía Blanca,Buenos Aires
RAM,Rampage,2025,1500,38000.0,USD,Freyre,Córdoba
Chevrolet,Sonic,2016,130000,10000.0,USD,San Andrés de Giles,Buenos Aires
Toyota,Etios Hatchback,2016,100300,6990000.0,ARS,Ituzaingo,Buenos Aires (A.M.B.A.)
Peugeot,208,2017,18600,18000000.0,ARS,Córdoba,Córdoba
Peugeot,207 Compact,2012,200000,10500000.0,ARS,Maipu,Mendoza
Ford,Ranger,2017,250,26000000.0,ARS,San Jose Del Rincon,Santa Fe
Renault,Logan,2008,173000,5500000.0,ARS,Berazategui Oeste,Buenos Aires (A.M.B.A.)
FIAT,Strada,2024,7400,9700000.0,ARS,Caballito,Ciudad Autónoma Buenos Aires
Volkswagen,Amarok,2023,107387,44000000.0,ARS,San Luis,San Luis
Ford,EcoSport,2012,140000,8900.0,USD,Villa Adelina,Buenos Aires (A.M.B.A.)
Jeep,Renegade,2016,74500,16000.0,USD,Hurlingham,Buenos Aires (A.M.B.A.)
Honda,Fit,2009,170000,110000.0,USD,Wilde,Buenos Aires (A.M.B.A.)
Audi,A4,2017,94000,32000.0,USD,Corrientes,Corrientes
Suzuki,Fun,2006,198000,5200000.0,ARS,La Plata,Buenos Aires
Peugeot,208,2019,93300,15000000.0,ARS,Belgrano,Ciudad Autónoma Buenos Aires
Ford,Focus,2016,141131,18000000.0,ARS,Escobar,Buenos Aires (A.M.B.A.)
Renault,Clio,2006,162000,5900000.0,ARS,Lanus,Buenos Aires (A.M.B.A.)
Peugeot,208,2019,53000,6500000.0,ARS,Caballito,Ciudad Autónoma Buenos Aires
Honda,HR-V,2020,85000,25900.0,USD,San Andres,Buenos Aires (A.M.B.A.)
Chevrolet,Cruze,2018,217000,18000000.0,ARS,Lujan de Cuyo,Mendoza
Ford,Ranger,2017,53000,24000.0,USD,Villa Pueyrredón,Ciudad Autónoma Buenos Aires
Jeep,Renegade,2019,69970,16000.0,USD,San Isidro,Buenos Aires (A.M.B.A.)
Peugeot,207 Compact,2012,153500,7500000.0,ARS,Bosques,Buenos Aires (A.M.B.A.)
MINI,Cooper Countryman,2018,50000,39900.0,USD,Mataderos,Ciudad Autónoma Buenos Aires
FIAT,Cronos,2022,50000,7000000.0,ARS,Caballito,Ciudad Autónoma Buenos Aires
Renault,Fluence,2014,127000,11200.0,USD,Guaymallén,Mendoza
FIAT,Mobi,2018,117000,12900000.0,ARS,San Miguel,Buenos Aires (A.M.B.A.)
Chery,Tiggo,2013,135000,12500000.0,ARS,Lanus,Buenos Aires (A.M.B.A.)
Ford,Falcon,1983,100000,9000.0,USD,San Juan,San Juan
Audi,Q3,2013,140000,19500000.0,ARS,Corrientes,Corrientes
FIAT,Idea,2006,285000,6000000.0,ARS,San Luis,San Luis
FIAT,Palio,2017,99300,12800000.0,ARS,Córdoba,Córdoba
Nissan,Sentra,2015,200000,15000000.0,ARS,El Manantial,Tucumán
Mercedes,Clase GLA,2017,55000,30000.0,USD,Rosario,Santa Fe
Mercedes,Clase C Sedán,2010,152706,15500.0,USD,Mendoza,Mendoza
Toyota,Yaris,2019,109000,22800000.0,ARS,San Luis,San Luis
Volkswagen,Tiguan,2018,132000,34900000.0,ARS,Corrientes,Corrientes
Volkswagen,Gol,2012,129000,7900.0,USD,Benavidez,Buenos Aires (A.M.B.A.)
FIAT,Palio Weekend,2013,133000,9000.0,USD,Mataderos,Ciudad Autónoma Buenos Aires
Volkswagen,Golf,2017,115000,24400000.0,ARS,Corrientes,Corrientes
Chevrolet,Astra,2010,190000,9500000.0,ARS,Oncativo,Córdoba
Peugeot,208,2017,62000,7590000.0,ARS,Ituzaingo,Buenos Aires (A.M.B.A.)
Ford,Focus Sedán,2018,45000,21000000.0,ARS,Beccar,Buenos Aires (A.M.B.A.)
Peugeot,208,2017,74000,16000000.0,ARS,Parana,Entre Ríos
BMW,M6 Coupé,1980,90000,47500.0,USD,Córdoba,Córdoba
Renault,Captur,2018,92000,22300000.0,ARS,Corrientes,Corrientes
Ford,Focus,2013,100000,15000.0,USD,Caballito,Ciudad Autónoma Buenos Aires
Peugeot,408,2014,75000,12200000.0,ARS,Flores,Ciudad Autónoma Buenos Aires
FIAT,Palio Fire,2007,92000,6700.0,USD,Flores,Ciudad Autónoma Buenos Aires
Toyota,Hilux,2008,191000,4500000.0,ARS,Vicente Casares,Buenos Aires
Renault,Sandero Stepway,2013,92000,13950000.0,ARS,Caballito,Ciudad Autónoma Buenos Aires
Peugeot,206,2006,165000,6300.0,USD,Villa Crespo,Ciudad Autónoma Buenos Aires
Renault,Duster,2021,66500,21300.0,USD,Berazategui,Buenos Aires (A.M.B.A.)
Citroën,C3,2021,43000,17300000.0,ARS,Resistencia,Chaco
Ford,Ranger,2010,160000,15000.0,USD,Avellaneda,Buenos Aires (A.M.B.A.)
Volkswagen,Bora,2011,200000,13300000.0,ARS,Caseros,Buenos Aires (A.M.B.A.)
Chevrolet,Cobalt,2013,72000,11700000.0,ARS,San Francisco,Córdoba
Peugeot,2008,2019,83000,16500000.0,ARS,Villa Crespo,Ciudad Autónoma Buenos Aires
Peugeot,Partner,2012,270000,12500000.0,ARS,Gonzalez Catán,Buenos Aires (A.M.B.A.)
Volkswagen,Gol Trend,2011,86000,7600.0,USD,Villa Devoto,Ciudad Autónoma Buenos Aires
Mercedes,Clase GLC,2018,80000,39900.0,USD,Corrientes,Corrientes
Renault,Captur,2017,99000,19500000.0,ARS,Villa Allende,Córdoba
FIAT,Qubo,2012,189000,10400000.0,ARS,San Miguel del Monte,Buenos Aires
RAM,Rampage,2024,31000,48500000.0,ARS,San Francisco,Córdoba
Ford,EcoSport,2018,99000,19900000.0,ARS,Corrientes,Corrientes
Chevrolet,Classic,2013,275000,6500.0,USD,San Carlos de Bariloche,Río Negro
Volkswagen,Gol,2004,200000,3800000.0,ARS,Neuquén,Neuquén
Jeep,Renegade,2021,69000,19000.0,USD,La Plata,Buenos Aires
Peugeot,208,2020,75000,16900.0,USD,Parque Patricios,Ciudad Autónoma Buenos Aires
Jeep,Renegade,2019,64000,19500.0,USD,Lomas del Mirador,Buenos Aires (A.M.B.A.)
Renault,Duster,2019,115000,20000000.0,ARS,Neuquén,Neuquén
Ford,Fiesta Kinetic,2018,151600,17000000.0,ARS,Rio Grande,Tierra del Fuego
Peugeot,207 Compact,2010,110000,9000000.0,ARS,El Challao,Mendoza
Peugeot,206,2007,170000,6000.0,USD,Villa Luro,Ciudad Autónoma Buenos Aires
Peugeot,208,2018,160000,16500000.0,ARS,Neuquén,Neuquén
Renault,Duster,2015,138000,11300.0,USD,Berazategui,Buenos Aires (A.M.B.A.)
Chevrolet,Agile,2016,85000,9000.0,USD,Villa Madero,Buenos Aires (A.M.B.A.)
Volkswagen,Suran,2013,264000,10000000.0,ARS,Mendoza,Mendoza
Renault,Sandero,2016,127000,9800.0,USD,Boedo,Ciudad Autónoma Buenos Aires
Chevrolet,Sonic,2015,125000,14000000.0,ARS,Castelar,Buenos Aires (A.M.B.A.)
Ford,Escort,1993,195000,3500000.0,ARS,Isidro Casanova,Buenos Aires (A.M.B.A.)
Toyota,Corolla,2019,63500,26000000.0,ARS,Rosario,Santa Fe
Peugeot,208,2013,117500,12500000.0,ARS,Parque Avellaneda,Ciudad Autónoma Buenos Aires
Renault,Logan,2021,43000,17000000.0,ARS,Avellaneda,Buenos Aires (A.M.B.A.)
Chevrolet,C 10,1965,12000,7000.0,USD,San Fernando,Buenos Aires (A.M.B.A.)
MINI,Cooper,2013,130000,37500.0,USD,Córdoba,Córdoba
Chevrolet,Cruze,2013,158000,11800.0,USD,Palermo,Ciudad Autónoma Buenos Aires
Ford,Focus Sedán,2018,57000,19900000.0,ARS,San Miguel de Tucumán,Tucumán
Volkswagen,Nivus,2022,30000,31950000.0,ARS,Pilar,Buenos Aires (A.M.B.A.)
Volkswagen,Suran,2012,230000,14500000.0,ARS,Caballito,Ciudad Autónoma Buenos Aires
Nissan,Kicks,2017,90000,17900.0,USD,San Andres,Buenos Aires (A.M.B.A.)
Volkswagen,Amarok,2020,183500,32350000.0,ARS,San Francisco,Córdoba
Ford,EcoSport,2016,189000,16000000.0,ARS,La Plata,Buenos Aires
Volkswagen,Golf,2018,46000,26500.0,USD,San Luis,San Luis
Chevrolet,Prisma,2016,130000,13990000.0,ARS,La Tablada,Buenos Aires (A.M.B.A.)
Peugeot,207 Compact Sedán,2010,147000,7000000.0,ARS,Pergamino,Buenos Aires
Chevrolet,Celta,2015,111000,10000000.0,ARS,Mendoza,Mendoza
Ford,Fiesta Kinetic Sedán,2013,230000,13500000.0,ARS,San Luis,San Luis
Volkswagen,Saveiro,1996,157080,6500000.0,ARS,Eldorado,Misiones
Peugeot,3008 SUV,2023,9000,32000.0,USD,Chacarita,Ciudad Autónoma Buenos Aires
Peugeot,208,2020,600000,6000000.0,ARS,Caballito,Ciudad Autónoma Buenos Aires
Citroën,Xsara Picasso,2012,126000,7600.0,USD,San Miguel,Buenos Aires (A.M.B.A.)
Ford,EcoSport,2014,117000,16000000.0,ARS,San Miguel,Buenos Aires (A.M.B.A.)
FIAT,Punto,2014,108000,6690000.0,ARS,Ituzaingo,Buenos Aires (A.M.B.A.)
Ford,Fiesta Kinetic Sedán,2014,131000,10999.0,USD,San Miguel,Buenos Aires (A.M.B.A.)
Ford,Focus,2011,130000,9200.0,USD,Balcarce,Buenos Aires
Audi,A3 Sportback,2025,1600,59000.0,USD,Córdoba,Córdoba
Volkswagen,Gol,2008,258000,7000000.0,ARS,Mendoza,Mendoza
Ford,Focus,2016,134800,17500000.0,ARS,Neuquén,Neuquén
Jeep,Compass,2022,60000,38500000.0,ARS,Córdoba,Córdoba
Iveco,Daily Chasis,2015,490000,32000000.0,ARS,Villa Bosch,Buenos Aires (A.M.B.A.)
Citroën,C4 Lounge,2017,53200,22500000.0,ARS,Almagro,Ciudad Autónoma Buenos Aires
FIAT,Punto,2012,110000,6190000.0,ARS,Ituzaingo,Buenos Aires (A.M.B.A.)
Mercedes,Clase A Hatchback,2016,75000,26500.0,USD,Ituzaingo,Buenos Aires (A.M.B.A.)
Ford,Ka,2017,90100,15000000.0,ARS,Córdoba,Córdoba
Mercedes,Clase C Sedán,2008,65000,17000.0,USD,Córdoba,Córdoba
Peugeot,Partner,2017,82000,18000000.0,ARS,Pergamino,Buenos Aires
FIAT,Strada Adventure,2017,147266,13200.0,USD,Pilar,Buenos Aires (A.M.B.A.)
Peugeot,208,2018,112000,15990000.0,ARS,Posadas,Misiones
Jeep,Renegade,2022,26000,12000000.0,ARS,Balvanera,Ciudad Autónoma Buenos Aires
BMW,Serie 3 Sedán,2010,180000,13000.0,USD,Quilmes Oeste,Buenos Aires (A.M.B.A.)
Honda,CR-V,2012,223480,18000.0,USD,Quilmes,Buenos Aires (A.M.B.A.)
Peugeot,208,2014,110000,9000.0,USD,San Martin,Buenos Aires (A.M.B.A.)
Chevrolet,Classic,2012,200000,7000.0,USD,El Challao,Mendoza
Toyota,Corolla,2019,113000,20000.0,USD,Villa Del Parque,Ciudad Autónoma Buenos Aires
Ford,Ranger,2013,320000,21000000.0,ARS,Belgrano,Ciudad Autónoma Buenos Aires
FIAT,Cronos,2021,19000,19500000.0,ARS,San Antonio De Padua,Buenos Aires (A.M.B.A.)
Volkswagen,Suran,2016,112000,16000000.0,ARS,Rosario,Santa Fe
Volkswagen,Gol,2013,80000,6200.0,USD,Villa Urquiza,Ciudad Autónoma Buenos Aires
Chery,Face,2011,97000,7000000.0,ARS,San Miguel de Tucumán,Tucumán
Toyota,Hiace,2024,33000,45700.0,USD,Bella Vista,Buenos Aires (A.M.B.A.)
FIAT,Strada,2023,53000,25000.0,USD,Córdoba,Córdoba
FIAT,Palio,2016,144000,17500000.0,ARS,Córdoba,Córdoba
Volkswagen,Golf,2018,73000,21500.0,USD,Nuñez,Ciudad Autónoma Buenos Aires
Peugeot,3008,2020,70000,23900.0,USD,Vicente Lopez,Buenos Aires (A.M.B.A.)
Peugeot,404,1974,250000,4500.0,USD,Quilmes Oeste,Buenos Aires (A.M.B.A.)
Nissan,Frontier,2012,300000,16000.0,USD,Munro,Buenos Aires (A.M.B.A.)
Peugeot,308,2013,163000,10000000.0,ARS,Posadas,Misiones
Renault,Sandero,2011,178000,6500000.0,ARS,Godoy Cruz,Mendoza
Chevrolet,Tracker,2016,107000,13500.0,USD,Mercedes,Buenos Aires
Volkswagen,Vento,2014,218000,13500.0,USD,Olivos,Buenos Aires (A.M.B.A.)
FIAT,Palio,2006,1,6800000.0,ARS,Ramos Mejia,Buenos Aires (A.M.B.A.)
Peugeot,208,2015,74000,13000000.0,ARS,Ituzaingo,Buenos Aires (A.M.B.A.)
Chevrolet,S 10,2021,98000,41000000.0,ARS,Flores,Ciudad Autónoma Buenos Aires
Renault,Trafic,1996,100,5500.0,USD,San Martin,Buenos Aires (A.M.B.A.)
Peugeot,208,2024,7000,10500000.0,ARS,Caballito,Ciudad Autónoma Buenos Aires
Volkswagen,T-Cross,2020,92000,30000000.0,ARS,Neuquén,Neuquén
Honda,CR-V,2011,191000,18899000.0,ARS,Córdoba,Córdoba
Citroën,C3,2011,150000,8000000.0,ARS,Rosario,Santa Fe
Peugeot,207,2015,202376,12000000.0,ARS,La Merced,Salta
Peugeot,308,2015,102000,14500000.0,ARS,Villa Santa Rita,Ciudad Autónoma Buenos Aires
Chevrolet,Cobalt,2013,178000,10590000.0,ARS,Resistencia,Chaco
Chevrolet,Tracker,2013,161000,15000000.0,ARS,Córdoba,Córdoba
FIAT,Punto,2011,136000,9000000.0,ARS,Villa Ballester,Buenos Aires (A.M.B.A.)
Ford,EcoSport,2020,105000,18000000.0,ARS,Belgrano,Ciudad Autónoma Buenos Aires
Toyota,Corolla,2019,85000,20000.0,USD,Chacras de Coria,Mendoza
Volkswagen,Voyage,2017,120000,15000000.0,ARS,Ingeniero Giagnoni,Mendoza
Renault,Sandero RS,2017,70000,8750000.0,ARS,Flores,Ciudad Autónoma Buenos Aires
Ford,Focus,2016,135000,16500000.0,ARS,Rosario,Santa Fe
Ford,EcoSport,2004,109000,7500000.0,ARS,San Miguel de Tucumán,Tucumán
Peugeot,206,2008,245664,5150000.0,ARS,Malvinas Argentinas,Buenos Aires (A.M.B.A.)
Chevrolet,Onix Joy,2019,92000,14500000.0,ARS,Monte Grande,Buenos Aires (A.M.B.A.)
Chevrolet,Agile,2015,128000,11500000.0,ARS,Villa Nueva,Mendoza
Renault,Sandero,2010,149000,6600.0,USD,Flores,Ciudad Autónoma Buenos Aires
Nissan,Sentra,2020,57000,29500000.0,ARS,Caballito,Ciudad Autónoma Buenos Aires
Peugeot,208,2025,13000,24500000.0,ARS,Córdoba,Córdoba
Citroën,C4,2013,179000,10900000.0,ARS,Villa Allende,Córdoba
Nissan,Tiida,2010,216400,5900.0,USD,Lomas De Zamora,Buenos Aires (A.M.B.A.)
Ford,Fiesta,2005,150000,7000000.0,ARS,Avellaneda,Buenos Aires (A.M.B.A.)
Toyota,Corolla,2015,192000,11000.0,USD,Ciudad Evita,Buenos Aires (A.M.B.A.)
Volkswagen,Golf,2016,77000,17500.0,USD,Lomas De Zamora,Buenos Aires (A.M.B.A.)
Ford,Ranger,2024,28000,69999000.0,ARS,Temperley,Buenos Aires (A.M.B.A.)
FIAT,Palio,2016,53000,12000000.0,ARS,Ramos Mejia,Buenos Aires (A.M.B.A.)
Citroën,C4 Hatchback,2014,150000,10500000.0,ARS,Resistencia,Chaco
Nissan,March,2012,80000,8650.0,USD,Caballito,Ciudad Autónoma Buenos Aires
Mercedes,Sprinter,2010,300000,20000.0,USD,San Isidro,Buenos Aires (A.M.B.A.)
Jeep,Renegade,2016,94253,14000.0,USD,San Isidro,Buenos Aires (A.M.B.A.)
Peugeot,206,2006,102200,7200.0,USD,Merlo,Buenos Aires (A.M.B.A.)
Citroën,C3,2019,100000,15000000.0,ARS,Tortuguitas,Buenos Aires (A.M.B.A.)
Toyota,Corolla,2017,184000,20000.0,USD,Córdoba,Córdoba
Toyota,Corolla,2021,105000,21800.0,USD,La Plata,Buenos Aires
BMW,Serie 3 Sedán,2017,98000,41000.0,USD,Córdoba,Córdoba
Ford,Fiesta,2014,119342,14000000.0,ARS,La Plata,Buenos Aires
Citroën,C4 Lounge,2016,126400,14000000.0,ARS,Córdoba,Córdoba
Citroën,C4 Lounge,2016,126400,13500000.0,ARS,Córdoba,Córdoba
Volkswagen,Suran,2015,120000,12000000.0,ARS,Belgrano,Ciudad Autónoma Buenos Aires
Toyota,Hilux,2017,200000,36000000.0,ARS,Resistencia,Chaco
Peugeot,206,2012,471000,5500000.0,ARS,Campana,Buenos Aires
Suzuki,Samurai,1995,179000,18500.0,USD,Villa San Agustin,San Juan
Chery,Tiggo,2018,108000,19000000.0,ARS,Neuquén,Neuquén
BMW,Serie 1,2013,202000,16000000.0,ARS,San Francisco,Córdoba
Renault,Duster,2019,140000,22000000.0,ARS,Parana,Entre Ríos
Toyota,Etios Hatchback,2016,128000,11000.0,USD,Villa Devoto,Ciudad Autónoma Buenos Aires
FIAT,500X,2019,28200,22500.0,USD,Floresta,Ciudad Autónoma Buenos Aires
Iveco,Daily Chasis,2019,116900,38100.0,USD,Haedo,Buenos Aires (A.M.B.A.)
Citroën,C4 Lounge,2017,125500,14500000.0,ARS,Palermo,Ciudad Autónoma Buenos Aires
Peugeot,408,2016,100000,10500.0,USD,Villa Del Parque,Ciudad Autónoma Buenos Aires
FIAT,Cronos,2022,109200,20000000.0,ARS,Rio Segundo,Córdoba
Peugeot,208,2014,52000,14700000.0,ARS,Santa Fe,Santa Fe
Nissan,Tiida,2010,125000,9850.0,USD,Almagro,Ciudad Autónoma Buenos Aires
Ford,Fiesta One,2011,219000,5100.0,USD,Palermo,Ciudad Autónoma Buenos Aires
Volkswagen,up!,2018,180000,12000000.0,ARS,Mendoza,Mendoza
Ford,Falcon,1980,1000,4800000.0,ARS,Coronel Brandsen,Buenos Aires
Ford,Fiesta Kinetic,2017,50000,11000.0,USD,Quilmes,Buenos Aires (A.M.B.A.)
Peugeot,208,2021,15000,6000000.0,ARS,Caballito,Ciudad Autónoma Buenos Aires
Toyota,Corolla,2016,89000,16500.0,USD,Rosario,Santa Fe
Chevrolet,Sonic,2016,120000,10500.0,USD,Villa Ballester,Buenos Aires (A.M.B.A.)
Peugeot,2008,2021,38000,8000000.0,ARS,Caballito,Ciudad Autónoma Buenos Aires
Volkswagen,Saveiro,2006,150000,3500.0,USD,Tartagal,Salta
Ford,EcoSport,2021,50000,24000000.0,ARS,Córdoba,Córdoba
Chevrolet,Classic,2010,142000,6500.0,USD,José C. Paz,Buenos Aires (A.M.B.A.)
Volkswagen,up!,2016,78000,12000.0,USD,José C. Paz,Buenos Aires (A.M.B.A.)
Chevrolet,Onix Joy,2017,100000,14500000.0,ARS,Alta Gracia,Córdoba
Volkswagen,Gol Trend,2011,46000,10000.0,USD,Caballito,Ciudad Autónoma Buenos Aires
FIAT,Mobi,2018,140000,11900000.0,ARS,Villa Urquiza,Ciudad Autónoma Buenos Aires
Peugeot,208,2016,97700,14500000.0,ARS,San Francisco,Córdoba
Ford,Ranger,2017,172000,19900.0,USD,San Telmo,Ciudad Autónoma Buenos Aires
Toyota,Etios Sedán,2017,103000,15000000.0,ARS,Ituzaingo,Buenos Aires (A.M.B.A.)
Chevrolet,Classic,2015,110000,8000000.0,ARS,Santa Fe,Santa Fe
Citroën,C3,2015,125000,8200.0,USD,Rosario,Santa Fe
Citroën,C4 Lounge,2018,160000,15000000.0,ARS,Luján,Buenos Aires
Ford,Fiesta,2006,90000,3900000.0,ARS,Recoleta,Ciudad Autónoma Buenos Aires
Ika,Estanciera,1970,1100,17000000.0,ARS,La Falda,Córdoba
Chevrolet,Cruze,2022,69000,25500000.0,ARS,Maipu,Mendoza
Chevrolet,Cruze,2020,95000,16000.0,USD,Parana,Entre Ríos
Renault,Sandero RS,2017,109000,18200000.0,ARS,Parque Chacabuco,Ciudad Autónoma Buenos Aires
Renault,Twingo,2000,220000,4700000.0,ARS,Ferré,Buenos Aires
Volkswagen,Vento,2017,99500,18500.0,USD,Floresta,Ciudad Autónoma Buenos Aires
Renault,Kangoo,2023,55000,23000000.0,ARS,Córdoba,Córdoba
Toyota,Etios Sedán,2015,94000,11500.0,USD,Villa Ballester,Buenos Aires (A.M.B.A.)
Toyota,Corolla,2022,19800,42780000.0,ARS,General Rodriguez,Buenos Aires
Chevrolet,Sonic,2015,129000,14000000.0,ARS,Ciudad Evita,Buenos Aires (A.M.B.A.)
Peugeot,208,2017,91600,14000000.0,ARS,Córdoba,Córdoba
Volkswagen,Suran,2015,172000,10500.0,USD,Versalles,Ciudad Autónoma Buenos Aires
FIAT,600,1976,10000,4500000.0,ARS,Ciudad De San Martin,Mendoza
Renault,Logan,2017,134000,11500000.0,ARS,San Nicolás,Ciudad Autónoma Buenos Aires
Volkswagen,Taos,2021,83000,34000000.0,ARS,San Carlos de Bariloche,Río Negro
Ford,EcoSport,2018,118900,14500.0,USD,Paso Del Rey,Buenos Aires (A.M.B.A.)
Volkswagen,Amarok,2017,80000,33000.0,USD,Mar del Plata,Buenos Aires
KIA,Picanto,2007,216000,6500.0,USD,Rosario,Santa Fe
Dodge,Journey,2011,166000,9500.0,USD,Rincon De Milberg,Buenos Aires (A.M.B.A.)
Peugeot,308,2014,120000,13000.0,USD,Mendoza,Mendoza
Peugeot,408,2015,89653,13990000.0,ARS,Agronomía,Ciudad Autónoma Buenos Aires
Ford,EcoSport,2011,236000,9500.0,USD,Mar del Plata,Buenos Aires
Volkswagen,Gol,2007,120000,7000000.0,ARS,Bermejo,Mendoza
Mercedes,Clase SLK,1981,91000,15000000.0,ARS,Salta,Salta
FIAT,Toro,2016,153000,20500000.0,ARS,Yerba Buena - Marcos Paz,Tucumán
Toyota,Etios Hatchback,2018,79000,8000000.0,ARS,Presidencia Roque Saenz Pena,Chaco
Toyota,Hilux,2019,151000,44000000.0,ARS,Neuquén,Neuquén
Ford,Fiesta Kinetic,2016,103000,18200000.0,ARS,Córdoba,Córdoba
Ford,Focus Sedán,2015,200000,17000000.0,ARS,Vicente Lopez,Buenos Aires (A.M.B.A.)
FIAT,Fiorino,2010,5000,9500000.0,ARS,Mendiolaza,Córdoba
Volkswagen,New Beetle,2003,118000,7000.0,USD,La Plata,Buenos Aires
Ford,Ranger,2021,60000,42000000.0,ARS,Mendoza,Mendoza
Peugeot,208,2021,20500,5000000.0,ARS,Caballito,Ciudad Autónoma Buenos Aires
Peugeot,Partner,2013,130000,13455000.0,ARS,Villa Bosch,Buenos Aires (A.M.B.A.)
Ford,Territory,2025,8000,38500.0,USD,Córdoba,Córdoba
Volkswagen,Suran,2011,240000,10000000.0,ARS,La Granja,Córdoba
Peugeot,206,2008,288914,6000000.0,ARS,Ensenada,Buenos Aires
Toyota,Hilux,2016,240000,27900.0,USD,Pergamino,Buenos Aires
Volkswagen,Suran,2014,257000,11500000.0,ARS,Córdoba,Córdoba
FIAT,Punto,2014,79000,13490000.0,ARS,Posadas,Misiones
Ford,Ranger Raptor,2021,112880,44300.0,USD,Olivos,Buenos Aires (A.M.B.A.)
Peugeot,206,2008,124600,7500000.0,ARS,Villa Ballester,Buenos Aires (A.M.B.A.)
Volkswagen,Gol,2013,190000,9500000.0,ARS,Coronel Brandsen,Buenos Aires
FIAT,Punto,2010,105000,9500.0,USD,Hurlingham,Buenos Aires (A.M.B.A.)
Ford,Fiesta,2017,97000,17900000.0,ARS,Neuquén,Neuquén
Peugeot,208,2022,25800,7000000.0,ARS,Caballito,Ciudad Autónoma Buenos Aires
Volkswagen,Escarabajo,1980,70921,8000.0,USD,La Plata,Buenos Aires
Renault,Kangoo Express,2008,196000,9500000.0,ARS,Hurlingham,Buenos Aires (A.M.B.A.)
FIAT,Strada Adventure,2016,70000,16000.0,USD,Chajarí,Entre Ríos
Audi,A4,2018,120000,27500.0,USD,San Isidro,Buenos Aires (A.M.B.A.)
Volvo,S40,1991,177000,9000.0,USD,Boedo,Ciudad Autónoma Buenos Aires
Peugeot,206,2007,200000,6500000.0,ARS,Gualeguay,Entre Ríos
Porsche,911 Carrera,2018,85000,9500000.0,ARS,Córdoba,Córdoba
Chery,Tiggo,2015,188000,10000.0,USD,Villa Carlos Paz,Córdoba
Peugeot,208,2021,21200,6000000.0,ARS,Caballito,Ciudad Autónoma Buenos Aires
Peugeot,207 Compact,2013,84500,12000000.0,ARS,Córdoba,Córdoba
Peugeot,208,2019,49000,9500000.0,ARS,Caballito,Ciudad Autónoma Buenos Aires
Volkswagen,Gol Trend,2017,114000,10000.0,USD,Córdoba,Córdoba
Ford,EcoSport,2018,70000,20000000.0,ARS,Bahía Blanca,Buenos Aires
FIAT,Linea,2012,103000,14000000.0,ARS,Córdoba,Córdoba
Porsche,Cayenne,2013,95786,60000.0,USD,Moron,Buenos Aires (A.M.B.A.)
Chevrolet,Cruze,2016,133000,18000000.0,ARS,Pilar,Buenos Aires (A.M.B.A.)
FIAT,Palio,2017,105000,15500000.0,ARS,Neuquén,Neuquén
FIAT,Siena,2009,76000,7000.0,USD,Lujan de Cuyo,Mendoza
FIAT,Toro,2018,101000,23000.0,USD,Escobar,Buenos Aires (A.M.B.A.)
FIAT,Cronos,2022,85000,21000000.0,ARS,Córdoba,Córdoba
Renault,Trafic,1999,186000,8500000.0,ARS,Caseros,Buenos Aires (A.M.B.A.)
Volkswagen,CC,2015,220000,13500.0,USD,Nuñez,Ciudad Autónoma Buenos Aires
Renault,Sandero,2021,21500,20000000.0,ARS,Palermo,Ciudad Autónoma Buenos Aires
Chevrolet,Meriva,2012,240000,10500000.0,ARS,Quilmes,Buenos Aires (A.M.B.A.)
Honda,HR-V,2018,74000,24000.0,USD,Martinez,Buenos Aires (A.M.B.A.)
Chevrolet,Tracker,2020,68000,21000.0,USD,La Paternal,Ciudad Autónoma Buenos Aires
Volkswagen,up!,2017,126000,13000.0,USD,Munro,Buenos Aires (A.M.B.A.)
Mercedes,Sprinter,2010,470000,24300.0,USD,Ituzaingo,Buenos Aires (A.M.B.A.)
Volkswagen,Suran,2015,68000,16000000.0,ARS,San Carlos de Bariloche,Río Negro
Volkswagen,Amarok,2015,205000,20000000.0,ARS,Gregorio de Laferrere,Buenos Aires (A.M.B.A.)
Hyundai,Genesis Coupé,2011,133000,23000.0,USD,Apostoles,Misiones
Ford,Bronco Sport,2021,82000,42000000.0,ARS,Córdoba,Córdoba
Ford,Fiesta Kinetic,2017,96000,15000000.0,ARS,Córdoba,Córdoba
Ford,Focus,2018,120000,17200.0,USD,Paso Del Rey,Buenos Aires (A.M.B.A.)
Ford,Ranger,2007,275000,16500000.0,ARS,Comodoro Rivadavia,Chubut
FIAT,Idea,2013,145000,10000000.0,ARS,Villa Devoto,Ciudad Autónoma Buenos Aires
Volkswagen,Senda,1993,64000,6000.0,USD,Isidro Casanova,Buenos Aires (A.M.B.A.)
Volkswagen,CrossFox,2007,173000,8500000.0,ARS,Villa Alsina,Buenos Aires
Ford,Ka,2020,142000,15450000.0,ARS,Villa Devoto,Ciudad Autónoma Buenos Aires
Nissan,Tiida,2013,205000,10000000.0,ARS,Yerba Buena - Marcos Paz,Tucumán
BMW,Serie 3 Sedán,2005,200000,8900.0,USD,Moron,Buenos Aires (A.M.B.A.)
KIA,Sportage,2012,330000,15000.0,USD,Palermo,Ciudad Autónoma Buenos Aires
Peugeot,308,2019,110000,15200.0,USD,Monte Castro,Ciudad Autónoma Buenos Aires
FIAT,Idea,2015,118000,8500.0,USD,Rosario,Santa Fe
Toyota,Etios Sedán,2017,39900,15000.0,USD,Florencio Varela,Buenos Aires (A.M.B.A.)
FIAT,Uno,1994,260000,7000000.0,ARS,Florencio Varela,Buenos Aires (A.M.B.A.)
Chevrolet,Trailblazer,2019,95000,35000.0,USD,Rodeo De La Cruz,Mendoza
Peugeot,208,2021,32500,7000000.0,ARS,Caballito,Ciudad Autónoma Buenos Aires
Volkswagen,Gol Country,2011,255000,6000000.0,ARS,Saavedra,Ciudad Autónoma Buenos Aires
Volkswagen,Taos,2022,55000,31000.0,USD,El Talar,Buenos Aires (A.M.B.A.)
Ford,EcoSport,2015,77800,15500000.0,ARS,Mataderos,Ciudad Autónoma Buenos Aires
FIAT,Toro,2021,120000,23500000.0,ARS,Canning,Buenos Aires (A.M.B.A.)
FIAT,Palio,2017,65300,14500000.0,ARS,Recoleta,Ciudad Autónoma Buenos Aires
Ford,Maverick,2025,100,35000.0,USD,Yerba Buena - Marcos Paz,Tucumán
Chevrolet,Onix,2015,157000,13000000.0,ARS,Temperley,Buenos Aires (A.M.B.A.)
FIAT,Palio,2015,95000,12990000.0,ARS,Posadas,Misiones
Ford,Bronco Sport,2021,70000,39800000.0,ARS,La Tablada,Buenos Aires (A.M.B.A.)
Peugeot,208,2017,60000,15000000.0,ARS,Córdoba,Córdoba
Peugeot,308,2016,96000,18000000.0,ARS,Ituzaingo,Buenos Aires (A.M.B.A.)
Chevrolet,Cruze 5,2017,125000,18000000.0,ARS,Malvinas Argentinas,Buenos Aires (A.M.B.A.)
Peugeot,208,2014,122500,10500000.0,ARS,La Plata,Buenos Aires
FIAT,Strada Working,2018,186000,16000000.0,ARS,Aristóbulo del Valle,Misiones
Chevrolet,Captiva,2013,160000,13700.0,USD,Villa Lugano,Ciudad Autónoma Buenos Aires
Ford,EcoSport,2018,43000,18750.0,USD,Tapiales,Buenos Aires (A.M.B.A.)
Citroën,C4 Lounge,2017,151800,12000.0,USD,El Zanjon,Santiago del Estero
Peugeot,208,2022,19000,8000000.0,ARS,Caballito,Ciudad Autónoma Buenos Aires
Daihatsu,Delta Furgon,1981,219000,11000.0,USD,Córdoba,Córdoba
Volkswagen,Polo,2016,154000,11000.0,USD,Haedo,Buenos Aires (A.M.B.A.)
Volkswagen,Vento,2021,57000,38900000.0,ARS,Córdoba,Córdoba
FIAT,Siena,2015,191000,11000000.0,ARS,Flores,Ciudad Autónoma Buenos Aires
Volkswagen,Tiguan,2018,180000,23800.0,USD,Moron,Buenos Aires (A.M.B.A.)
Renault,Kangoo Express,2019,93000,21300000.0,ARS,Godoy Cruz,Mendoza
Ford,Ranger,2018,15000,30000.0,USD,Parque Patricios,Ciudad Autónoma Buenos Aires
Ford,Ka,2016,85000,11000.0,USD,Berazategui,Buenos Aires (A.M.B.A.)
Peugeot,208,2018,139000,15000.0,USD,Gualeguaychú,Entre Ríos
Chevrolet,Agile,2016,38000,14000000.0,ARS,Guaymallén,Mendoza
Ford,EcoSport,2018,140000,20000000.0,ARS,Villa Giardino,Córdoba
Mercedes,Sprinter,2011,430000,40000.0,USD,Moron,Buenos Aires (A.M.B.A.)
Hyundai,Creta,2016,98000,20000.0,USD,Mataderos,Ciudad Autónoma Buenos Aires
Peugeot,208,2022,80000,23500000.0,ARS,Avellaneda,Buenos Aires (A.M.B.A.)
Ford,Falcon,1985,250000,6000000.0,ARS,Córdoba,Córdoba
Peugeot,208,2022,18000,7000000.0,ARS,Balvanera,Ciudad Autónoma Buenos Aires
Ford,Fiesta,1997,120000,1600000.0,ARS,Mar del Plata,Buenos Aires
Volkswagen,Nivus,2021,74000,31990000.0,ARS,Posadas,Misiones
FIAT,Cronos,2023,39400,21300000.0,ARS,Wilde,Buenos Aires (A.M.B.A.)
Citroën,C4 Lounge,2016,150000,15500000.0,ARS,San Fernando,Buenos Aires (A.M.B.A.)
Dodge,Journey,2010,200000,13000000.0,ARS,Esperanza,Misiones
Chevrolet,Spin,2019,106000,15000.0,USD,Neuquén,Neuquén
FIAT,Palio,2014,150000,9300000.0,ARS,Resistencia,Chaco
Chevrolet,Onix Joy,2018,145000,15500000.0,ARS,Llavallol,Buenos Aires (A.M.B.A.)
Honda,CR-V,2016,140000,26000000.0,ARS,Villa Maria,Córdoba
Volkswagen,Gol,2013,80333,9800000.0,ARS,Las Heras,Mendoza
Volkswagen,up!,2017,91000,12500000.0,ARS,Córdoba,Córdoba
Citroën,C4 Lounge,2018,125600,14500000.0,ARS,Recoleta,Ciudad Autónoma Buenos Aires
Volkswagen,Suran,2017,176313,10000.0,USD,Campana,Buenos Aires
Peugeot,207,2011,152000,10500.0,USD,La Plata,Buenos Aires
Volkswagen,Voyage,2012,170000,13500000.0,ARS,Lujan de Cuyo,Mendoza
FIAT,Cronos,2023,53000,17000.0,USD,Villa Devoto,Ciudad Autónoma Buenos Aires
Citroën,C4 Lounge,2014,86000,16000.0,USD,Salta,Salta
Peugeot,408,2014,30300,12000.0,USD,Villa Devoto,Ciudad Autónoma Buenos Aires
Peugeot,208,2021,31300,6500000.0,ARS,Caballito,Ciudad Autónoma Buenos Aires
Geely,515 Sedán,2017,24100,12000000.0,ARS,La Rioja,La Rioja
Ford,Ka,2013,114000,8500.0,USD,San Miguel,Buenos Aires (A.M.B.A.)
Peugeot,208,2022,39000,15000000.0,ARS,Caballito,Ciudad Autónoma Buenos Aires
Citroën,Berlingo Furgón,2018,160000,13500000.0,ARS,San Miguel de Tucumán,Tucumán
BMW,Serie 3 Sedán,2010,119600,15900.0,USD,Godoy Cruz,Mendoza
Peugeot,208,2018,73000,15100000.0,ARS,Rosario,Santa Fe
Ford,EcoSport,2016,113000,11200.0,USD,San Andres,Buenos Aires (A.M.B.A.)
Renault,Captur,2017,90000,19900000.0,ARS,La Plata,Buenos Aires
Peugeot,208,2022,23200,6500000.0,ARS,Caballito,Ciudad Autónoma Buenos Aires
Mercedes,Vito,2016,350000,25000000.0,ARS,San Nicolás de los Arroyos,Buenos Aires
Renault,Sandero,2014,112000,11750000.0,ARS,Córdoba,Córdoba
Volkswagen,Fox,2017,97000,12500000.0,ARS,La Plata,Buenos Aires
Volkswagen,Suran,2017,71000,11500.0,USD,Villa Martelli,Buenos Aires (A.M.B.A.)
Hyundai,Santa Fe,2008,234000,11300.0,USD,Adrogue,Buenos Aires (A.M.B.A.)
Lifan,X50,2016,109000,8500.0,USD,Villa Urquiza,Ciudad Autónoma Buenos Aires
BMW,X4,2015,88000,37000.0,USD,Vicente Lopez,Buenos Aires (A.M.B.A.)
Peugeot,208,2022,19800,7000000.0,ARS,Caballito,Ciudad Autónoma Buenos Aires
Renault,Sandero Stepway,2017,140000,15000000.0,ARS,La Plata,Buenos Aires
Volkswagen,Amarok,2016,135000,35000000.0,ARS,Malagueño,Córdoba
Peugeot,208,2020,48000,5500000.0,ARS,Balvanera,Ciudad Autónoma Buenos Aires
Ford,Fiesta Kinetic,2012,163000,12500000.0,ARS,Lujan de Cuyo,Mendoza
Peugeot,207 Compact,2010,112000,9500.0,USD,Hurlingham,Buenos Aires (A.M.B.A.)
Jeep,Renegade,2017,36500,17000.0,USD,Posadas,Misiones
Chevrolet,Onix,2024,6500,25000000.0,ARS,Villa Ballester,Buenos Aires (A.M.B.A.)
Audi,A3 Sportback,2010,64000,18000.0,USD,Victoria,Entre Ríos
Citroën,Xsara Picasso,2011,249800,6000.0,USD,Vicente Lopez,Buenos Aires (A.M.B.A.)
Renault,Clio,2011,155000,9000000.0,ARS,Córdoba,Córdoba
Ford,Fiesta Max,2007,251000,7500000.0,ARS,La Plata,Buenos Aires
Suzuki,Swift,1993,300000,950000.0,ARS,Villa Urquiza,Ciudad Autónoma Buenos Aires
Ford,Ranger,2016,133400,32900000.0,ARS,Córdoba,Córdoba
Citroën,C4 Picasso,2012,182000,12000000.0,ARS,Alta Gracia,Córdoba
Volkswagen,up!,2019,139000,13000.0,USD,San Nicolás,Ciudad Autónoma Buenos Aires
Chevrolet,Corsa Classic,2008,170000,4000.0,USD,La Plata,Buenos Aires
Ford,EcoSport,2019,63000,21000000.0,ARS,Almagro,Ciudad Autónoma Buenos Aires
FIAT,1600,1970,86000,4500.0,USD,Pila,Buenos Aires
Renault,Duster,2012,180000,13500000.0,ARS,Córdoba,Córdoba
Chevrolet,Classic,2015,107000,10300000.0,ARS,Carrodilla,Mendoza
Ford,Focus Exe,2012,159000,12500000.0,ARS,San Cristóbal,Ciudad Autónoma Buenos Aires
Peugeot,Partner,2021,63000,9000000.0,ARS,Caballito,Ciudad Autónoma Buenos Aires
Renault,Clio,2015,139000,13500000.0,ARS,Salta,Salta
Volkswagen,Suran,2019,74000,16000000.0,ARS,Flores,Ciudad Autónoma Buenos Aires
BMW,X6,2013,114000,31500.0,USD,La Plata,Buenos Aires
Honda,HR-V,2018,59000,25000.0,USD,Martinez,Buenos Aires (A.M.B.A.)
Ford,Fiesta,2007,156215,8500000.0,ARS,Remedios de Escalada,Buenos Aires (A.M.B.A.)
Chevrolet,Corsa Classic,2008,173000,5500.0,USD,Villa Crespo,Ciudad Autónoma Buenos Aires
Chevrolet,Prisma,2018,46000,13500.0,USD,Lanus,Buenos Aires (A.M.B.A.)
Mercedes,Clase C Sedán,2011,213000,20000000.0,ARS,Alpachiri,La Pampa
FIAT,Palio,2017,95000,13500000.0,ARS,La Tablada,Buenos Aires (A.M.B.A.)
Ford,Kuga,2011,87100,13000.0,USD,Escobar,Buenos Aires (A.M.B.A.)
Jeep,Patriot,2014,179000,13000.0,USD,Haedo,Buenos Aires (A.M.B.A.)
Honda,Fit,2011,118500,12000.0,USD,Floresta,Ciudad Autónoma Buenos Aires
smart,Fortwo,2012,58000,10500.0,USD,Flores,Ciudad Autónoma Buenos Aires
FIAT,Cronos,2022,50000,20000000.0,ARS,San Luis,San Luis
Volkswagen,Suran,2016,110000,17500000.0,ARS,La Plata,Buenos Aires
Volkswagen,Suran,2010,172000,10500000.0,ARS,La Plata,Buenos Aires
Renault,Sandero,2012,194000,11500000.0,ARS,Colonia Tirolesa,Córdoba
FIAT,Siena,2015,180000,14000000.0,ARS,Córdoba,Córdoba
Peugeot,408,2017,109000,14000000.0,ARS,Franck,Santa Fe
Ford,Fiesta Kinetic,2014,62900,11500.0,USD,Versalles,Ciudad Autónoma Buenos Aires
Volkswagen,Gol Trend,2013,71200,8100.0,USD,Gonzalez Catán,Buenos Aires (A.M.B.A.)
Nissan,Frontier,2006,312000,13000000.0,ARS,Guaymallén,Mendoza
Peugeot,3008 SUV,2012,150000,11000000.0,ARS,Córdoba,Córdoba
Peugeot,208,2020,41000,6000000.0,ARS,Balvanera,Ciudad Autónoma Buenos Aires
Peugeot,2008,2018,90000,19900000.0,ARS,La Plata,Buenos Aires
Jeep,Compass,2023,68900,35500.0,USD,La Plata,Buenos Aires
Peugeot,208,2020,34000,22000.0,USD,Avellaneda,Buenos Aires (A.M.B.A.)
Ford,Focus,2008,200000,7800000.0,ARS,Bermejo,Mendoza
Hyundai,Tucson,2016,125000,22800.0,USD,Córdoba,Córdoba
Renault,Sandero,2012,119100,10800000.0,ARS,Rosario,Santa Fe
Jeep,Renegade,2023,24000,27000000.0,ARS,San Nicolás de los Arroyos,Buenos Aires
Ford,Ranger,2005,306000,10000.0,USD,Villa Carlos Paz,Córdoba
Nissan,Sentra,2017,120000,18500000.0,ARS,La Plata,Buenos Aires
Renault,Logan,2013,130000,10800000.0,ARS,Campana,Buenos Aires
Peugeot,207 Compact,2012,160000,9600000.0,ARS,Pilar,Buenos Aires (A.M.B.A.)
Volkswagen,Gol Trend,2012,140000,14000000.0,ARS,San Nicolás de los Arroyos,Buenos Aires
Citroën,C4,2018,122000,16500000.0,ARS,San Francisco,Córdoba
Citroën,C3 Picasso,2012,160000,7500.0,USD,Villa Ballester,Buenos Aires (A.M.B.A.)
Ford,Ka,2018,111000,16500000.0,ARS,Neuquén,Neuquén
Peugeot,208,2018,92000,18600000.0,ARS,San Miguel de Tucumán,Tucumán
Volkswagen,Gol Trend,2015,92000,13500000.0,ARS,Villa Urquiza,Ciudad Autónoma Buenos Aires
Chevrolet,Corsa Classic,2010,76500,8900.0,USD,Boedo,Ciudad Autónoma Buenos Aires
Peugeot,208,2022,27500,7000000.0,ARS,Caballito,Ciudad Autónoma Buenos Aires
Volkswagen,Vento,2019,59500,29500000.0,ARS,Mar del Plata,Buenos Aires
Volkswagen,Amarok,2020,157000,34000.0,USD,Mendoza,Mendoza
Citroën,C4 Lounge,2016,109000,15000000.0,ARS,Leandro N. Alem,Misiones
Volkswagen,Amarok,2023,29000,35000000.0,ARS,Campana,Buenos Aires
Chevrolet,Tracker,2015,118000,12000.0,USD,Olivos,Buenos Aires (A.M.B.A.)
Chevrolet,Corsa,2007,223500,7500000.0,ARS,Santa Rosa,La Pampa
Chevrolet,Meriva,2011,145000,8900000.0,ARS,Santa Fe,Santa Fe
Chevrolet,Cruze,2019,78000,20000.0,USD,1a. Seccion,Mendoza
Toyota,Corolla,2017,75000,22500000.0,ARS,Rosario,Santa Fe
Peugeot,308,2019,53000,22500000.0,ARS,Córdoba,Córdoba
Renault,Kwid,2018,117000,12000000.0,ARS,Moreno,Buenos Aires (A.M.B.A.)
Peugeot,208,2014,153000,10000.0,USD,San Vicente,Buenos Aires
FIAT,Fastback,2025,1,14000000.0,ARS,Pilar,Buenos Aires (A.M.B.A.)
Ford,Ranger,2021,130000,41900000.0,ARS,La Plata,Buenos Aires
FIAT,Cronos,2025,21,2700000.0,ARS,Tigre,Buenos Aires (A.M.B.A.)
Volkswagen,Gol Trend,2020,54500,16499000.0,ARS,Villa Urquiza,Ciudad Autónoma Buenos Aires
FIAT,Punto,2010,156000,10500000.0,ARS,Cipolletti,Río Negro
Hyundai,Genesis Coupé,2012,61000,27500.0,USD,Pilar,Buenos Aires (A.M.B.A.)
FIAT,Cronos,2025,100,27600000.0,ARS,San Telmo,Ciudad Autónoma Buenos Aires
FIAT,Argo,2025,1,7140000.0,ARS,Pilar,Buenos Aires (A.M.B.A.)
Volkswagen,Suran,2011,185000,8490.0,USD,Bella Vista,Buenos Aires (A.M.B.A.)
Peugeot,208,2024,9500,35000000.0,ARS,Caballito,Ciudad Autónoma Buenos Aires
Toyota,Hilux,2015,270000,25000000.0,ARS,Laborde,Córdoba
FIAT,Cronos,2023,96000,17500000.0,ARS,San Martin,Buenos Aires (A.M.B.A.)
Chevrolet,Corsa,2000,248,4000000.0,ARS,La Plata,Buenos Aires
Ford,Kuga,2010,282000,13000.0,USD,Mar del Plata,Buenos Aires
Peugeot,208,2023,9800,7500000.0,ARS,Caballito,Ciudad Autónoma Buenos Aires
Peugeot,504,1981,100779,3500000.0,ARS,Caucete,San Juan
Citroën,Jumpy,2023,950000,32000000.0,ARS,Barrio Santa Isabel,Córdoba
Chevrolet,Onix,2020,70000,15000.0,USD,Villa Ballester,Buenos Aires (A.M.B.A.)
Ford,Focus,2008,230000,7100000.0,ARS,Avellaneda,Buenos Aires (A.M.B.A.)
Chevrolet,Onix,2016,100000,14200000.0,ARS,Lujan de Cuyo,Mendoza
Volkswagen,Amarok,2022,19000,46000000.0,ARS,Concepción Del Uruguay,Entre Ríos
Renault,Clio,2009,218000,6300.0,USD,Liniers,Ciudad Autónoma Buenos Aires
Ford,Focus Sedán,2014,160000,16000000.0,ARS,Tres Arroyos,Buenos Aires
Ford,EcoSport,2017,112000,12000.0,USD,Villa Crespo,Ciudad Autónoma Buenos Aires
Jeep,Renegade,2022,63000,29000000.0,ARS,Unquillo,Córdoba
Peugeot,208,2022,17000,17000000.0,ARS,Caballito,Ciudad Autónoma Buenos Aires
Peugeot,207 Compact,2014,60000,9500.0,USD,Coronel Brandsen,Buenos Aires
Renault,Torino,1974,10000,10000.0,USD,Pavón,Santa Fe
Renault,Duster,2018,65000,20000000.0,ARS,Neuquén,Neuquén
Renault,Sandero,2024,17000,17000.0,USD,Villa Ballester,Buenos Aires (A.M.B.A.)
Nissan,Frontier,2022,52000,49000000.0,ARS,Cañuelas,Buenos Aires
Ford,Focus,2017,96000,16500.0,USD,La Plata,Buenos Aires
Chevrolet,Corsa Classic,2015,106000,11000000.0,ARS,Rosario,Santa Fe
Volkswagen,Suran,2015,78000,14900000.0,ARS,Paternal,Ciudad Autónoma Buenos Aires
Toyota,Etios Sedán,2018,72000,19000000.0,ARS,Villa Ortuzar,Ciudad Autónoma Buenos Aires
Chevrolet,Classic,2013,71000,8000.0,USD,Mar del Plata,Buenos Aires
Chevrolet,Captiva,2017,149000,17000.0,USD,Pilar,Buenos Aires (A.M.B.A.)
Peugeot,208,2023,17000,17200.0,USD,Recoleta,Ciudad Autónoma Buenos Aires
FIAT,Cronos,2025,21,5550000.0,ARS,Córdoba,Córdoba
Renault,Duster,2014,200000,16500000.0,ARS,Lujan de Cuyo,Mendoza
Peugeot,208,2020,34000,10000000.0,ARS,Palermo,Ciudad Autónoma Buenos Aires
FIAT,Pulse,2025,1,8999999.0,ARS,Garin,Buenos Aires (A.M.B.A.)
Renault,Kangoo Express,2016,132000,12000000.0,ARS,Cipolletti,Río Negro
Nissan,Frontier,2020,127000,31000000.0,ARS,Rosario,Santa Fe
FIAT,Argo,2018,54000,18500000.0,ARS,Carlos Pellegrini,Santa Fe
Citroën,C3,2018,56000,12900.0,USD,Villa Urquiza,Ciudad Autónoma Buenos Aires
Volkswagen,Vento,2014,174000,17000000.0,ARS,Caballito,Ciudad Autónoma Buenos Aires
Volkswagen,Gol Trend,2015,135000,13500000.0,ARS,Colonia Aurora,Misiones
Toyota,Corolla,2016,114000,17500.0,USD,Córdoba,Córdoba
Volkswagen,Suran,2007,220000,7500000.0,ARS,Godoy Cruz,Mendoza
FIAT,Cronos,2025,21,5525000.0,ARS,Malvinas Argentinas,Buenos Aires (A.M.B.A.)
Volkswagen,Vento,2016,58000,19900.0,USD,Venado Tuerto,Santa Fe
Peugeot,207 Compact,2011,163500,7000.0,USD,Mataderos,Ciudad Autónoma Buenos Aires
Honda,HR-V,2017,120000,25000000.0,ARS,Belgrano,Ciudad Autónoma Buenos Aires
Chevrolet,Classic,2016,114000,11900000.0,ARS,Ciudad Jardín Lomas del Palomar,Buenos Aires (A.M.B.A.)
Honda,HR-V,2017,80000,19800.0,USD,San Andres,Buenos Aires (A.M.B.A.)
Peugeot,208,2022,44753,24500000.0,ARS,Maipu,Mendoza
Chevrolet,Spin,2017,46000,20000000.0,ARS,Allen,Río Negro
Renault,Mégane,1999,187000,5900.0,USD,La Plata,Buenos Aires
Ford,Focus Sedán,2016,201,11000.0,USD,Villa Urquiza,Ciudad Autónoma Buenos Aires
Honda,HR-V,2019,100000,22500.0,USD,Francisco Alvarez,Buenos Aires (A.M.B.A.)
KIA,Carnival,2017,52000,38000.0,USD,Belgrano,Ciudad Autónoma Buenos Aires
FIAT,Toro,2020,103000,18900.0,USD,Villa Urquiza,Ciudad Autónoma Buenos Aires
Volkswagen,Gol,2017,65000,15800000.0,ARS,Santa Fe,Santa Fe
Renault,Kangoo,2017,230000,14490000.0,ARS,Rosario,Santa Fe
Volkswagen,Golf,2016,110000,21500.0,USD,Escobar,Buenos Aires (A.M.B.A.)
Volkswagen,Amarok,2014,236000,22000000.0,ARS,Córdoba,Córdoba
Ford,Ranger,2009,100000,16500000.0,ARS,1a. Seccion,Mendoza
BMW,Serie 3 Sedán,2014,190000,23000.0,USD,Godoy Cruz,Mendoza
Renault,Duster Oroch,2017,95000,15000.0,USD,Monte Grande,Buenos Aires (A.M.B.A.)
FIAT,Toro,2017,77700,26900000.0,ARS,Córdoba,Córdoba
Ford,Ranger,2018,80000,27000000.0,ARS,Grünbein,Buenos Aires
Renault,Captur,2019,83000,21500000.0,ARS,Coghlan,Ciudad Autónoma Buenos Aires
Toyota,Corolla Hybrid,2022,60000,35000000.0,ARS,Palermo,Ciudad Autónoma Buenos Aires
Peugeot,2008,2023,15000,29500000.0,ARS,Rosario,Santa Fe
KIA,Sorento,2013,340000,12900.0,USD,Boedo,Ciudad Autónoma Buenos Aires
Ford,Ranger,2015,18600,20500.0,USD,Hurlingham,Buenos Aires (A.M.B.A.)
Peugeot,208,2022,22000,7000000.0,ARS,Caballito,Ciudad Autónoma Buenos Aires
Toyota,Yaris,2022,28000,32000000.0,ARS,Cipolletti,Río Negro
FIAT,Mobi,2017,83000,15000000.0,ARS,Córdoba,Córdoba
Ford,Fiesta Kinetic,2018,38000,20500000.0,ARS,Floresta,Ciudad Autónoma Buenos Aires
Peugeot,207 Compact,2012,106000,11800000.0,ARS,Necochea,Buenos Aires
Renault,Duster,2012,259824,12500000.0,ARS,Córdoba,Córdoba
FIAT,Pulse,2025,1,8999000.0,ARS,José C. Paz,Buenos Aires (A.M.B.A.)
Renault,Clio,2010,210000,8500000.0,ARS,Godoy Cruz,Mendoza
Chevrolet,Tracker,2015,180000,11000.0,USD,José C. Paz,Buenos Aires (A.M.B.A.)
Hyundai,Tucson,2013,150000,14000000.0,ARS,Neuquén,Neuquén
Honda,Civic,2005,250000,8500000.0,ARS,Parque Patricios,Ciudad Autónoma Buenos Aires
FIAT,Pulse,2025,10000,30000000.0,ARS,Neuquén,Neuquén
Peugeot,308,2018,114000,17000000.0,ARS,Resistencia,Chaco
Hyundai,Genesis Coupé,2013,184000,32000.0,USD,Villa Devoto,Ciudad Autónoma Buenos Aires
Ford,Ranger,2022,100000,38500000.0,ARS,Neuquén,Neuquén
Chery,Tiggo,2015,124000,9500.0,USD,Boulogne Sur Mer,Buenos Aires (A.M.B.A.)
Volkswagen,Suran,2015,152000,14000000.0,ARS,Banfield,Buenos Aires (A.M.B.A.)
Ford,Focus Sedán,2017,110131,17000000.0,ARS,Villa Raffo,Buenos Aires (A.M.B.A.)
Peugeot,Partner Patagónica,2014,202000,12000000.0,ARS,San Martin de los Andes,Neuquén
Volkswagen,Saveiro,2018,159000,17500000.0,ARS,Córdoba,Córdoba
Ford,Kuga,2011,126500,13000.0,USD,Villa Urquiza,Ciudad Autónoma Buenos Aires
Toyota,SW4,2021,75000,44000.0,USD,Rosario,Santa Fe
Renault,Kangoo,2012,400000,7500.0,USD,Floresta,Ciudad Autónoma Buenos Aires
FIAT,Cronos,2025,21,5700000.0,ARS,General Pacheco,Buenos Aires (A.M.B.A.)
Ford,Kuga,2016,211000,16900.0,USD,Mataderos,Ciudad Autónoma Buenos Aires
FIAT,Cronos,2025,21,6000000.0,ARS,José C. Paz,Buenos Aires (A.M.B.A.)
Citroën,C4 Picasso,2014,88016,12900000.0,ARS,Flores,Ciudad Autónoma Buenos Aires
Citroën,C3,2018,105000,16000000.0,ARS,Santo Tome,Santa Fe
Chevrolet,Celta,2013,165000,10500000.0,ARS,Godoy Cruz,Mendoza
Ford,Focus,2014,170000,13300000.0,ARS,Córdoba,Córdoba
Ford,Fiesta Kinetic,2011,174000,11250000.0,ARS,Villa Madero,Buenos Aires (A.M.B.A.)
Hyundai,HD 72,2015,117000,37000000.0,ARS,Concepción Del Uruguay,Entre Ríos
Citroën,C4 Lounge,2018,71500,19800000.0,ARS,La Paternal,Ciudad Autónoma Buenos Aires
Ford,Ka,2018,130000,15000000.0,ARS,Palermo,Ciudad Autónoma Buenos Aires
Ford,Fiesta,2011,69000,8000000.0,ARS,Rosario,Santa Fe
Audi,Q3,2013,130000,19001.0,USD,La Plata,Buenos Aires
Chevrolet,S 10,2017,114500,35690000.0,ARS,Córdoba,Córdoba
Volkswagen,Amarok,2017,230000,20500.0,USD,Córdoba,Córdoba
FIAT,Siena,2015,315000,12600000.0,ARS,Rosario,Santa Fe
Chevrolet,Onix,2019,59000,16500000.0,ARS,Belgrano,Ciudad Autónoma Buenos Aires
Chevrolet,Cruze,2017,133000,19000000.0,ARS,Nuñez,Ciudad Autónoma Buenos Aires
Peugeot,207 Compact,2012,151000,10300000.0,ARS,La Plata,Buenos Aires
Nissan,Sentra,2011,159300,8500000.0,ARS,Córdoba,Córdoba
FIAT,Cronos,2025,21,5590999.0,ARS,San Martin,Buenos Aires (A.M.B.A.)
Chevrolet,Cruze 5,2018,130000,21000000.0,ARS,Velez Sarsfield,Ciudad Autónoma Buenos Aires
Nissan,Sentra,2021,69000,24500.0,USD,Boedo,Ciudad Autónoma Buenos Aires
Volkswagen,Vento,2017,94500,24500000.0,ARS,Parana,Entre Ríos
Ford,Fiesta,2004,185000,6500000.0,ARS,Corrientes,Corrientes
Volkswagen,up!,2016,128500,13500000.0,ARS,Santa Fe,Santa Fe
Chevrolet,Sonic Sedán,2014,180000,7900.0,USD,Saavedra,Ciudad Autónoma Buenos Aires
Peugeot,308,2017,73000,16000000.0,ARS,Villa Ballester,Buenos Aires (A.M.B.A.)
Volkswagen,Amarok,2015,150000,27000000.0,ARS,Santa Fe,Santa Fe
KIA,Sorento,2008,209000,8000.0,USD,Colegiales,Ciudad Autónoma Buenos Aires
Chevrolet,Agile,2012,132000,8500000.0,ARS,Villa Gobernador Galvez,Santa Fe
Nissan,March,2018,100000,14800.0,USD,Vicente Lopez,Buenos Aires (A.M.B.A.)
Citroën,Xsara Picasso,2011,86005,9000000.0,ARS,Flores,Ciudad Autónoma Buenos Aires
Renault,Duster,2017,160000,17500000.0,ARS,Ensenada,Buenos Aires
Toyota,Corolla,2015,131000,15400.0,USD,Bernal,Buenos Aires (A.M.B.A.)
Volkswagen,Gol,2012,130000,9000000.0,ARS,Bernal,Buenos Aires (A.M.B.A.)
Volkswagen,Suran,2018,79338,16500000.0,ARS,Yerba Buena - Marcos Paz,Tucumán
Renault,Sandero,2018,52000,16500000.0,ARS,Bernal,Buenos Aires (A.M.B.A.)
Ford,EcoSport,2006,200000,6500.0,USD,Monte Grande,Buenos Aires (A.M.B.A.)
Toyota,Hilux,2011,263000,27000000.0,ARS,Colonia Aurora,Misiones
FIAT,Grand Siena,2013,400000,9000000.0,ARS,Castelar,Buenos Aires (A.M.B.A.)
FIAT,Strada Working,2017,106000,13900000.0,ARS,Yerba Buena - Marcos Paz,Tucumán
Citroën,C4 Cactus,2021,72000,18000.0,USD,Mar del Plata,Buenos Aires
Volkswagen,Gol Trend,2021,28000,20500000.0,ARS,La Plata,Buenos Aires
Toyota,Etios Sedán,2017,89000,17000000.0,ARS,General Lagos,Santa Fe
Chevrolet,Captiva,2008,197000,11000000.0,ARS,Nueva Pompeya,Ciudad Autónoma Buenos Aires
Volkswagen,Gol,2007,250000,4500000.0,ARS,Pilar,Buenos Aires (A.M.B.A.)
FIAT,Uno Fire,2011,130000,8000000.0,ARS,Mar del Plata,Buenos Aires
Peugeot,408,2016,118000,14000000.0,ARS,Monte Castro,Ciudad Autónoma Buenos Aires
Hyundai,Coupé,2007,105000,16000000.0,ARS,Florida,Buenos Aires (A.M.B.A.)
Ford,Ka,2011,147000,7500000.0,ARS,Saavedra,Ciudad Autónoma Buenos Aires
Audi,A4,2013,175000,19000.0,USD,Córdoba,Córdoba
Toyota,Corolla,2015,149800,19500000.0,ARS,Yerba Buena - Marcos Paz,Tucumán
Hyundai,i10,2013,120000,10500000.0,ARS,Luján,Buenos Aires
FIAT,Palio,2014,82000,11700000.0,ARS,Banfield,Buenos Aires (A.M.B.A.)
Peugeot,206,2009,175000,7500000.0,ARS,Berazategui,Buenos Aires (A.M.B.A.)
Geely,Emgrand X7 Sport,2018,85000,15000.0,USD,Santa Fe,Santa Fe
FIAT,Siena,2014,101000,12000000.0,ARS,Córdoba,Córdoba
Chevrolet,Cruze,2018,90000,23000000.0,ARS,General Roca,Río Negro
Peugeot,307,2007,254000,8300000.0,ARS,Maipu,Mendoza
Chevrolet,S 10,2008,210900,14000.0,USD,La Plata,Buenos Aires
Chevrolet,Onix Joy,2018,119000,13000000.0,ARS,Tres Isletas,Chaco
Peugeot,307,2005,107000,11000000.0,ARS,Colegiales,Ciudad Autónoma Buenos Aires
Ford,Focus,2007,192000,7500000.0,ARS,Guaymallén,Mendoza
Mercedes,Axor,1973,200000,36000.0,USD,Ituzaingo,Buenos Aires (A.M.B.A.)
Peugeot,2008,2018,76500,13000.0,USD,Neuquén,Neuquén
Toyota,Yaris,2018,79000,21500000.0,ARS,San Miguel de Tucumán,Tucumán
Chevrolet,Classic,2011,116000,6990000.0,ARS,Villa Urquiza,Ciudad Autónoma Buenos Aires
Ford,EcoSport,2017,67000,19945000.0,ARS,Balvanera,Ciudad Autónoma Buenos Aires
Peugeot,208,2019,52000,10000000.0,ARS,Caballito,Ciudad Autónoma Buenos Aires
Subaru,XV,2018,175000,23500.0,USD,Martinez,Buenos Aires (A.M.B.A.)
Jeep,Renegade,2020,186000,30000000.0,ARS,Santa Rosa,La Pampa
Renault,Master,2024,30000,46000000.0,ARS,25 de Mayo,Buenos Aires
Renault,Clio,2011,153000,6500.0,USD,La Plata,Buenos Aires
Volvo,C30,2012,130000,12000.0,USD,Venado Tuerto,Santa Fe
Chery,Tiggo,2010,165000,10500000.0,ARS,Del Viso,Buenos Aires (A.M.B.A.)
Nissan,Versa,2018,90000,17000000.0,ARS,Maipu,Mendoza
Peugeot,2008,2018,130000,18500000.0,ARS,San Fernando,Buenos Aires (A.M.B.A.)
FIAT,Cronos,2021,41922,19421000.0,ARS,Villa Crespo,Ciudad Autónoma Buenos Aires
Volkswagen,Golf,2016,169000,16280.0,USD,Vicente Lopez,Buenos Aires (A.M.B.A.)
FIAT,Cronos,2020,80000,18000000.0,ARS,Bermejo,Mendoza
Ford,Fiesta Kinetic,2011,133000,10500.0,USD,La Plata,Buenos Aires
Ford,S-Max,2013,138500,11500.0,USD,Monte Castro,Ciudad Autónoma Buenos Aires
FIAT,Punto,2008,290000,9000000.0,ARS,Guaymallén,Mendoza
Chevrolet,S 10,2019,135000,29000000.0,ARS,Glew,Buenos Aires (A.M.B.A.)
Chevrolet,Onix,2019,92000,18000000.0,ARS,Plaza Huincul,Neuquén
RAM,1500,2015,78000,35900.0,USD,Villa Martelli,Buenos Aires (A.M.B.A.)
Volkswagen,Virtus,2021,50000,23200000.0,ARS,Bahía Blanca,Buenos Aires
Ford,Focus Sedán,2016,110000,12000.0,USD,Villa Ballester,Buenos Aires (A.M.B.A.)
Peugeot,408,2012,180000,10900000.0,ARS,Villa Carlos Paz,Córdoba
Toyota,SW4,1999,370000,18000000.0,ARS,San Carlos de Bariloche,Río Negro
Chevrolet,Tracker,2013,112000,10500.0,USD,La Plata,Buenos Aires
Peugeot,Partner,2020,127000,19500000.0,ARS,Villa Madero,Buenos Aires (A.M.B.A.)
Peugeot,2008,2022,37000,15500000.0,ARS,Caballito,Ciudad Autónoma Buenos Aires
Peugeot,208,2022,30000,17500000.0,ARS,Palermo,Ciudad Autónoma Buenos Aires
Volkswagen,Polo,2022,42000,24000000.0,ARS,Nuñez,Ciudad Autónoma Buenos Aires
Renault,Logan,2011,250000,8500000.0,ARS,Florida,Buenos Aires (A.M.B.A.)
Peugeot,208,2016,38700,15000.0,USD,Caballito,Ciudad Autónoma Buenos Aires
Chevrolet,Onix,2020,58000,18500000.0,ARS,José C. Paz,Buenos Aires (A.M.B.A.)
Chevrolet,Tracker,2020,75000,20800.0,USD,Vicente Lopez,Buenos Aires (A.M.B.A.)
Ford,F-100,1966,500000,5000.0,USD,La Plata,Buenos Aires
Citroën,C4 Cactus,2022,58000,18800.0,USD,Vicente Lopez,Buenos Aires (A.M.B.A.)
Honda,HR-V,2020,76000,22900.0,USD,San Isidro,Buenos Aires (A.M.B.A.)
Volkswagen,up!,2019,99000,11000.0,USD,Caballito,Ciudad Autónoma Buenos Aires
Toyota,Corolla Cross,2021,53000,30800.0,USD,Vicente Lopez,Buenos Aires (A.M.B.A.)
Toyota,Hilux,2017,267000,26000.0,USD,Olavarría,Buenos Aires
Volkswagen,Gol Trend,2020,83500,12500.0,USD,Adrogue,Buenos Aires (A.M.B.A.)
Volkswagen,Suran,2017,192000,16000000.0,ARS,San Miguel,Buenos Aires (A.M.B.A.)
Renault,Sandero,2023,3300,21700000.0,ARS,Lanus,Buenos Aires (A.M.B.A.)
Volkswagen,Fox,2016,89500,14500000.0,ARS,Isidro Casanova,Buenos Aires (A.M.B.A.)
Volkswagen,Virtus,2022,26000,27000000.0,ARS,Cipolletti,Río Negro
Toyota,Corolla,2019,83000,20000.0,USD,Ramos Mejia,Buenos Aires (A.M.B.A.)
Toyota,Corolla,2017,179000,14800.0,USD,Vicente Lopez,Buenos Aires (A.M.B.A.)
Chevrolet,Cruze,2014,143000,13500000.0,ARS,Maximo Paz,Buenos Aires
Peugeot,208,2016,123000,17000000.0,ARS,Banfield,Buenos Aires (A.M.B.A.)
FIAT,128,1986,27000,5000000.0,ARS,Bernal,Buenos Aires (A.M.B.A.)
Honda,Fit,2013,161800,12000.0,USD,La Plata,Buenos Aires
Ford,Ka +,2019,50000,14500.0,USD,Tigre,Buenos Aires (A.M.B.A.)
FIAT,Cronos,2024,18500,21500000.0,ARS,Villa Urquiza,Ciudad Autónoma Buenos Aires
Volkswagen,Polo,2005,33000,6200.0,USD,Tapiales,Buenos Aires (A.M.B.A.)
Volkswagen,Gol Trend,2017,86500,15000000.0,ARS,Boedo,Ciudad Autónoma Buenos Aires
Nissan,Tiida,2011,168000,8000.0,USD,Puerto Iguazú,Misiones
Nissan,NP 300 Frontier,2012,74000,15500000.0,ARS,Santa Rosa,La Pampa
Volkswagen,Tiguan,2022,100000,44000000.0,ARS,Goya,Corrientes
Jeep,Renegade,2018,109000,26000000.0,ARS,Maipu,Mendoza
Ford,EcoSport,2008,250000,8200000.0,ARS,Totoras,Santa Fe
Mercedes,Clase A Hatchback,2017,72000,30000.0,USD,General Pico,La Pampa
Jeep,Renegade,2017,178000,15800.0,USD,Vicente Lopez,Buenos Aires (A.M.B.A.)
FIAT,Linea,2009,301000,3152000.0,ARS,Ituzaingo,Corrientes
Volkswagen,Suran,2012,130000,12000000.0,ARS,Martin Coronado,Buenos Aires (A.M.B.A.)
Volkswagen,Golf,2021,109000,18500000.0,ARS,Neuquén,Neuquén
Peugeot,308,2021,44000,18800.0,USD,Vicente Lopez,Buenos Aires (A.M.B.A.)
Peugeot,2008,2019,38500,16000000.0,ARS,San Miguel de Tucumán,Tucumán
Peugeot,3008 SUV,2018,110000,26500.0,USD,Caballito,Ciudad Autónoma Buenos Aires
Citroën,C4 Lounge,2015,132000,13800000.0,ARS,Lomas De Zamora,Buenos Aires (A.M.B.A.)
Nissan,Kicks,2020,41500,26500000.0,ARS,Caballito,Ciudad Autónoma Buenos Aires
Ford,Fiesta Kinetic,2011,185000,11000000.0,ARS,Maipu,Mendoza
Volkswagen,Gol Trend,2017,84000,16500.0,USD,Mar del Plata,Buenos Aires
Volkswagen,Gol Trend,2011,117000,12000.0,USD,Godoy Cruz,Mendoza
Ford,Ranger,2019,100000,37000000.0,ARS,Rosario,Santa Fe
Jeep,Renegade,2023,9100,24000.0,USD,Caballito,Ciudad Autónoma Buenos Aires
Ford,F-4000,2017,200000,10000000.0,ARS,Rosario,Santa Fe
Volkswagen,Gol Country,2005,176000,5500000.0,ARS,Pilar,Buenos Aires (A.M.B.A.)
Nissan,Versa,2019,73000,12500.0,USD,Quilmes,Buenos Aires (A.M.B.A.)
Ford,Ka,2018,102000,13800.0,USD,Vicente Lopez,Buenos Aires (A.M.B.A.)
Toyota,Etios Sedán,2022,67200,18000000.0,ARS,La Plata,Buenos Aires
BMW,Serie 3 Sedán,2014,149000,24800.0,USD,Vicente Lopez,Buenos Aires (A.M.B.A.)
Peugeot,3008,2021,65000,36899000.0,ARS,Córdoba,Córdoba
Ford,Ranger,2023,57000,44129800.0,ARS,Campana,Buenos Aires
Volkswagen,Amarok,2022,56000,44000.0,USD,La Calera,Córdoba
Audi,Q3,2021,80000,44000.0,USD,Belgrano,Ciudad Autónoma Buenos Aires
Renault,Kwid,2018,90000,11280.0,USD,Vicente Lopez,Buenos Aires (A.M.B.A.)
Toyota,Hilux,2019,100000,36000000.0,ARS,Rosario,Santa Fe
Peugeot,207 Compact,2015,119000,11000000.0,ARS,Ciudad Evita,Buenos Aires (A.M.B.A.)
Peugeot,208,2015,55000,13800.0,USD,Vicente Lopez,Buenos Aires (A.M.B.A.)
Nissan,NP 300 Frontier,2018,170000,33000000.0,ARS,Neuquén,Neuquén
FIAT,500X,2019,115000,16800.0,USD,General Cabrera,Córdoba
Toyota,Hilux,2019,96500,39000000.0,ARS,Concepción,Tucumán
Renault,19,1993,188000,4500000.0,ARS,Buena Nueva,Mendoza
Hyundai,Tucson,2013,136000,18500.0,USD,Parana,Entre Ríos
Ford,Ka +,2018,150000,14000000.0,ARS,Barranqueras,Chaco
Chevrolet,Cruze,2016,100000,16800.0,USD,Vicente Lopez,Buenos Aires (A.M.B.A.)
Peugeot,208,2018,55000,22500000.0,ARS,Flores,Ciudad Autónoma Buenos Aires
Renault,Clio,2014,98000,9000.0,USD,Vicente Lopez,Buenos Aires (A.M.B.A.)
Renault,Mégane II,2008,142000,11000000.0,ARS,San Luis,San Luis
Volkswagen,Golf Variant,2017,122000,24500000.0,ARS,Vicente Lopez,Buenos Aires (A.M.B.A.)
Peugeot,308,2014,200000,12000000.0,ARS,San Miguel,Buenos Aires (A.M.B.A.)
Ford,Focus Sedán,2017,108000,17000000.0,ARS,Resistencia,Chaco
Renault,Sandero,2011,77200,10489999.0,ARS,Boedo,Ciudad Autónoma Buenos Aires
Chevrolet,Spin,2017,165000,13800.0,USD,Vicente Lopez,Buenos Aires (A.M.B.A.)
Volkswagen,Suran,2010,156000,7700.0,USD,Villa Del Parque,Ciudad Autónoma Buenos Aires
Chery,Tiggo 3,2017,93000,14800.0,USD,Vicente Lopez,Buenos Aires (A.M.B.A.)
Peugeot,Partner Patagónica,2014,180000,12000.0,USD,San Luis,San Luis
Toyota,Etios Sedán,2015,140000,12500000.0,ARS,Córdoba,Córdoba
Ford,Ranger,2017,110000,24500000.0,ARS,Tigre,Buenos Aires (A.M.B.A.)
Peugeot,207 Compact,2010,144000,8999000.0,ARS,La Plata,Buenos Aires
Ford,Fiesta Kinetic,2014,135000,11800.0,USD,Vicente Lopez,Buenos Aires (A.M.B.A.)
FIAT,Strada Adventure,2011,166000,11500000.0,ARS,Posadas,Misiones
Volkswagen,up!,2015,152000,11000.0,USD,Luján,Buenos Aires
Ford,Ranger,2006,239500,17800000.0,ARS,Quilmes,Buenos Aires (A.M.B.A.)
Ford,Ranger,2023,30000,38900000.0,ARS,Almagro,Ciudad Autónoma Buenos Aires
Renault,Clio Mío,2014,240000,9000000.0,ARS,Moreno,Buenos Aires (A.M.B.A.)
FIAT,Cronos,2022,92000,21500000.0,ARS,Córdoba,Córdoba
Peugeot,Partner,2025,15,6000000.0,ARS,Caballito,Ciudad Autónoma Buenos Aires
Volkswagen,Amarok,2020,77000,39000000.0,ARS,Córdoba,Córdoba
Ford,Ka,2013,168000,9000000.0,ARS,Trenque Lauquen,Buenos Aires
Volkswagen,Voyage,2015,175000,14500000.0,ARS,Villa Urquiza,Ciudad Autónoma Buenos Aires
FIAT,Cronos,2023,25100,20990000.0,ARS,Versalles,Ciudad Autónoma Buenos Aires
Peugeot,Partner,2016,205000,14000000.0,ARS,Nueva Pompeya,Ciudad Autónoma Buenos Aires
Volkswagen,up!,2014,150667,11500000.0,ARS,Escobar,Buenos Aires (A.M.B.A.)
Suzuki,Fun,2008,137000,8000000.0,ARS,Guaymallén,Mendoza
Toyota,Etios Hatchback,2018,44700,21500000.0,ARS,Palermo,Ciudad Autónoma Buenos Aires
FIAT,Strada Adventure,2011,280,11500000.0,ARS,Godoy Cruz,Mendoza
Volkswagen,Gol,2007,168000,7000000.0,ARS,Temperley,Buenos Aires (A.M.B.A.)
Renault,Sandero Stepway,2018,98000,16000000.0,ARS,San Luis,San Luis
FIAT,Bravo,2012,91000,12500.0,USD,Córdoba,Córdoba
Toyota,Etios Sedán,2019,108000,19500000.0,ARS,Posadas,Misiones
Mitsubishi,Montero,2000,395000,13000.0,USD,Anisacate,Córdoba
Volkswagen,Fox,2010,166000,11500000.0,ARS,Federacion,Entre Ríos
FIAT,Siena,2014,168000,11000000.0,ARS,Río Cuarto,Córdoba
Volkswagen,Fox,2016,94000,15500000.0,ARS,Córdoba,Córdoba
Chevrolet,Onix Joy,2021,69900,18500000.0,ARS,Turdera,Buenos Aires (A.M.B.A.)
Peugeot,208,2022,36000,24000000.0,ARS,Flores,Ciudad Autónoma Buenos Aires
Chevrolet,Cruze,2016,100200,18000000.0,ARS,Ringuelet,Buenos Aires
Volkswagen,Suran,2016,169000,12800.0,USD,Vicente Lopez,Buenos Aires (A.M.B.A.)
FIAT,Argo,2018,107000,14500000.0,ARS,Lujan de Cuyo,Mendoza
Hyundai,Genesis Coupé,2010,114000,18000.0,USD,Alcorta,Santa Fe
Chevrolet,S 10,2007,330,13000000.0,ARS,Godoy Cruz,Mendoza
Volkswagen,up!,2018,78000,16600000.0,ARS,Córdoba,Córdoba
Citroën,C4 Spacetourer,2018,78000,19000.0,USD,San Fernando,Buenos Aires (A.M.B.A.)
Ford,Ka,2017,122300,15000000.0,ARS,San Miguel de Tucumán,Tucumán
Toyota,Etios Hatchback,2023,45600,24000000.0,ARS,Balcarce,Buenos Aires
Renault,Clio Mío,2014,87500,11500000.0,ARS,Neuquén,Neuquén
Peugeot,207 Compact,2016,150000,12000000.0,ARS,Godoy Cruz,Mendoza
Mercedes,Clase B,2012,133000,10500.0,USD,Parque Chacabuco,Ciudad Autónoma Buenos Aires
Volkswagen,Amarok,2023,11600,31000.0,USD,Comodoro Rivadavia,Chubut
Honda,HR-V,2019,126000,240000.0,USD,Bahía Blanca,Buenos Aires
Peugeot,2008,2023,43000,15000000.0,ARS,Caballito,Ciudad Autónoma Buenos Aires
Nissan,March,2015,110000,15000000.0,ARS,Palermo,Ciudad Autónoma Buenos Aires
Ford,Focus Exe,2010,230000,9800000.0,ARS,Ciudad De San Martin,Mendoza
FIAT,Palio Fire,2016,89000,9900.0,USD,Monte Castro,Ciudad Autónoma Buenos Aires
Volkswagen,Tiguan,2019,100177,36900000.0,ARS,San Francisco,Córdoba
Volkswagen,Voyage,2014,145300,12500000.0,ARS,La Paternal,Ciudad Autónoma Buenos Aires
Toyota,Hilux,2017,130000,29500000.0,ARS,Resistencia,Chaco
Volkswagen,Gol Trend,2015,98000,10000.0,USD,Santa Fe,Santa Fe
Peugeot,Partner,2023,51500,23000000.0,ARS,Aimogasta,La Rioja
Ford,Ka +,2019,76000,16999986.0,ARS,Rosario,Santa Fe
Volkswagen,Amarok,2016,175000,27000.0,USD,Lago Puelo,Chubut
Volkswagen,Suran,2012,16000,11500000.0,ARS,Chilecito,La Rioja
BMW,Serie 3 Sedán,2010,169000,16800000.0,ARS,Carrodilla,Mendoza
Peugeot,207 Compact,2013,90000,10000000.0,ARS,San Miguel de Tucumán,Tucumán
Ford,EcoSport,2017,126000,18700000.0,ARS,Neuquén,Neuquén
Peugeot,207 Compact,2012,239000,9200000.0,ARS,Guaymallén,Mendoza
FIAT,Siena,2015,130700,11700000.0,ARS,Santa Fe,Santa Fe
Volkswagen,Amarok,2023,30000,38000.0,USD,Tortuguitas,Buenos Aires (A.M.B.A.)
Ford,EcoSport,2019,122000,23000000.0,ARS,Bahía Blanca,Buenos Aires
Suzuki,Fun,2007,187000,6800000.0,ARS,Córdoba,Córdoba
Jeep,Grand Cherokee,2017,156000,38500.0,USD,San Antonio De Areco,Buenos Aires
Ford,Focus Exe,2012,215000,11000000.0,ARS,Santa Fe,Santa Fe
FIAT,Palio,2017,100000,11000000.0,ARS,Mataderos,Ciudad Autónoma Buenos Aires
Ford,Ranger,2023,70000,42000000.0,ARS,Guaymallén,Mendoza
Chevrolet,Classic,2010,202000,8500000.0,ARS,Mendoza,Mendoza
BMW,Serie 1,2016,88000,24200.0,USD,Mendoza,Mendoza
Renault,Clio,2009,155000,9000000.0,ARS,Maipu,Mendoza
Peugeot,2008,2017,124000,16000000.0,ARS,Rio Grande,Tierra del Fuego
Toyota,Hilux,2015,145000,25000.0,USD,San Nicolás de los Arroyos,Buenos Aires
Ford,Fiesta Kinetic,2017,81000,16800000.0,ARS,Crespo,Entre Ríos
FIAT,Strada Adventure,2017,230000,14500000.0,ARS,Candelaria,Misiones
Renault,Logan,2013,170000,8900000.0,ARS,Chacarita,Ciudad Autónoma Buenos Aires
Volkswagen,Suran,2018,67004,16000000.0,ARS,Flores,Ciudad Autónoma Buenos Aires
Ford,Ka,2017,93000,17499000.0,ARS,Córdoba,Córdoba
Renault,Clio,2012,240000,10000000.0,ARS,Alta Gracia,Córdoba
Chevrolet,Prisma Joy,2018,124000,15500000.0,ARS,Bahía Blanca,Buenos Aires
FIAT,Strada,2004,250000,5200000.0,ARS,Moreno,Buenos Aires (A.M.B.A.)
Toyota,Hilux,2013,192000,29500000.0,ARS,Achiras,Córdoba
Volkswagen,Polo,2017,106000,16200000.0,ARS,San Francisco,Córdoba
Ford,EcoSport,2014,172000,14000000.0,ARS,Resistencia,Chaco
Audi,A1 Sportback,2013,120000,15500.0,USD,Córdoba,Córdoba
Volkswagen,Suran,2017,58700,17600000.0,ARS,Goya,Corrientes
Peugeot,Partner Patagónica,2015,233999,14500000.0,ARS,San Luis,San Luis
Peugeot,208,2024,30,13000000.0,ARS,Caballito,Ciudad Autónoma Buenos Aires
Peugeot,207 Compact,2013,149000,8900000.0,ARS,Presidente Derqui,Buenos Aires (A.M.B.A.)
Volkswagen,Amarok,2016,169000,20000.0,USD,San Antonio De Areco,Buenos Aires
Chevrolet,Cruze,2019,75000,20500000.0,ARS,Mendoza,Mendoza
Chevrolet,Classic,2015,150000,9500000.0,ARS,Flores,Ciudad Autónoma Buenos Aires
Ford,EcoSport,2012,140000,11000000.0,ARS,Rio Gallegos,Santa Cruz
Citroën,C4 Lounge,2014,168000,12000000.0,ARS,Neuquén,Neuquén
Renault,Clio,2010,255000,7500000.0,ARS,General Fernández Oro,Río Negro
Volkswagen,Amarok,2024,10000,41000000.0,ARS,Córdoba,Córdoba
Volkswagen,Bora,2011,231000,8000.0,USD,Castelar,Buenos Aires (A.M.B.A.)
Peugeot,2008,2018,92000,17000000.0,ARS,Quilmes,Buenos Aires (A.M.B.A.)
Volkswagen,Amarok,2019,127100,23400.0,USD,Bahía Blanca,Buenos Aires
Audi,A3 Sedán,2017,97000,25000.0,USD,Posadas,Misiones
Peugeot,207 Compact,2010,121000,6000.0,USD,Ensenada,Buenos Aires
Renault,Master,2008,400000,17000000.0,ARS,Las Heras,Mendoza
Renault,Clio,2009,150000,9000000.0,ARS,Maipu,Mendoza
Chery,Tiggo 3,2018,105000,16500000.0,ARS,San Lorenzo,Santa Fe
Peugeot,Partner,2004,260000,8800000.0,ARS,San Luis,San Luis
Volkswagen,Fox,2017,83900,16000000.0,ARS,Eldorado,Misiones
Ford,EcoSport,2017,136000,11900.0,USD,Barracas,Ciudad Autónoma Buenos Aires
Renault,Kangoo,2012,191000,9800000.0,ARS,Pehuajó,Buenos Aires
Peugeot,308,2014,56000,12000.0,USD,Florencio Varela,Buenos Aires (A.M.B.A.)
Renault,Duster Oroch,2016,96500,19500000.0,ARS,Castelar,Buenos Aires (A.M.B.A.)
FIAT,Idea,2015,82300,12000000.0,ARS,Córdoba,Córdoba
Volkswagen,Amarok,2017,173000,32899000.0,ARS,Córdoba,Córdoba
FIAT,Linea,2011,180000,9000.0,USD,Córdoba,Córdoba
Ford,Ranger,2018,110000,22500000.0,ARS,Rosario,Santa Fe
Peugeot,208,2022,35000,19500000.0,ARS,Berisso,Buenos Aires
Ford,Escort,1997,230000,3000000.0,ARS,Luján,Buenos Aires
Volkswagen,up!,2017,105000,15000000.0,ARS,Salta,Salta
Ford,Focus,2013,200314,13000.0,USD,Monte Grande,Buenos Aires (A.M.B.A.)
Toyota,SW4,2019,170000,54000000.0,ARS,San Francisco,Córdoba
Ford,Focus,2017,123000,19000000.0,ARS,Neuquén,Neuquén
Renault,Clio Mío,2013,120000,10500000.0,ARS,Pilar,Buenos Aires (A.M.B.A.)
Honda,HR-V,2020,154100,20000.0,USD,Parana,Entre Ríos
Ford,EcoSport,2016,82000,11000.0,USD,Flores,Ciudad Autónoma Buenos Aires
Peugeot,207 Compact,2014,68200,11400000.0,ARS,Dorrego,Mendoza
Chevrolet,Prisma,2019,150000,12000.0,USD,Santa Fe,Santa Fe
Peugeot,408,2015,91000,13900000.0,ARS,Pilar,Buenos Aires (A.M.B.A.)
Peugeot,207 Compact,2012,198000,8900000.0,ARS,Quilmes,Buenos Aires (A.M.B.A.)
Volkswagen,Voyage,2009,22000,8500000.0,ARS,Temperley,Buenos Aires (A.M.B.A.)
Ford,EcoSport,2014,76000,15500000.0,ARS,Córdoba,Córdoba
Ford,EcoSport,2015,148000,16500000.0,ARS,Palermo,Ciudad Autónoma Buenos Aires
Toyota,Yaris,2017,144000,19500000.0,ARS,Achiras,Córdoba
FIAT,Cronos,2022,35000,22500000.0,ARS,Haedo,Buenos Aires (A.M.B.A.)
FIAT,Cronos,2022,55000,21000000.0,ARS,Almagro,Ciudad Autónoma Buenos Aires
Peugeot,Boxer,2011,300000,20000.0,USD,Monte Grande,Buenos Aires (A.M.B.A.)
Renault,Clio Mío,2014,98000,9000.0,USD,Vicente Lopez,Buenos Aires (A.M.B.A.)
Volkswagen,Gol Trend,2017,74600,13000.0,USD,City Bell,Buenos Aires (A.M.B.A.)
Chevrolet,Celta,2012,134000,7800000.0,ARS,Guaymallén,Mendoza
FIAT,Siena,2014,143000,6500.0,USD,Villa Urquiza,Ciudad Autónoma Buenos Aires
Ford,Ka,2017,30800,13900.0,USD,Colegiales,Ciudad Autónoma Buenos Aires
Volkswagen,Gol Trend,2015,155000,12500000.0,ARS,Maipu,Mendoza
Peugeot,207,2013,160000,8000000.0,ARS,Rio Gallegos,Santa Cruz
Ford,Territory,2025,969,39500.0,USD,Rosario,Santa Fe
Ford,Ka,2016,118000,13000000.0,ARS,La Tablada,Buenos Aires (A.M.B.A.)
Chevrolet,Onix,2016,80000,15700000.0,ARS,San Martin,Buenos Aires (A.M.B.A.)
Peugeot,208,2020,69000,23000000.0,ARS,Zapala,Neuquén
Renault,Duster,2014,250000,15000000.0,ARS,Darwin,Río Negro
Peugeot,2008,2018,73500,18500000.0,ARS,City Bell,Buenos Aires
Chevrolet,Onix,2018,100000,16000000.0,ARS,San Francisco,Córdoba
Jeep,Renegade,2021,57000,20000.0,USD,Colón,Entre Ríos
Ford,Focus,2012,139451,11990000.0,ARS,Agronomía,Ciudad Autónoma Buenos Aires
Citroën,C4 Lounge,2018,110000,17000000.0,ARS,Rosario,Santa Fe
Citroën,Berlingo Multispace,2018,113000,20000000.0,ARS,Villa Real,Ciudad Autónoma Buenos Aires
Toyota,Etios Hatchback,2020,74500,16800.0,USD,San Lorenzo,Santa Fe
Volkswagen,Voyage,2014,165000,11800000.0,ARS,Río Cuarto,Córdoba
Chevrolet,Celta,2013,107000,9300000.0,ARS,Córdoba,Córdoba
Honda,Civic,1994,243000,7500.0,USD,Berazategui Oeste,Buenos Aires (A.M.B.A.)
Peugeot,308,2018,146000,16400000.0,ARS,1a. Seccion,Mendoza
Peugeot,208,2018,88000,15490000.0,ARS,Posadas,Misiones
Ford,Ranger,2014,400000,20500000.0,ARS,San Rafael,Mendoza
Peugeot,208,2013,118000,13000.0,USD,Martin Coronado,Buenos Aires (A.M.B.A.)
Toyota,Corolla Cross Hybrid,2024,32300,34600.0,USD,Parana,Entre Ríos
Ford,Ka,2017,88000,11500.0,USD,San Miguel,Buenos Aires (A.M.B.A.)
JAC,S7,2020,80000,24000.0,USD,Caballito,Ciudad Autónoma Buenos Aires
Chevrolet,Corsa,1999,120000,3800000.0,ARS,Bustinza,Santa Fe
Ford,Fiesta Kinetic,2011,150000,12000000.0,ARS,Río Cuarto,Córdoba
Volkswagen,Amarok,2024,40000,50000000.0,ARS,Liniers,Ciudad Autónoma Buenos Aires
FIAT,Grand Siena,2014,360000,9000000.0,ARS,Mataderos,Ciudad Autónoma Buenos Aires
Ford,Ranger,2020,102000,29300000.0,ARS,Chacarita,Ciudad Autónoma Buenos Aires
Toyota,Corolla,2016,104000,18000000.0,ARS,Santa Fe,Santa Fe
Chevrolet,Celta,2013,63500,8500.0,USD,Coghlan,Ciudad Autónoma Buenos Aires
FIAT,Uno,2015,230000,9800000.0,ARS,Villa Rumipal,Córdoba
Volkswagen,Bora,2009,238000,12899000.0,ARS,Córdoba,Córdoba
Citroën,C3,2010,161500,8100000.0,ARS,Córdoba,Córdoba
Nissan,Kicks,2018,110000,23500000.0,ARS,Palermo,Ciudad Autónoma Buenos Aires
Toyota,Corolla,2022,80000,25000.0,USD,Rio Grande,Tierra del Fuego
Toyota,Corolla,2020,60000,35000000.0,ARS,Río Cuarto,Córdoba
Ford,EcoSport,2009,134000,11000000.0,ARS,Villa Constitución,Santa Fe
Ford,Ka,2008,240000,6000.0,USD,General Rodrguez,Buenos Aires
Volkswagen,Amarok,2024,10200,50000000.0,ARS,Barranqueras,Chaco
Renault,Sandero,2013,128000,14899000.0,ARS,Córdoba,Córdoba
FIAT,Palio Weekend,2013,127000,12000000.0,ARS,Lanus,Buenos Aires (A.M.B.A.)
Peugeot,208,2019,69000,10000000.0,ARS,Villa Urquiza,Ciudad Autónoma Buenos Aires
Ford,Focus,2017,117000,15700.0,USD,City Bell,Buenos Aires
Toyota,Yaris,2022,42890,25000000.0,ARS,La Consulta,Mendoza
Citroën,C3 Aircross,2013,135000,12500000.0,ARS,Banfield,Buenos Aires (A.M.B.A.)
Ford,Mustang,1966,36100,10000.0,USD,Barrio Belgrano,Buenos Aires
Toyota,Etios Hatchback,2017,64000,18000000.0,ARS,Resistencia,Chaco
Dodge,Journey,2012,235000,10000.0,USD,Parque Chacabuco,Ciudad Autónoma Buenos Aires
Peugeot,208,2018,71000,15300.0,USD,Olivos,Buenos Aires (A.M.B.A.)
Peugeot,208,2021,27000,12000000.0,ARS,Caballito,Ciudad Autónoma Buenos Aires
